-- Generated by Craft v2.3.2625 on Jan 14, 2015 11:17:07 PM.

--
-- Disable foreign key checks and autocommit.
--

SET FOREIGN_KEY_CHECKS = 0;
SET SQL_MODE = "NO_AUTO_VALUE_ON_ZERO";
SET AUTOCOMMIT = 0;
SET NAMES utf8;


DROP TABLE IF EXISTS `craft_assetfiles`;


--
-- Schema for table `craft_assetfiles`
--
CREATE TABLE `craft_assetfiles` (
  `id` int(11) NOT NULL,
  `sourceId` int(11) DEFAULT NULL,
  `folderId` int(11) NOT NULL,
  `filename` varchar(255) COLLATE utf8_unicode_ci NOT NULL,
  `kind` varchar(50) COLLATE utf8_unicode_ci NOT NULL DEFAULT 'unknown',
  `width` smallint(6) unsigned DEFAULT NULL,
  `height` smallint(6) unsigned DEFAULT NULL,
  `size` int(11) unsigned DEFAULT NULL,
  `dateModified` datetime DEFAULT NULL,
  `dateCreated` datetime NOT NULL,
  `dateUpdated` datetime NOT NULL,
  `uid` char(36) COLLATE utf8_unicode_ci NOT NULL DEFAULT '0',
  PRIMARY KEY (`id`),
  UNIQUE KEY `craft_assetfiles_filename_folderId_unq_idx` (`filename`,`folderId`),
  KEY `craft_assetfiles_sourceId_fk` (`sourceId`),
  KEY `craft_assetfiles_folderId_fk` (`folderId`)
) ENGINE=InnoDB DEFAULT CHARSET=utf8 COLLATE=utf8_unicode_ci;

--
-- Data for table `craft_assetfiles`
--

INSERT INTO `craft_assetfiles` (`id`, `sourceId`, `folderId`, `filename`, `kind`, `width`, `height`, `size`, `dateModified`, `dateCreated`, `dateUpdated`, `uid`) VALUES ('5', '1', '1', 'philosophy-image.jpg', 'image', '335', '494', '86712', '2015-01-12 18:58:52', '2015-01-12 18:58:53', '2015-01-12 18:58:53', '572feb6f-8562-456b-b1ca-d7452c86c576');
INSERT INTO `craft_assetfiles` (`id`, `sourceId`, `folderId`, `filename`, `kind`, `width`, `height`, `size`, `dateModified`, `dateCreated`, `dateUpdated`, `uid`) VALUES ('7', '2', '2', 'philosophy-banner.jpg', 'image', '1440', '482', '118936', '2015-01-12 19:02:01', '2015-01-12 19:02:01', '2015-01-12 19:02:01', '2bfbe8b2-6a41-4fe2-ae07-fcc61c4062da');
INSERT INTO `craft_assetfiles` (`id`, `sourceId`, `folderId`, `filename`, `kind`, `width`, `height`, `size`, `dateModified`, `dateCreated`, `dateUpdated`, `uid`) VALUES ('11', '3', '3', 'gigio-bottle.png', 'image', '195', '742', '177345', '2015-01-12 22:25:42', '2015-01-12 22:25:42', '2015-01-12 22:25:42', '2d8e79c6-1b4d-4e24-9ed2-6144c88e8a4b');
INSERT INTO `craft_assetfiles` (`id`, `sourceId`, `folderId`, `filename`, `kind`, `width`, `height`, `size`, `dateModified`, `dateCreated`, `dateUpdated`, `uid`) VALUES ('12', '3', '3', 'gigio-art.jpg', 'image', '170', '288', '16882', '2015-01-12 22:27:01', '2015-01-12 22:27:01', '2015-01-12 22:27:01', 'a563f78b-5663-4a39-9b13-a53efa5ea262');
INSERT INTO `craft_assetfiles` (`id`, `sourceId`, `folderId`, `filename`, `kind`, `width`, `height`, `size`, `dateModified`, `dateCreated`, `dateUpdated`, `uid`) VALUES ('15', '3', '3', 'gigetto-art.jpg', 'image', '170', '289', '19557', '2015-01-12 23:30:08', '2015-01-12 23:30:09', '2015-01-12 23:30:09', '1299b062-e8b0-464a-9b41-e9434726bc0a');
INSERT INTO `craft_assetfiles` (`id`, `sourceId`, `folderId`, `filename`, `kind`, `width`, `height`, `size`, `dateModified`, `dateCreated`, `dateUpdated`, `uid`) VALUES ('18', '3', '3', 'gigeno-art.jpg', 'image', '170', '289', '19794', '2015-01-12 23:36:16', '2015-01-12 23:36:16', '2015-01-12 23:36:16', '6e72bac1-6131-4df3-9072-453b02f38f5d');
INSERT INTO `craft_assetfiles` (`id`, `sourceId`, `folderId`, `filename`, `kind`, `width`, `height`, `size`, `dateModified`, `dateCreated`, `dateUpdated`, `uid`) VALUES ('21', '3', '3', 'pinko-pallino-art.jpg', 'image', '170', '288', '21203', '2015-01-12 23:37:08', '2015-01-12 23:37:08', '2015-01-12 23:37:08', 'a4e24d59-ef46-48f4-9123-3a5b5348b45b');
INSERT INTO `craft_assetfiles` (`id`, `sourceId`, `folderId`, `filename`, `kind`, `width`, `height`, `size`, `dateModified`, `dateCreated`, `dateUpdated`, `uid`) VALUES ('24', '3', '3', 'paonazzo-art.jpg', 'image', '165', '288', '20370', '2015-01-13 00:33:13', '2015-01-12 23:38:05', '2015-01-13 00:33:17', '0f800e37-969b-441a-945a-47a956fbda3d');
INSERT INTO `craft_assetfiles` (`id`, `sourceId`, `folderId`, `filename`, `kind`, `width`, `height`, `size`, `dateModified`, `dateCreated`, `dateUpdated`, `uid`) VALUES ('26', '2', '2', 'Slide1.gif', 'image', '1448', '770', '43850', '2015-01-13 03:11:46', '2015-01-13 03:11:46', '2015-01-13 03:11:46', 'fff2fadb-2a17-40e5-9fa0-700743d08586');
INSERT INTO `craft_assetfiles` (`id`, `sourceId`, `folderId`, `filename`, `kind`, `width`, `height`, `size`, `dateModified`, `dateCreated`, `dateUpdated`, `uid`) VALUES ('27', '2', '2', 'Slide2.gif', 'image', '1448', '770', '44754', '2015-01-13 03:12:00', '2015-01-13 03:12:00', '2015-01-13 03:12:00', '09627eb2-61e5-40bc-8711-585b3652e487');
INSERT INTO `craft_assetfiles` (`id`, `sourceId`, `folderId`, `filename`, `kind`, `width`, `height`, `size`, `dateModified`, `dateCreated`, `dateUpdated`, `uid`) VALUES ('28', '2', '2', 'Slide3.gif', 'image', '1448', '770', '46397', '2015-01-13 03:12:14', '2015-01-13 03:12:14', '2015-01-13 03:12:14', '7668c3af-5604-4597-bb54-e308142cacde');
INSERT INTO `craft_assetfiles` (`id`, `sourceId`, `folderId`, `filename`, `kind`, `width`, `height`, `size`, `dateModified`, `dateCreated`, `dateUpdated`, `uid`) VALUES ('33', '2', '2', 'about-banner.gif', 'image', '1440', '482', '28649', '2015-01-14 17:42:17', '2015-01-14 17:42:17', '2015-01-14 17:42:17', '49f4791b-5390-47c5-9a0e-82a1d72ebd5a');
INSERT INTO `craft_assetfiles` (`id`, `sourceId`, `folderId`, `filename`, `kind`, `width`, `height`, `size`, `dateModified`, `dateCreated`, `dateUpdated`, `uid`) VALUES ('34', '2', '2', 'contact-banner.gif', 'image', '1440', '482', '28020', '2015-01-14 17:42:17', '2015-01-14 17:42:17', '2015-01-14 17:42:17', '2fd94466-a55f-4867-aa42-315df3068b66');
INSERT INTO `craft_assetfiles` (`id`, `sourceId`, `folderId`, `filename`, `kind`, `width`, `height`, `size`, `dateModified`, `dateCreated`, `dateUpdated`, `uid`) VALUES ('35', '2', '2', 'olive-oil-banner.gif', 'image', '1440', '482', '27330', '2015-01-14 17:42:17', '2015-01-14 17:42:17', '2015-01-14 17:42:17', 'da47dfe9-2c28-4792-b78c-dafd8ef5529c');
INSERT INTO `craft_assetfiles` (`id`, `sourceId`, `folderId`, `filename`, `kind`, `width`, `height`, `size`, `dateModified`, `dateCreated`, `dateUpdated`, `uid`) VALUES ('37', '2', '2', 'vineyard-banner.gif', 'image', '1440', '482', '29141', '2015-01-14 17:42:18', '2015-01-14 17:42:18', '2015-01-14 17:42:18', 'd2577a96-b73a-4a78-aa5b-22941a5fc2a0');
INSERT INTO `craft_assetfiles` (`id`, `sourceId`, `folderId`, `filename`, `kind`, `width`, `height`, `size`, `dateModified`, `dateCreated`, `dateUpdated`, `uid`) VALUES ('38', '1', '1', 'about-page.gif', 'image', '334', '494', '9383', '2015-01-14 17:42:32', '2015-01-14 17:42:32', '2015-01-14 17:42:32', '985d0976-9532-4e5c-b7dc-da9ac939ce24');
INSERT INTO `craft_assetfiles` (`id`, `sourceId`, `folderId`, `filename`, `kind`, `width`, `height`, `size`, `dateModified`, `dateCreated`, `dateUpdated`, `uid`) VALUES ('39', '1', '1', 'contact-page.gif', 'image', '334', '494', '8979', '2015-01-14 17:42:32', '2015-01-14 17:42:32', '2015-01-14 17:42:32', '87fd271d-bbfc-4819-92f2-249146d4c37b');
INSERT INTO `craft_assetfiles` (`id`, `sourceId`, `folderId`, `filename`, `kind`, `width`, `height`, `size`, `dateModified`, `dateCreated`, `dateUpdated`, `uid`) VALUES ('40', '1', '1', 'olive-oil-page.gif', 'image', '334', '494', '8840', '2015-01-14 17:42:32', '2015-01-14 17:42:32', '2015-01-14 17:42:32', 'dd42f02d-646c-41f4-af74-86161ee99809');
INSERT INTO `craft_assetfiles` (`id`, `sourceId`, `folderId`, `filename`, `kind`, `width`, `height`, `size`, `dateModified`, `dateCreated`, `dateUpdated`, `uid`) VALUES ('41', '1', '1', 'vineyard-page.gif', 'image', '334', '494', '9606', '2015-01-14 17:42:32', '2015-01-14 17:42:32', '2015-01-14 17:42:32', 'c73e40a9-6cd2-498a-b8c5-4da64bfce918');



DROP TABLE IF EXISTS `craft_assetfolders`;


--
-- Schema for table `craft_assetfolders`
--
CREATE TABLE `craft_assetfolders` (
  `id` int(11) NOT NULL AUTO_INCREMENT,
  `parentId` int(11) DEFAULT NULL,
  `sourceId` int(11) DEFAULT NULL,
  `name` varchar(255) COLLATE utf8_unicode_ci NOT NULL,
  `path` varchar(255) COLLATE utf8_unicode_ci DEFAULT NULL,
  `dateCreated` datetime NOT NULL,
  `dateUpdated` datetime NOT NULL,
  `uid` char(36) COLLATE utf8_unicode_ci NOT NULL DEFAULT '0',
  PRIMARY KEY (`id`),
  UNIQUE KEY `craft_assetfolders_name_parentId_sourceId_unq_idx` (`name`,`parentId`,`sourceId`),
  KEY `craft_assetfolders_parentId_fk` (`parentId`),
  KEY `craft_assetfolders_sourceId_fk` (`sourceId`)
) ENGINE=InnoDB AUTO_INCREMENT=4 DEFAULT CHARSET=utf8 COLLATE=utf8_unicode_ci;

--
-- Data for table `craft_assetfolders`
--

INSERT INTO `craft_assetfolders` (`id`, `parentId`, `sourceId`, `name`, `path`, `dateCreated`, `dateUpdated`, `uid`) VALUES ('1', NULL, '1', 'Page Images', '', '2015-01-12 18:44:48', '2015-01-12 18:44:48', 'a8ec864e-b113-4d10-939b-decd833955ea');
INSERT INTO `craft_assetfolders` (`id`, `parentId`, `sourceId`, `name`, `path`, `dateCreated`, `dateUpdated`, `uid`) VALUES ('2', NULL, '2', 'Banner Images', '', '2015-01-12 18:45:15', '2015-01-12 18:45:15', '24b5e0ce-02c9-4828-b381-3b5919d83a2e');
INSERT INTO `craft_assetfolders` (`id`, `parentId`, `sourceId`, `name`, `path`, `dateCreated`, `dateUpdated`, `uid`) VALUES ('3', NULL, '3', 'Wine Images', '', '2015-01-12 21:44:21', '2015-01-12 21:44:21', 'a325d28c-cf0b-4322-b302-452f285f2b39');



DROP TABLE IF EXISTS `craft_assetindexdata`;


--
-- Schema for table `craft_assetindexdata`
--
CREATE TABLE `craft_assetindexdata` (
  `id` int(11) NOT NULL AUTO_INCREMENT,
  `sessionId` varchar(36) COLLATE utf8_unicode_ci NOT NULL DEFAULT '',
  `sourceId` int(10) NOT NULL,
  `offset` int(10) NOT NULL,
  `uri` varchar(255) COLLATE utf8_unicode_ci DEFAULT NULL,
  `size` int(10) DEFAULT NULL,
  `recordId` int(10) DEFAULT NULL,
  `dateCreated` datetime NOT NULL,
  `dateUpdated` datetime NOT NULL,
  `uid` char(36) COLLATE utf8_unicode_ci NOT NULL DEFAULT '0',
  PRIMARY KEY (`id`),
  UNIQUE KEY `craft_assetindexdata_sessionId_sourceId_offset_unq_idx` (`sessionId`,`sourceId`,`offset`),
  KEY `craft_assetindexdata_sourceId_fk` (`sourceId`)
) ENGINE=InnoDB DEFAULT CHARSET=utf8 COLLATE=utf8_unicode_ci;

DROP TABLE IF EXISTS `craft_assetsources`;


--
-- Schema for table `craft_assetsources`
--
CREATE TABLE `craft_assetsources` (
  `id` int(11) NOT NULL AUTO_INCREMENT,
  `name` varchar(255) COLLATE utf8_unicode_ci NOT NULL,
  `handle` varchar(255) COLLATE utf8_unicode_ci NOT NULL,
  `type` varchar(150) COLLATE utf8_unicode_ci NOT NULL,
  `settings` text COLLATE utf8_unicode_ci,
  `sortOrder` tinyint(4) DEFAULT NULL,
  `fieldLayoutId` int(10) DEFAULT NULL,
  `dateCreated` datetime NOT NULL,
  `dateUpdated` datetime NOT NULL,
  `uid` char(36) COLLATE utf8_unicode_ci NOT NULL DEFAULT '0',
  PRIMARY KEY (`id`),
  UNIQUE KEY `craft_assetsources_name_unq_idx` (`name`),
  UNIQUE KEY `craft_assetsources_handle_unq_idx` (`handle`),
  KEY `craft_assetsources_fieldLayoutId_fk` (`fieldLayoutId`)
) ENGINE=InnoDB AUTO_INCREMENT=4 DEFAULT CHARSET=utf8 COLLATE=utf8_unicode_ci;

--
-- Data for table `craft_assetsources`
--

INSERT INTO `craft_assetsources` (`id`, `name`, `handle`, `type`, `settings`, `sortOrder`, `fieldLayoutId`, `dateCreated`, `dateUpdated`, `uid`) VALUES ('1', 'Page Images', 'pageImages', 'Local', '{\"path\":\"{fileSystemPath}\\/public\\/images\\/pages\\/\",\"url\":\"{siteUrl}\\/images\\/pages\\/\"}', '1', '10', '2015-01-12 18:44:48', '2015-01-12 18:44:48', 'd2361994-ee53-4ab9-9ae0-d784ed5af6b0');
INSERT INTO `craft_assetsources` (`id`, `name`, `handle`, `type`, `settings`, `sortOrder`, `fieldLayoutId`, `dateCreated`, `dateUpdated`, `uid`) VALUES ('2', 'Banner Images', 'bannerImages', 'Local', '{\"path\":\"{fileSystemPath}\\/public\\/images\\/banners\\/\",\"url\":\"{siteUrl}\\/images\\/banners\\/\"}', '2', '11', '2015-01-12 18:45:15', '2015-01-12 18:45:15', '3e05e82d-9e6f-490d-9e80-6d2d261f222f');
INSERT INTO `craft_assetsources` (`id`, `name`, `handle`, `type`, `settings`, `sortOrder`, `fieldLayoutId`, `dateCreated`, `dateUpdated`, `uid`) VALUES ('3', 'Wine Images', 'wineImages', 'Local', '{\"path\":\"{fileSystemPath}\\/public\\/images\\/wine\\/\",\"url\":\"{siteUrl}\\/images\\/wine\\/\"}', '3', '14', '2015-01-12 21:44:21', '2015-01-12 21:44:21', '215b76cd-beb4-4bdc-aba4-42ccc893a198');



DROP TABLE IF EXISTS `craft_assettransformindex`;


--
-- Schema for table `craft_assettransformindex`
--
CREATE TABLE `craft_assettransformindex` (
  `id` int(11) NOT NULL AUTO_INCREMENT,
  `fileId` int(11) NOT NULL,
  `filename` varchar(255) COLLATE utf8_unicode_ci DEFAULT NULL,
  `format` varchar(255) COLLATE utf8_unicode_ci DEFAULT NULL,
  `location` varchar(255) COLLATE utf8_unicode_ci NOT NULL,
  `sourceId` int(11) DEFAULT NULL,
  `fileExists` tinyint(1) DEFAULT NULL,
  `inProgress` tinyint(1) DEFAULT NULL,
  `dateIndexed` datetime DEFAULT NULL,
  `dateCreated` datetime NOT NULL,
  `dateUpdated` datetime NOT NULL,
  `uid` char(36) COLLATE utf8_unicode_ci NOT NULL DEFAULT '0',
  PRIMARY KEY (`id`),
  KEY `craft_assettransformindex_sourceId_fileId_location_idx` (`sourceId`,`fileId`,`location`)
) ENGINE=InnoDB DEFAULT CHARSET=utf8 COLLATE=utf8_unicode_ci;

DROP TABLE IF EXISTS `craft_assettransforms`;


--
-- Schema for table `craft_assettransforms`
--
CREATE TABLE `craft_assettransforms` (
  `id` int(11) NOT NULL AUTO_INCREMENT,
  `name` varchar(255) COLLATE utf8_unicode_ci NOT NULL,
  `handle` varchar(255) COLLATE utf8_unicode_ci NOT NULL,
  `mode` enum('stretch','fit','crop') COLLATE utf8_unicode_ci NOT NULL DEFAULT 'crop',
  `position` enum('top-left','top-center','top-right','center-left','center-center','center-right','bottom-left','bottom-center','bottom-right') COLLATE utf8_unicode_ci NOT NULL DEFAULT 'center-center',
  `height` int(10) DEFAULT NULL,
  `width` int(10) DEFAULT NULL,
  `format` varchar(255) COLLATE utf8_unicode_ci DEFAULT NULL,
  `quality` int(10) DEFAULT NULL,
  `dimensionChangeTime` datetime DEFAULT NULL,
  `dateCreated` datetime NOT NULL,
  `dateUpdated` datetime NOT NULL,
  `uid` char(36) COLLATE utf8_unicode_ci NOT NULL DEFAULT '0',
  PRIMARY KEY (`id`),
  UNIQUE KEY `craft_assettransforms_name_unq_idx` (`name`),
  UNIQUE KEY `craft_assettransforms_handle_unq_idx` (`handle`)
) ENGINE=InnoDB DEFAULT CHARSET=utf8 COLLATE=utf8_unicode_ci;

DROP TABLE IF EXISTS `craft_categories`;


--
-- Schema for table `craft_categories`
--
CREATE TABLE `craft_categories` (
  `id` int(11) NOT NULL,
  `groupId` int(11) NOT NULL,
  `dateCreated` datetime NOT NULL,
  `dateUpdated` datetime NOT NULL,
  `uid` char(36) COLLATE utf8_unicode_ci NOT NULL DEFAULT '0',
  PRIMARY KEY (`id`),
  KEY `craft_categories_groupId_fk` (`groupId`)
) ENGINE=InnoDB DEFAULT CHARSET=utf8 COLLATE=utf8_unicode_ci;

DROP TABLE IF EXISTS `craft_categorygroups`;


--
-- Schema for table `craft_categorygroups`
--
CREATE TABLE `craft_categorygroups` (
  `id` int(11) NOT NULL AUTO_INCREMENT,
  `structureId` int(11) NOT NULL,
  `fieldLayoutId` int(11) DEFAULT NULL,
  `name` varchar(255) COLLATE utf8_unicode_ci NOT NULL,
  `handle` varchar(255) COLLATE utf8_unicode_ci NOT NULL,
  `hasUrls` tinyint(1) unsigned NOT NULL DEFAULT '1',
  `template` varchar(500) COLLATE utf8_unicode_ci DEFAULT NULL,
  `dateCreated` datetime NOT NULL,
  `dateUpdated` datetime NOT NULL,
  `uid` char(36) COLLATE utf8_unicode_ci NOT NULL DEFAULT '0',
  PRIMARY KEY (`id`),
  UNIQUE KEY `craft_categorygroups_name_unq_idx` (`name`),
  UNIQUE KEY `craft_categorygroups_handle_unq_idx` (`handle`),
  KEY `craft_categorygroups_structureId_fk` (`structureId`),
  KEY `craft_categorygroups_fieldLayoutId_fk` (`fieldLayoutId`)
) ENGINE=InnoDB DEFAULT CHARSET=utf8 COLLATE=utf8_unicode_ci;

DROP TABLE IF EXISTS `craft_categorygroups_i18n`;


--
-- Schema for table `craft_categorygroups_i18n`
--
CREATE TABLE `craft_categorygroups_i18n` (
  `id` int(11) NOT NULL AUTO_INCREMENT,
  `groupId` int(11) NOT NULL,
  `locale` char(12) COLLATE utf8_unicode_ci NOT NULL,
  `urlFormat` varchar(255) COLLATE utf8_unicode_ci DEFAULT NULL,
  `nestedUrlFormat` varchar(255) COLLATE utf8_unicode_ci DEFAULT NULL,
  `dateCreated` datetime NOT NULL,
  `dateUpdated` datetime NOT NULL,
  `uid` char(36) COLLATE utf8_unicode_ci NOT NULL DEFAULT '0',
  PRIMARY KEY (`id`),
  UNIQUE KEY `craft_categorygroups_i18n_groupId_locale_unq_idx` (`groupId`,`locale`),
  KEY `craft_categorygroups_i18n_locale_fk` (`locale`)
) ENGINE=InnoDB DEFAULT CHARSET=utf8 COLLATE=utf8_unicode_ci;

DROP TABLE IF EXISTS `craft_content`;


--
-- Schema for table `craft_content`
--
CREATE TABLE `craft_content` (
  `id` int(11) NOT NULL AUTO_INCREMENT,
  `elementId` int(11) NOT NULL,
  `locale` char(12) COLLATE utf8_unicode_ci NOT NULL,
  `title` varchar(255) COLLATE utf8_unicode_ci DEFAULT NULL,
  `field_body` text COLLATE utf8_unicode_ci,
  `field_primaryPhone` text COLLATE utf8_unicode_ci,
  `field_primaryEmail` text COLLATE utf8_unicode_ci,
  `field_primaryAddress` text COLLATE utf8_unicode_ci,
  `field_pageSubtitle` text COLLATE utf8_unicode_ci,
  `field_pageBody` text COLLATE utf8_unicode_ci,
  `field_wineDescription` text COLLATE utf8_unicode_ci,
  `field_wineAdditionalDetails` text COLLATE utf8_unicode_ci,
  `dateCreated` datetime NOT NULL,
  `dateUpdated` datetime NOT NULL,
  `uid` char(36) COLLATE utf8_unicode_ci NOT NULL DEFAULT '0',
  PRIMARY KEY (`id`),
  UNIQUE KEY `craft_content_elementId_locale_unq_idx` (`elementId`,`locale`),
  KEY `craft_content_title_idx` (`title`),
  KEY `craft_content_locale_fk` (`locale`)
) ENGINE=InnoDB AUTO_INCREMENT=70 DEFAULT CHARSET=utf8 COLLATE=utf8_unicode_ci;

--
-- Data for table `craft_content`
--

INSERT INTO `craft_content` (`id`, `elementId`, `locale`, `title`, `field_body`, `field_primaryPhone`, `field_primaryEmail`, `field_primaryAddress`, `field_pageSubtitle`, `field_pageBody`, `field_wineDescription`, `field_wineAdditionalDetails`, `dateCreated`, `dateUpdated`, `uid`) VALUES ('1', '1', 'en_us', NULL, NULL, NULL, NULL, NULL, NULL, NULL, NULL, NULL, '2015-01-09 19:54:27', '2015-01-09 19:56:04', '3452d2cc-e362-4b41-abc2-7342f08b0087');
INSERT INTO `craft_content` (`id`, `elementId`, `locale`, `title`, `field_body`, `field_primaryPhone`, `field_primaryEmail`, `field_primaryAddress`, `field_pageSubtitle`, `field_pageBody`, `field_wineDescription`, `field_wineAdditionalDetails`, `dateCreated`, `dateUpdated`, `uid`) VALUES ('2', '2', 'en_us', 'Welcome to Poggia.dev!', '<p>It’s true, this site doesn’t have a whole lot of content yet, but don’t worry. Our web developers have just installed the CMS, and they’re setting things up for the content editors this very moment. Soon Poggia.dev will be an oasis of fresh perspectives, sharp analyses, and astute opinions that will keep you coming back again and again.</p>', NULL, NULL, NULL, NULL, NULL, NULL, NULL, '2015-01-09 19:54:28', '2015-01-09 21:40:33', 'd3161996-113b-4df6-b355-8231e0b3b7db');
INSERT INTO `craft_content` (`id`, `elementId`, `locale`, `title`, `field_body`, `field_primaryPhone`, `field_primaryEmail`, `field_primaryAddress`, `field_pageSubtitle`, `field_pageBody`, `field_wineDescription`, `field_wineAdditionalDetails`, `dateCreated`, `dateUpdated`, `uid`) VALUES ('3', '3', 'en_us', 'We just installed Craft!', '<p>Craft is the CMS that’s powering Poggia.dev. It’s beautiful, powerful, flexible, and easy-to-use, and it’s made by Pixel &amp; Tonic. We can’t wait to dive in and see what it’s capable of!</p><!--pagebreak--><p>This is even more captivating content, which you couldn’t see on the News index page because it was entered after a Page Break, and the News index template only likes to show the content on the first page.</p><p>Craft: a nice alternative to Word, if you’re making a website.</p>', NULL, NULL, NULL, NULL, NULL, NULL, NULL, '2015-01-09 19:54:29', '2015-01-09 21:40:33', '98b24f58-ec93-4313-948c-4d320883c4df');
INSERT INTO `craft_content` (`id`, `elementId`, `locale`, `title`, `field_body`, `field_primaryPhone`, `field_primaryEmail`, `field_primaryAddress`, `field_pageSubtitle`, `field_pageBody`, `field_wineDescription`, `field_wineAdditionalDetails`, `dateCreated`, `dateUpdated`, `uid`) VALUES ('4', '4', 'en_us', NULL, NULL, '999–123-4567', 'info@poggiolanoce.com', '12345 VINEYARD RD, FIESOLE, TUSCANY, ITALY', NULL, NULL, NULL, NULL, '2015-01-09 21:30:34', '2015-01-09 22:25:17', '8c31e978-d000-40c6-8d84-a9321144d7ba');
INSERT INTO `craft_content` (`id`, `elementId`, `locale`, `title`, `field_body`, `field_primaryPhone`, `field_primaryEmail`, `field_primaryAddress`, `field_pageSubtitle`, `field_pageBody`, `field_wineDescription`, `field_wineAdditionalDetails`, `dateCreated`, `dateUpdated`, `uid`) VALUES ('5', '4', 'it', NULL, NULL, '999–123-4567', 'info@poggiolanoce.com', '12345 VINEYARD RD, FIESOLE, TUSCANY, ITALY', NULL, NULL, NULL, NULL, '2015-01-09 21:40:33', '2015-01-09 22:25:17', '388c3ecf-0af1-411c-aa19-6dfa437caf53');
INSERT INTO `craft_content` (`id`, `elementId`, `locale`, `title`, `field_body`, `field_primaryPhone`, `field_primaryEmail`, `field_primaryAddress`, `field_pageSubtitle`, `field_pageBody`, `field_wineDescription`, `field_wineAdditionalDetails`, `dateCreated`, `dateUpdated`, `uid`) VALUES ('6', '5', 'en_us', 'philosophy-image', NULL, NULL, NULL, NULL, NULL, NULL, NULL, NULL, '2015-01-12 18:58:52', '2015-01-12 18:58:52', '69412b7e-1ec8-476f-9a8b-d349c189d716');
INSERT INTO `craft_content` (`id`, `elementId`, `locale`, `title`, `field_body`, `field_primaryPhone`, `field_primaryEmail`, `field_primaryAddress`, `field_pageSubtitle`, `field_pageBody`, `field_wineDescription`, `field_wineAdditionalDetails`, `dateCreated`, `dateUpdated`, `uid`) VALUES ('7', '5', 'it', 'philosophy-image', NULL, NULL, NULL, NULL, NULL, NULL, NULL, NULL, '2015-01-12 18:58:53', '2015-01-12 18:58:53', '2d9978a7-007e-4097-b606-c5ff8de25f7d');
INSERT INTO `craft_content` (`id`, `elementId`, `locale`, `title`, `field_body`, `field_primaryPhone`, `field_primaryEmail`, `field_primaryAddress`, `field_pageSubtitle`, `field_pageBody`, `field_wineDescription`, `field_wineAdditionalDetails`, `dateCreated`, `dateUpdated`, `uid`) VALUES ('8', '6', 'en_us', 'Philosophy', NULL, NULL, NULL, NULL, 'Our Process', '<h2>Our work begins at the vineyard, eh!</h2><ul><li>Passing through the vineyard, row by row, several times each week.</li><li>Weeding and hoeing, pruning, cutting back leaves and fruit.</li><li>Thinning grape bunches and constantly monitoring the health of the berries.</li></ul><h2>Our dedication carries over to the cellar, mama mia!</h2><p>Lorem ipsum dolor sit amet, consectetur adipisicing elit, sed do eiusmod tempor incididunt ut labore et dolore magna aliqua. Ut enim ad minim veniam, quis nostrud exercitation ullamco laboris nisi ut aliquip ex ea commodo consequat. Duis aute irure dolor in reprehenderit in voluptate velit esse cillum dolore eu fugiat nulla pariatur. Excepteur sint occaecat cupidatat non proident, sunt in culpa qui officia deserunt mollit anim id est laborum.</p>', NULL, NULL, '2015-01-12 18:58:59', '2015-01-13 03:12:30', 'fd4f7bc8-bd3e-47f4-a6c6-3cd3f73487a1');
INSERT INTO `craft_content` (`id`, `elementId`, `locale`, `title`, `field_body`, `field_primaryPhone`, `field_primaryEmail`, `field_primaryAddress`, `field_pageSubtitle`, `field_pageBody`, `field_wineDescription`, `field_wineAdditionalDetails`, `dateCreated`, `dateUpdated`, `uid`) VALUES ('9', '6', 'it', 'philosophy', NULL, NULL, NULL, NULL, 'Our Proccezzzo!', '<h2>Our work begins at the vineyard, eh!</h2><ul><li>Passing through the vineyard, row by row, several times each week.</li><li>Weeding and hoeing, pruning, cutting back leaves and fruit.</li><li>Thinning grape bunches and constantly monitoring the health of the berries.</li></ul><h2>Our dedication carries over to the cellar, mama mia!</h2><p>Lorem ipsum dolor sit amet, consectetur adipisicing elit, sed do eiusmod tempor incididunt ut labore et dolore magna aliqua. Ut enim ad minim veniam, quis nostrud exercitation ullamco laboris nisi ut aliquip ex ea commodo consequat. Duis aute irure dolor in reprehenderit in voluptate velit esse cillum dolore eu fugiat nulla pariatur. Excepteur sint occaecat cupidatat non proident, sunt in culpa qui officia deserunt mollit anim id est laborum.</p>', NULL, NULL, '2015-01-12 18:58:59', '2015-01-13 03:12:30', 'aa1bee02-5348-4521-b985-eb337e93b936');
INSERT INTO `craft_content` (`id`, `elementId`, `locale`, `title`, `field_body`, `field_primaryPhone`, `field_primaryEmail`, `field_primaryAddress`, `field_pageSubtitle`, `field_pageBody`, `field_wineDescription`, `field_wineAdditionalDetails`, `dateCreated`, `dateUpdated`, `uid`) VALUES ('10', '7', 'en_us', 'philosophy-banner', NULL, NULL, NULL, NULL, NULL, NULL, NULL, NULL, '2015-01-12 19:02:01', '2015-01-12 19:02:01', '075bb60d-54d9-4996-9899-868f1d529991');
INSERT INTO `craft_content` (`id`, `elementId`, `locale`, `title`, `field_body`, `field_primaryPhone`, `field_primaryEmail`, `field_primaryAddress`, `field_pageSubtitle`, `field_pageBody`, `field_wineDescription`, `field_wineAdditionalDetails`, `dateCreated`, `dateUpdated`, `uid`) VALUES ('11', '7', 'it', 'philosophy-banner', NULL, NULL, NULL, NULL, NULL, NULL, NULL, NULL, '2015-01-12 19:02:01', '2015-01-12 19:02:01', '4e09d294-10e2-40a4-a949-49c9eaa3069b');
INSERT INTO `craft_content` (`id`, `elementId`, `locale`, `title`, `field_body`, `field_primaryPhone`, `field_primaryEmail`, `field_primaryAddress`, `field_pageSubtitle`, `field_pageBody`, `field_wineDescription`, `field_wineAdditionalDetails`, `dateCreated`, `dateUpdated`, `uid`) VALUES ('12', '9', 'en_us', 'Gigio', NULL, NULL, NULL, NULL, NULL, NULL, '<p>Lorem ipsum dolor sit amet, consectetur adipisicing elit, sed do eiusmod tempor incididunt ut labore et dolore magna aliqua. Ut enim ad minim veniam, quis nostrud exercitation ullamco laboris nisi ut aliquip ex ea commodo consequat. Duis aute irure dolor in reprehenderit in voluptate velit esse cillum dolore eu fugiat nulla pariatur. Excepteur sint occaecat cupidatat non proident, sunt in culpa qui officia deserunt mollit anim id est laborum.<br></p>', '<p><strong>Altitude:</strong> 800 ft elavation, 250 meters above sea level</p><p><strong>Vineyard Size:</strong> 5 acres</p><p><strong>Year Planted:</strong> Partly in 2000 and partly in 2006</p><p><strong>Training System: </strong>Spur-pruned cordon for the Sangiovese and Guyot for the Teroldego</p><p><strong>Harvest:</strong> Typically end of September to the first ten days of October depending on the seasons for the Sangiovese. The Teroldego grapes tend to ripen earlier and are harvested earlier (around the 20th of September).</p><p>The Gigió Sangiovese grapes benefit from the most hang time allowing for greater phenological maturity. They are handpicked and brought immediately to the cellar for further selection.</p><p><strong>Ageing: </strong>The wine will age in French oak barriques (225L each) for 12 months to 18 months depending on the year. Our barriques come from some of the best tonneleries in France and are typically fine grain medium toast. We use a mixture of new and used barriques to avoid excessive wood accent. Following the aging in barriques, the wine is further aged in bottle for another year.</p><p><strong>Bottles Produced: </strong>3000 bottles.</p><p><strong>Alcohol:</strong> 13% to 14%</p><p><strong>Potential Cellaring:</strong> 15+ years.</p>', '2015-01-12 22:24:03', '2015-01-14 00:02:38', 'a2e09fe5-2ae1-4793-8c11-d6d5f4bcb850');
INSERT INTO `craft_content` (`id`, `elementId`, `locale`, `title`, `field_body`, `field_primaryPhone`, `field_primaryEmail`, `field_primaryAddress`, `field_pageSubtitle`, `field_pageBody`, `field_wineDescription`, `field_wineAdditionalDetails`, `dateCreated`, `dateUpdated`, `uid`) VALUES ('13', '9', 'it', 'Gigio', NULL, NULL, NULL, NULL, NULL, NULL, '<p>Lorem ipsum dolor sit amet, consectetur adipisicing elit, sed do eiusmod tempor incididunt ut labore et dolore magna aliqua. Ut enim ad minim veniam, quis nostrud exercitation ullamco laboris nisi ut aliquip ex ea commodo consequat. Duis aute irure dolor in reprehenderit in voluptate velit esse cillum dolore eu fugiat nulla pariatur. Excepteur sint occaecat cupidatat non proident, sunt in culpa qui officia deserunt mollit anim id est laborum.<br></p>', '<p>Sed ut perspiciatis unde omnis iste natus error sit voluptatem accusantium doloremque laudantium, totam rem aperiam, eaque ipsa quae ab illo inventore veritatis et quasi architecto beatae vitae dicta sunt explicabo. Nemo enim ipsam voluptatem quia voluptas sit aspernatur aut odit aut fugit, sed quia consequuntur magni dolores eos qui ratione voluptatem sequi nesciunt. Neque porro quisquam est, qui dolorem ipsum quia dolor sit amet, consectetur, adipisci velit, sed quia non numquam eius modi tempora incidunt ut labore et dolore magnam aliquam quaerat voluptatem. Ut enim ad minima veniam, quis nostrum exercitationem ullam corporis suscipit laboriosam, nisi ut aliquid ex ea commodi consequatur? Quis autem vel eum iure reprehenderit qui in ea voluptate velit esse quam nihil molestiae consequatur, vel illum qui dolorem eum fugiat quo voluptas nulla pariatur?<br></p>', '2015-01-12 22:24:03', '2015-01-12 22:27:51', '4baed401-6a61-4d4f-b80b-56c444ea1547');
INSERT INTO `craft_content` (`id`, `elementId`, `locale`, `title`, `field_body`, `field_primaryPhone`, `field_primaryEmail`, `field_primaryAddress`, `field_pageSubtitle`, `field_pageBody`, `field_wineDescription`, `field_wineAdditionalDetails`, `dateCreated`, `dateUpdated`, `uid`) VALUES ('14', '11', 'en_us', 'gigio-bottle', NULL, NULL, NULL, NULL, NULL, NULL, NULL, NULL, '2015-01-12 22:25:42', '2015-01-12 22:25:42', 'cebfd3c7-ba8d-45e8-8382-0184bc7bd179');
INSERT INTO `craft_content` (`id`, `elementId`, `locale`, `title`, `field_body`, `field_primaryPhone`, `field_primaryEmail`, `field_primaryAddress`, `field_pageSubtitle`, `field_pageBody`, `field_wineDescription`, `field_wineAdditionalDetails`, `dateCreated`, `dateUpdated`, `uid`) VALUES ('15', '11', 'it', 'gigio-bottle', NULL, NULL, NULL, NULL, NULL, NULL, NULL, NULL, '2015-01-12 22:25:42', '2015-01-12 22:25:42', '5483f3ad-1620-4a53-89c6-66fbf5739e20');
INSERT INTO `craft_content` (`id`, `elementId`, `locale`, `title`, `field_body`, `field_primaryPhone`, `field_primaryEmail`, `field_primaryAddress`, `field_pageSubtitle`, `field_pageBody`, `field_wineDescription`, `field_wineAdditionalDetails`, `dateCreated`, `dateUpdated`, `uid`) VALUES ('16', '12', 'en_us', 'gigio-art', NULL, NULL, NULL, NULL, NULL, NULL, NULL, NULL, '2015-01-12 22:27:01', '2015-01-12 22:27:01', '696d8fa7-01d5-4fe4-a0d4-9c345ddb233d');
INSERT INTO `craft_content` (`id`, `elementId`, `locale`, `title`, `field_body`, `field_primaryPhone`, `field_primaryEmail`, `field_primaryAddress`, `field_pageSubtitle`, `field_pageBody`, `field_wineDescription`, `field_wineAdditionalDetails`, `dateCreated`, `dateUpdated`, `uid`) VALUES ('17', '12', 'it', 'gigio-art', NULL, NULL, NULL, NULL, NULL, NULL, NULL, NULL, '2015-01-12 22:27:01', '2015-01-12 22:27:01', '3a436194-4b54-4535-84af-640d53bc82f9');
INSERT INTO `craft_content` (`id`, `elementId`, `locale`, `title`, `field_body`, `field_primaryPhone`, `field_primaryEmail`, `field_primaryAddress`, `field_pageSubtitle`, `field_pageBody`, `field_wineDescription`, `field_wineAdditionalDetails`, `dateCreated`, `dateUpdated`, `uid`) VALUES ('18', '13', 'en_us', 'Gigetto', NULL, NULL, NULL, NULL, NULL, NULL, '<p>Lorem ipsum dolor sit amet, consectetur adipisicing elit, sed do eiusmod tempor incididunt ut labore et dolore magna aliqua. Ut enim ad minim veniam, quis nostrud exercitation ullamco laboris nisi ut aliquip ex ea commodo consequat. Duis aute irure dolor in reprehenderit in voluptate velit esse cillum dolore eu fugiat nulla pariatur. Excepteur sint occaecat cupidatat non proident, sunt in culpa qui officia deserunt mollit anim id est laborum.<br></p>', '<p>Sed ut perspiciatis unde omnis iste natus error sit voluptatem accusantium doloremque laudantium, totam rem aperiam, eaque ipsa quae ab illo inventore veritatis et quasi architecto beatae vitae dicta sunt explicabo. Nemo enim ipsam voluptatem quia voluptas sit aspernatur aut odit aut fugit, sed quia consequuntur magni dolores eos qui ratione voluptatem sequi nesciunt. Neque porro quisquam est, qui dolorem ipsum quia dolor sit amet, consectetur, adipisci velit, sed quia non numquam eius modi tempora incidunt ut labore et dolore magnam aliquam quaerat voluptatem. Ut enim ad minima veniam, quis nostrum exercitationem ullam corporis suscipit laboriosam, nisi ut aliquid ex ea commodi consequatur? Quis autem vel eum iure reprehenderit qui in ea voluptate velit esse quam nihil molestiae consequatur, vel illum qui dolorem eum fugiat quo voluptas nulla pariatur?<br></p>', '2015-01-12 23:28:52', '2015-01-12 23:38:43', '49cce00b-8f60-48b0-b2ba-5b49afd46568');
INSERT INTO `craft_content` (`id`, `elementId`, `locale`, `title`, `field_body`, `field_primaryPhone`, `field_primaryEmail`, `field_primaryAddress`, `field_pageSubtitle`, `field_pageBody`, `field_wineDescription`, `field_wineAdditionalDetails`, `dateCreated`, `dateUpdated`, `uid`) VALUES ('19', '13', 'it', 'Gigio', NULL, NULL, NULL, NULL, NULL, NULL, '<p>Lorem ipsum dolor sit amet, consectetur adipisicing elit, sed do eiusmod tempor incididunt ut labore et dolore magna aliqua. Ut enim ad minim veniam, quis nostrud exercitation ullamco laboris nisi ut aliquip ex ea commodo consequat. Duis aute irure dolor in reprehenderit in voluptate velit esse cillum dolore eu fugiat nulla pariatur. Excepteur sint occaecat cupidatat non proident, sunt in culpa qui officia deserunt mollit anim id est laborum.<br></p>', '<p>Sed ut perspiciatis unde omnis iste natus error sit voluptatem accusantium doloremque laudantium, totam rem aperiam, eaque ipsa quae ab illo inventore veritatis et quasi architecto beatae vitae dicta sunt explicabo. Nemo enim ipsam voluptatem quia voluptas sit aspernatur aut odit aut fugit, sed quia consequuntur magni dolores eos qui ratione voluptatem sequi nesciunt. Neque porro quisquam est, qui dolorem ipsum quia dolor sit amet, consectetur, adipisci velit, sed quia non numquam eius modi tempora incidunt ut labore et dolore magnam aliquam quaerat voluptatem. Ut enim ad minima veniam, quis nostrum exercitationem ullam corporis suscipit laboriosam, nisi ut aliquid ex ea commodi consequatur? Quis autem vel eum iure reprehenderit qui in ea voluptate velit esse quam nihil molestiae consequatur, vel illum qui dolorem eum fugiat quo voluptas nulla pariatur?<br></p>', '2015-01-12 23:28:52', '2015-01-12 23:28:52', '0560ade4-8ed7-4cf0-a807-b4d5f7776677');
INSERT INTO `craft_content` (`id`, `elementId`, `locale`, `title`, `field_body`, `field_primaryPhone`, `field_primaryEmail`, `field_primaryAddress`, `field_pageSubtitle`, `field_pageBody`, `field_wineDescription`, `field_wineAdditionalDetails`, `dateCreated`, `dateUpdated`, `uid`) VALUES ('20', '15', 'en_us', 'gigetto-art', NULL, NULL, NULL, NULL, NULL, NULL, NULL, NULL, '2015-01-12 23:30:09', '2015-01-12 23:30:09', '5e625795-1680-4fc4-a800-150279c7bcf7');
INSERT INTO `craft_content` (`id`, `elementId`, `locale`, `title`, `field_body`, `field_primaryPhone`, `field_primaryEmail`, `field_primaryAddress`, `field_pageSubtitle`, `field_pageBody`, `field_wineDescription`, `field_wineAdditionalDetails`, `dateCreated`, `dateUpdated`, `uid`) VALUES ('21', '15', 'it', 'gigetto-art', NULL, NULL, NULL, NULL, NULL, NULL, NULL, NULL, '2015-01-12 23:30:09', '2015-01-12 23:30:09', 'd8829d40-c262-44e8-b773-9e5fb47a00bd');
INSERT INTO `craft_content` (`id`, `elementId`, `locale`, `title`, `field_body`, `field_primaryPhone`, `field_primaryEmail`, `field_primaryAddress`, `field_pageSubtitle`, `field_pageBody`, `field_wineDescription`, `field_wineAdditionalDetails`, `dateCreated`, `dateUpdated`, `uid`) VALUES ('22', '16', 'en_us', 'Gigino', NULL, NULL, NULL, NULL, NULL, NULL, '<p>Lorem ipsum dolor sit amet, consectetur adipisicing elit, sed do eiusmod tempor incididunt ut labore et dolore magna aliqua. Ut enim ad minim veniam, quis nostrud exercitation ullamco laboris nisi ut aliquip ex ea commodo consequat. Duis aute irure dolor in reprehenderit in voluptate velit esse cillum dolore eu fugiat nulla pariatur. Excepteur sint occaecat cupidatat non proident, sunt in culpa qui officia deserunt mollit anim id est laborum.<br></p>', '<p>Sed ut perspiciatis unde omnis iste natus error sit voluptatem accusantium doloremque laudantium, totam rem aperiam, eaque ipsa quae ab illo inventore veritatis et quasi architecto beatae vitae dicta sunt explicabo. Nemo enim ipsam voluptatem quia voluptas sit aspernatur aut odit aut fugit, sed quia consequuntur magni dolores eos qui ratione voluptatem sequi nesciunt. Neque porro quisquam est, qui dolorem ipsum quia dolor sit amet, consectetur, adipisci velit, sed quia non numquam eius modi tempora incidunt ut labore et dolore magnam aliquam quaerat voluptatem. Ut enim ad minima veniam, quis nostrum exercitationem ullam corporis suscipit laboriosam, nisi ut aliquid ex ea commodi consequatur? Quis autem vel eum iure reprehenderit qui in ea voluptate velit esse quam nihil molestiae consequatur, vel illum qui dolorem eum fugiat quo voluptas nulla pariatur?<br></p>', '2015-01-12 23:36:06', '2015-01-12 23:38:35', '088be79a-4e75-4e5a-8a7f-03b6a0118b99');
INSERT INTO `craft_content` (`id`, `elementId`, `locale`, `title`, `field_body`, `field_primaryPhone`, `field_primaryEmail`, `field_primaryAddress`, `field_pageSubtitle`, `field_pageBody`, `field_wineDescription`, `field_wineAdditionalDetails`, `dateCreated`, `dateUpdated`, `uid`) VALUES ('23', '16', 'it', 'Gigetto', NULL, NULL, NULL, NULL, NULL, NULL, '<p>Lorem ipsum dolor sit amet, consectetur adipisicing elit, sed do eiusmod tempor incididunt ut labore et dolore magna aliqua. Ut enim ad minim veniam, quis nostrud exercitation ullamco laboris nisi ut aliquip ex ea commodo consequat. Duis aute irure dolor in reprehenderit in voluptate velit esse cillum dolore eu fugiat nulla pariatur. Excepteur sint occaecat cupidatat non proident, sunt in culpa qui officia deserunt mollit anim id est laborum.<br></p>', '<p>Sed ut perspiciatis unde omnis iste natus error sit voluptatem accusantium doloremque laudantium, totam rem aperiam, eaque ipsa quae ab illo inventore veritatis et quasi architecto beatae vitae dicta sunt explicabo. Nemo enim ipsam voluptatem quia voluptas sit aspernatur aut odit aut fugit, sed quia consequuntur magni dolores eos qui ratione voluptatem sequi nesciunt. Neque porro quisquam est, qui dolorem ipsum quia dolor sit amet, consectetur, adipisci velit, sed quia non numquam eius modi tempora incidunt ut labore et dolore magnam aliquam quaerat voluptatem. Ut enim ad minima veniam, quis nostrum exercitationem ullam corporis suscipit laboriosam, nisi ut aliquid ex ea commodi consequatur? Quis autem vel eum iure reprehenderit qui in ea voluptate velit esse quam nihil molestiae consequatur, vel illum qui dolorem eum fugiat quo voluptas nulla pariatur?<br></p>', '2015-01-12 23:36:06', '2015-01-12 23:36:06', 'c5cc1749-729a-42ac-9ce7-2467bde5578f');
INSERT INTO `craft_content` (`id`, `elementId`, `locale`, `title`, `field_body`, `field_primaryPhone`, `field_primaryEmail`, `field_primaryAddress`, `field_pageSubtitle`, `field_pageBody`, `field_wineDescription`, `field_wineAdditionalDetails`, `dateCreated`, `dateUpdated`, `uid`) VALUES ('24', '18', 'en_us', 'gigeno-art', NULL, NULL, NULL, NULL, NULL, NULL, NULL, NULL, '2015-01-12 23:36:16', '2015-01-12 23:36:16', '810ca4fd-d476-47b2-8eb2-45f1507c7f06');
INSERT INTO `craft_content` (`id`, `elementId`, `locale`, `title`, `field_body`, `field_primaryPhone`, `field_primaryEmail`, `field_primaryAddress`, `field_pageSubtitle`, `field_pageBody`, `field_wineDescription`, `field_wineAdditionalDetails`, `dateCreated`, `dateUpdated`, `uid`) VALUES ('25', '18', 'it', 'gigeno-art', NULL, NULL, NULL, NULL, NULL, NULL, NULL, NULL, '2015-01-12 23:36:16', '2015-01-12 23:36:16', '7b00bb02-a2dc-41b3-bc84-97933657cdde');
INSERT INTO `craft_content` (`id`, `elementId`, `locale`, `title`, `field_body`, `field_primaryPhone`, `field_primaryEmail`, `field_primaryAddress`, `field_pageSubtitle`, `field_pageBody`, `field_wineDescription`, `field_wineAdditionalDetails`, `dateCreated`, `dateUpdated`, `uid`) VALUES ('26', '19', 'en_us', 'Pinko Pallino', NULL, NULL, NULL, NULL, NULL, NULL, '<p>Lorem ipsum dolor sit amet, consectetur adipisicing elit, sed do eiusmod tempor incididunt ut labore et dolore magna aliqua. Ut enim ad minim veniam, quis nostrud exercitation ullamco laboris nisi ut aliquip ex ea commodo consequat. Duis aute irure dolor in reprehenderit in voluptate velit esse cillum dolore eu fugiat nulla pariatur. Excepteur sint occaecat cupidatat non proident, sunt in culpa qui officia deserunt mollit anim id est laborum.<br></p>', '<p>Sed ut perspiciatis unde omnis iste natus error sit voluptatem accusantium doloremque laudantium, totam rem aperiam, eaque ipsa quae ab illo inventore veritatis et quasi architecto beatae vitae dicta sunt explicabo. Nemo enim ipsam voluptatem quia voluptas sit aspernatur aut odit aut fugit, sed quia consequuntur magni dolores eos qui ratione voluptatem sequi nesciunt. Neque porro quisquam est, qui dolorem ipsum quia dolor sit amet, consectetur, adipisci velit, sed quia non numquam eius modi tempora incidunt ut labore et dolore magnam aliquam quaerat voluptatem. Ut enim ad minima veniam, quis nostrum exercitationem ullam corporis suscipit laboriosam, nisi ut aliquid ex ea commodi consequatur? Quis autem vel eum iure reprehenderit qui in ea voluptate velit esse quam nihil molestiae consequatur, vel illum qui dolorem eum fugiat quo voluptas nulla pariatur?<br></p>', '2015-01-12 23:36:56', '2015-01-12 23:38:20', 'f7f2cfd0-67a1-4931-aa20-2a39da1fecc3');
INSERT INTO `craft_content` (`id`, `elementId`, `locale`, `title`, `field_body`, `field_primaryPhone`, `field_primaryEmail`, `field_primaryAddress`, `field_pageSubtitle`, `field_pageBody`, `field_wineDescription`, `field_wineAdditionalDetails`, `dateCreated`, `dateUpdated`, `uid`) VALUES ('27', '19', 'it', 'Gigino', NULL, NULL, NULL, NULL, NULL, NULL, '<p>Lorem ipsum dolor sit amet, consectetur adipisicing elit, sed do eiusmod tempor incididunt ut labore et dolore magna aliqua. Ut enim ad minim veniam, quis nostrud exercitation ullamco laboris nisi ut aliquip ex ea commodo consequat. Duis aute irure dolor in reprehenderit in voluptate velit esse cillum dolore eu fugiat nulla pariatur. Excepteur sint occaecat cupidatat non proident, sunt in culpa qui officia deserunt mollit anim id est laborum.<br></p>', '<p>Sed ut perspiciatis unde omnis iste natus error sit voluptatem accusantium doloremque laudantium, totam rem aperiam, eaque ipsa quae ab illo inventore veritatis et quasi architecto beatae vitae dicta sunt explicabo. Nemo enim ipsam voluptatem quia voluptas sit aspernatur aut odit aut fugit, sed quia consequuntur magni dolores eos qui ratione voluptatem sequi nesciunt. Neque porro quisquam est, qui dolorem ipsum quia dolor sit amet, consectetur, adipisci velit, sed quia non numquam eius modi tempora incidunt ut labore et dolore magnam aliquam quaerat voluptatem. Ut enim ad minima veniam, quis nostrum exercitationem ullam corporis suscipit laboriosam, nisi ut aliquid ex ea commodi consequatur? Quis autem vel eum iure reprehenderit qui in ea voluptate velit esse quam nihil molestiae consequatur, vel illum qui dolorem eum fugiat quo voluptas nulla pariatur?<br></p>', '2015-01-12 23:36:56', '2015-01-12 23:36:56', 'd9f5201a-ff3a-4599-8f29-aeb7249a7be9');
INSERT INTO `craft_content` (`id`, `elementId`, `locale`, `title`, `field_body`, `field_primaryPhone`, `field_primaryEmail`, `field_primaryAddress`, `field_pageSubtitle`, `field_pageBody`, `field_wineDescription`, `field_wineAdditionalDetails`, `dateCreated`, `dateUpdated`, `uid`) VALUES ('28', '21', 'en_us', 'pinko-pallino-art', NULL, NULL, NULL, NULL, NULL, NULL, NULL, NULL, '2015-01-12 23:37:08', '2015-01-12 23:37:08', '4eb9d212-58f5-463d-be27-392a1876badc');
INSERT INTO `craft_content` (`id`, `elementId`, `locale`, `title`, `field_body`, `field_primaryPhone`, `field_primaryEmail`, `field_primaryAddress`, `field_pageSubtitle`, `field_pageBody`, `field_wineDescription`, `field_wineAdditionalDetails`, `dateCreated`, `dateUpdated`, `uid`) VALUES ('29', '21', 'it', 'pinko-pallino-art', NULL, NULL, NULL, NULL, NULL, NULL, NULL, NULL, '2015-01-12 23:37:08', '2015-01-12 23:37:08', '13a54457-67fb-42db-a24b-4fe8cb5ffbf8');
INSERT INTO `craft_content` (`id`, `elementId`, `locale`, `title`, `field_body`, `field_primaryPhone`, `field_primaryEmail`, `field_primaryAddress`, `field_pageSubtitle`, `field_pageBody`, `field_wineDescription`, `field_wineAdditionalDetails`, `dateCreated`, `dateUpdated`, `uid`) VALUES ('30', '22', 'en_us', 'Paonazzo', NULL, NULL, NULL, NULL, NULL, NULL, '<p>Lorem ipsum dolor sit amet, consectetur adipisicing elit, sed do eiusmod tempor incididunt ut labore et dolore magna aliqua. Ut enim ad minim veniam, quis nostrud exercitation ullamco laboris nisi ut aliquip ex ea commodo consequat. Duis aute irure dolor in reprehenderit in voluptate velit esse cillum dolore eu fugiat nulla pariatur. Excepteur sint occaecat cupidatat non proident, sunt in culpa qui officia deserunt mollit anim id est laborum.<br></p>', '<p>Sed ut perspiciatis unde omnis iste natus error sit voluptatem accusantium doloremque laudantium, totam rem aperiam, eaque ipsa quae ab illo inventore veritatis et quasi architecto beatae vitae dicta sunt explicabo. Nemo enim ipsam voluptatem quia voluptas sit aspernatur aut odit aut fugit, sed quia consequuntur magni dolores eos qui ratione voluptatem sequi nesciunt. Neque porro quisquam est, qui dolorem ipsum quia dolor sit amet, consectetur, adipisci velit, sed quia non numquam eius modi tempora incidunt ut labore et dolore magnam aliquam quaerat voluptatem. Ut enim ad minima veniam, quis nostrum exercitationem ullam corporis suscipit laboriosam, nisi ut aliquid ex ea commodi consequatur? Quis autem vel eum iure reprehenderit qui in ea voluptate velit esse quam nihil molestiae consequatur, vel illum qui dolorem eum fugiat quo voluptas nulla pariatur?<br></p>', '2015-01-12 23:37:53', '2015-01-13 00:33:22', 'b7fbea8e-264e-42b2-b198-2e7eba7fba54');
INSERT INTO `craft_content` (`id`, `elementId`, `locale`, `title`, `field_body`, `field_primaryPhone`, `field_primaryEmail`, `field_primaryAddress`, `field_pageSubtitle`, `field_pageBody`, `field_wineDescription`, `field_wineAdditionalDetails`, `dateCreated`, `dateUpdated`, `uid`) VALUES ('31', '22', 'it', 'Pinko Pallino', NULL, NULL, NULL, NULL, NULL, NULL, '<p>Lorem ipsum dolor sit amet, consectetur adipisicing elit, sed do eiusmod tempor incididunt ut labore et dolore magna aliqua. Ut enim ad minim veniam, quis nostrud exercitation ullamco laboris nisi ut aliquip ex ea commodo consequat. Duis aute irure dolor in reprehenderit in voluptate velit esse cillum dolore eu fugiat nulla pariatur. Excepteur sint occaecat cupidatat non proident, sunt in culpa qui officia deserunt mollit anim id est laborum.<br></p>', '<p>Sed ut perspiciatis unde omnis iste natus error sit voluptatem accusantium doloremque laudantium, totam rem aperiam, eaque ipsa quae ab illo inventore veritatis et quasi architecto beatae vitae dicta sunt explicabo. Nemo enim ipsam voluptatem quia voluptas sit aspernatur aut odit aut fugit, sed quia consequuntur magni dolores eos qui ratione voluptatem sequi nesciunt. Neque porro quisquam est, qui dolorem ipsum quia dolor sit amet, consectetur, adipisci velit, sed quia non numquam eius modi tempora incidunt ut labore et dolore magnam aliquam quaerat voluptatem. Ut enim ad minima veniam, quis nostrum exercitationem ullam corporis suscipit laboriosam, nisi ut aliquid ex ea commodi consequatur? Quis autem vel eum iure reprehenderit qui in ea voluptate velit esse quam nihil molestiae consequatur, vel illum qui dolorem eum fugiat quo voluptas nulla pariatur?<br></p>', '2015-01-12 23:37:53', '2015-01-12 23:37:53', '5f030eba-1ed1-4396-b9b3-41cd844c596e');
INSERT INTO `craft_content` (`id`, `elementId`, `locale`, `title`, `field_body`, `field_primaryPhone`, `field_primaryEmail`, `field_primaryAddress`, `field_pageSubtitle`, `field_pageBody`, `field_wineDescription`, `field_wineAdditionalDetails`, `dateCreated`, `dateUpdated`, `uid`) VALUES ('32', '24', 'en_us', 'paonazzo-art', NULL, NULL, NULL, NULL, NULL, NULL, NULL, NULL, '2015-01-12 23:38:05', '2015-01-13 00:33:17', 'e3f34827-a339-4f0b-8f5d-bb241b2a1270');
INSERT INTO `craft_content` (`id`, `elementId`, `locale`, `title`, `field_body`, `field_primaryPhone`, `field_primaryEmail`, `field_primaryAddress`, `field_pageSubtitle`, `field_pageBody`, `field_wineDescription`, `field_wineAdditionalDetails`, `dateCreated`, `dateUpdated`, `uid`) VALUES ('33', '24', 'it', 'paonazzo-art', NULL, NULL, NULL, NULL, NULL, NULL, NULL, NULL, '2015-01-12 23:38:05', '2015-01-12 23:38:05', '40ddc84f-c208-427c-9d35-9f9a4fcf50a7');
INSERT INTO `craft_content` (`id`, `elementId`, `locale`, `title`, `field_body`, `field_primaryPhone`, `field_primaryEmail`, `field_primaryAddress`, `field_pageSubtitle`, `field_pageBody`, `field_wineDescription`, `field_wineAdditionalDetails`, `dateCreated`, `dateUpdated`, `uid`) VALUES ('36', '26', 'en_us', 'Slide1', NULL, NULL, NULL, NULL, NULL, NULL, NULL, NULL, '2015-01-13 03:11:46', '2015-01-13 03:11:46', 'ba735383-295b-4b40-b5a3-1ab2d0fa3209');
INSERT INTO `craft_content` (`id`, `elementId`, `locale`, `title`, `field_body`, `field_primaryPhone`, `field_primaryEmail`, `field_primaryAddress`, `field_pageSubtitle`, `field_pageBody`, `field_wineDescription`, `field_wineAdditionalDetails`, `dateCreated`, `dateUpdated`, `uid`) VALUES ('37', '26', 'it', 'Slide1', NULL, NULL, NULL, NULL, NULL, NULL, NULL, NULL, '2015-01-13 03:11:46', '2015-01-13 03:11:46', 'da773209-9937-4813-b2b2-a9a580ae343b');
INSERT INTO `craft_content` (`id`, `elementId`, `locale`, `title`, `field_body`, `field_primaryPhone`, `field_primaryEmail`, `field_primaryAddress`, `field_pageSubtitle`, `field_pageBody`, `field_wineDescription`, `field_wineAdditionalDetails`, `dateCreated`, `dateUpdated`, `uid`) VALUES ('38', '27', 'en_us', 'Slide2', NULL, NULL, NULL, NULL, NULL, NULL, NULL, NULL, '2015-01-13 03:12:00', '2015-01-13 03:12:00', '084ecc39-1bd9-4c47-92ac-426647f66e0e');
INSERT INTO `craft_content` (`id`, `elementId`, `locale`, `title`, `field_body`, `field_primaryPhone`, `field_primaryEmail`, `field_primaryAddress`, `field_pageSubtitle`, `field_pageBody`, `field_wineDescription`, `field_wineAdditionalDetails`, `dateCreated`, `dateUpdated`, `uid`) VALUES ('39', '27', 'it', 'Slide2', NULL, NULL, NULL, NULL, NULL, NULL, NULL, NULL, '2015-01-13 03:12:00', '2015-01-13 03:12:00', '8634334e-58b8-47b1-af48-bf19b3d95fd3');
INSERT INTO `craft_content` (`id`, `elementId`, `locale`, `title`, `field_body`, `field_primaryPhone`, `field_primaryEmail`, `field_primaryAddress`, `field_pageSubtitle`, `field_pageBody`, `field_wineDescription`, `field_wineAdditionalDetails`, `dateCreated`, `dateUpdated`, `uid`) VALUES ('40', '28', 'en_us', 'Slide3', NULL, NULL, NULL, NULL, NULL, NULL, NULL, NULL, '2015-01-13 03:12:14', '2015-01-13 03:12:14', 'f98889b1-3b39-443e-be9a-d6520a279b9a');
INSERT INTO `craft_content` (`id`, `elementId`, `locale`, `title`, `field_body`, `field_primaryPhone`, `field_primaryEmail`, `field_primaryAddress`, `field_pageSubtitle`, `field_pageBody`, `field_wineDescription`, `field_wineAdditionalDetails`, `dateCreated`, `dateUpdated`, `uid`) VALUES ('41', '28', 'it', 'Slide3', NULL, NULL, NULL, NULL, NULL, NULL, NULL, NULL, '2015-01-13 03:12:14', '2015-01-13 03:12:14', 'fad6de3e-2a89-4744-b827-e51de1e670cd');
INSERT INTO `craft_content` (`id`, `elementId`, `locale`, `title`, `field_body`, `field_primaryPhone`, `field_primaryEmail`, `field_primaryAddress`, `field_pageSubtitle`, `field_pageBody`, `field_wineDescription`, `field_wineAdditionalDetails`, `dateCreated`, `dateUpdated`, `uid`) VALUES ('42', '29', 'en_us', 'Home', NULL, NULL, NULL, NULL, '', '', NULL, NULL, '2015-01-13 03:12:19', '2015-01-14 22:39:51', '06b69fff-c5ec-4eda-8bb3-5310baf7762b');
INSERT INTO `craft_content` (`id`, `elementId`, `locale`, `title`, `field_body`, `field_primaryPhone`, `field_primaryEmail`, `field_primaryAddress`, `field_pageSubtitle`, `field_pageBody`, `field_wineDescription`, `field_wineAdditionalDetails`, `dateCreated`, `dateUpdated`, `uid`) VALUES ('43', '29', 'it', 'Home', NULL, NULL, NULL, NULL, '', '', NULL, NULL, '2015-01-13 03:12:19', '2015-01-14 22:39:51', '8de0c5a9-fde5-432b-aa9c-56a997a7a615');
INSERT INTO `craft_content` (`id`, `elementId`, `locale`, `title`, `field_body`, `field_primaryPhone`, `field_primaryEmail`, `field_primaryAddress`, `field_pageSubtitle`, `field_pageBody`, `field_wineDescription`, `field_wineAdditionalDetails`, `dateCreated`, `dateUpdated`, `uid`) VALUES ('44', '33', 'en_us', 'about-banner', NULL, NULL, NULL, NULL, NULL, NULL, NULL, NULL, '2015-01-14 17:42:17', '2015-01-14 17:42:17', 'e3c95fb9-5fa8-4669-9351-4d7e6e80ebb8');
INSERT INTO `craft_content` (`id`, `elementId`, `locale`, `title`, `field_body`, `field_primaryPhone`, `field_primaryEmail`, `field_primaryAddress`, `field_pageSubtitle`, `field_pageBody`, `field_wineDescription`, `field_wineAdditionalDetails`, `dateCreated`, `dateUpdated`, `uid`) VALUES ('45', '33', 'it', 'about-banner', NULL, NULL, NULL, NULL, NULL, NULL, NULL, NULL, '2015-01-14 17:42:17', '2015-01-14 17:42:17', 'b4a91cb5-81b3-4b7c-b076-821d43882129');
INSERT INTO `craft_content` (`id`, `elementId`, `locale`, `title`, `field_body`, `field_primaryPhone`, `field_primaryEmail`, `field_primaryAddress`, `field_pageSubtitle`, `field_pageBody`, `field_wineDescription`, `field_wineAdditionalDetails`, `dateCreated`, `dateUpdated`, `uid`) VALUES ('46', '34', 'en_us', 'contact-banner', NULL, NULL, NULL, NULL, NULL, NULL, NULL, NULL, '2015-01-14 17:42:17', '2015-01-14 17:42:17', '5491bdc8-3dc1-4a96-9417-6730427c7024');
INSERT INTO `craft_content` (`id`, `elementId`, `locale`, `title`, `field_body`, `field_primaryPhone`, `field_primaryEmail`, `field_primaryAddress`, `field_pageSubtitle`, `field_pageBody`, `field_wineDescription`, `field_wineAdditionalDetails`, `dateCreated`, `dateUpdated`, `uid`) VALUES ('47', '34', 'it', 'contact-banner', NULL, NULL, NULL, NULL, NULL, NULL, NULL, NULL, '2015-01-14 17:42:17', '2015-01-14 17:42:17', '8573ae0e-1589-4a7f-9ee6-88a93df9faae');
INSERT INTO `craft_content` (`id`, `elementId`, `locale`, `title`, `field_body`, `field_primaryPhone`, `field_primaryEmail`, `field_primaryAddress`, `field_pageSubtitle`, `field_pageBody`, `field_wineDescription`, `field_wineAdditionalDetails`, `dateCreated`, `dateUpdated`, `uid`) VALUES ('48', '35', 'en_us', 'olive-oil-banner', NULL, NULL, NULL, NULL, NULL, NULL, NULL, NULL, '2015-01-14 17:42:17', '2015-01-14 17:42:17', '99f8ebd1-5b52-483b-9ad7-21c4ec59e0d8');
INSERT INTO `craft_content` (`id`, `elementId`, `locale`, `title`, `field_body`, `field_primaryPhone`, `field_primaryEmail`, `field_primaryAddress`, `field_pageSubtitle`, `field_pageBody`, `field_wineDescription`, `field_wineAdditionalDetails`, `dateCreated`, `dateUpdated`, `uid`) VALUES ('49', '35', 'it', 'olive-oil-banner', NULL, NULL, NULL, NULL, NULL, NULL, NULL, NULL, '2015-01-14 17:42:17', '2015-01-14 17:42:17', '81595845-b7ae-4e10-86f7-f7f67c5fbc34');
INSERT INTO `craft_content` (`id`, `elementId`, `locale`, `title`, `field_body`, `field_primaryPhone`, `field_primaryEmail`, `field_primaryAddress`, `field_pageSubtitle`, `field_pageBody`, `field_wineDescription`, `field_wineAdditionalDetails`, `dateCreated`, `dateUpdated`, `uid`) VALUES ('52', '37', 'en_us', 'vineyard-banner', NULL, NULL, NULL, NULL, NULL, NULL, NULL, NULL, '2015-01-14 17:42:18', '2015-01-14 17:42:18', '0c485f12-4234-472a-b2c7-f306b5388a71');
INSERT INTO `craft_content` (`id`, `elementId`, `locale`, `title`, `field_body`, `field_primaryPhone`, `field_primaryEmail`, `field_primaryAddress`, `field_pageSubtitle`, `field_pageBody`, `field_wineDescription`, `field_wineAdditionalDetails`, `dateCreated`, `dateUpdated`, `uid`) VALUES ('53', '37', 'it', 'vineyard-banner', NULL, NULL, NULL, NULL, NULL, NULL, NULL, NULL, '2015-01-14 17:42:18', '2015-01-14 17:42:18', '0613e793-0586-483f-98ff-83be434aed92');
INSERT INTO `craft_content` (`id`, `elementId`, `locale`, `title`, `field_body`, `field_primaryPhone`, `field_primaryEmail`, `field_primaryAddress`, `field_pageSubtitle`, `field_pageBody`, `field_wineDescription`, `field_wineAdditionalDetails`, `dateCreated`, `dateUpdated`, `uid`) VALUES ('54', '38', 'en_us', 'about-page', NULL, NULL, NULL, NULL, NULL, NULL, NULL, NULL, '2015-01-14 17:42:32', '2015-01-14 17:42:32', '05d7d10f-5fc7-4247-844b-f948ce783e7e');
INSERT INTO `craft_content` (`id`, `elementId`, `locale`, `title`, `field_body`, `field_primaryPhone`, `field_primaryEmail`, `field_primaryAddress`, `field_pageSubtitle`, `field_pageBody`, `field_wineDescription`, `field_wineAdditionalDetails`, `dateCreated`, `dateUpdated`, `uid`) VALUES ('55', '38', 'it', 'about-page', NULL, NULL, NULL, NULL, NULL, NULL, NULL, NULL, '2015-01-14 17:42:32', '2015-01-14 17:42:32', '08d8ed70-2f63-4868-b4cc-db7b06cd0993');
INSERT INTO `craft_content` (`id`, `elementId`, `locale`, `title`, `field_body`, `field_primaryPhone`, `field_primaryEmail`, `field_primaryAddress`, `field_pageSubtitle`, `field_pageBody`, `field_wineDescription`, `field_wineAdditionalDetails`, `dateCreated`, `dateUpdated`, `uid`) VALUES ('56', '39', 'en_us', 'contact-page', NULL, NULL, NULL, NULL, NULL, NULL, NULL, NULL, '2015-01-14 17:42:32', '2015-01-14 17:42:32', 'cc5f7673-f13e-46e4-accc-8919338aef16');
INSERT INTO `craft_content` (`id`, `elementId`, `locale`, `title`, `field_body`, `field_primaryPhone`, `field_primaryEmail`, `field_primaryAddress`, `field_pageSubtitle`, `field_pageBody`, `field_wineDescription`, `field_wineAdditionalDetails`, `dateCreated`, `dateUpdated`, `uid`) VALUES ('57', '39', 'it', 'contact-page', NULL, NULL, NULL, NULL, NULL, NULL, NULL, NULL, '2015-01-14 17:42:32', '2015-01-14 17:42:32', 'c347390d-0228-4f0f-b14b-de5664cbc34c');
INSERT INTO `craft_content` (`id`, `elementId`, `locale`, `title`, `field_body`, `field_primaryPhone`, `field_primaryEmail`, `field_primaryAddress`, `field_pageSubtitle`, `field_pageBody`, `field_wineDescription`, `field_wineAdditionalDetails`, `dateCreated`, `dateUpdated`, `uid`) VALUES ('58', '40', 'en_us', 'olive-oil-page', NULL, NULL, NULL, NULL, NULL, NULL, NULL, NULL, '2015-01-14 17:42:32', '2015-01-14 17:42:32', '029bdcd1-c609-493f-bc19-dd70d5eef16d');
INSERT INTO `craft_content` (`id`, `elementId`, `locale`, `title`, `field_body`, `field_primaryPhone`, `field_primaryEmail`, `field_primaryAddress`, `field_pageSubtitle`, `field_pageBody`, `field_wineDescription`, `field_wineAdditionalDetails`, `dateCreated`, `dateUpdated`, `uid`) VALUES ('59', '40', 'it', 'olive-oil-page', NULL, NULL, NULL, NULL, NULL, NULL, NULL, NULL, '2015-01-14 17:42:32', '2015-01-14 17:42:32', '790fd366-9803-4cab-85aa-27f752f97ecf');
INSERT INTO `craft_content` (`id`, `elementId`, `locale`, `title`, `field_body`, `field_primaryPhone`, `field_primaryEmail`, `field_primaryAddress`, `field_pageSubtitle`, `field_pageBody`, `field_wineDescription`, `field_wineAdditionalDetails`, `dateCreated`, `dateUpdated`, `uid`) VALUES ('60', '41', 'en_us', 'vineyard-page', NULL, NULL, NULL, NULL, NULL, NULL, NULL, NULL, '2015-01-14 17:42:32', '2015-01-14 17:42:32', 'f60ee6b9-243d-4d97-8a8d-3aea59157930');
INSERT INTO `craft_content` (`id`, `elementId`, `locale`, `title`, `field_body`, `field_primaryPhone`, `field_primaryEmail`, `field_primaryAddress`, `field_pageSubtitle`, `field_pageBody`, `field_wineDescription`, `field_wineAdditionalDetails`, `dateCreated`, `dateUpdated`, `uid`) VALUES ('61', '41', 'it', 'vineyard-page', NULL, NULL, NULL, NULL, NULL, NULL, NULL, NULL, '2015-01-14 17:42:32', '2015-01-14 17:42:32', '70f35775-5983-49b9-b429-2732fa96db52');
INSERT INTO `craft_content` (`id`, `elementId`, `locale`, `title`, `field_body`, `field_primaryPhone`, `field_primaryEmail`, `field_primaryAddress`, `field_pageSubtitle`, `field_pageBody`, `field_wineDescription`, `field_wineAdditionalDetails`, `dateCreated`, `dateUpdated`, `uid`) VALUES ('62', '42', 'en_us', 'About', NULL, NULL, NULL, NULL, 'Learn more about us', '<h2>Who we are</h2><p>Lorem ipsum dolor sit amet, consectetur adipisicing elit, sed do eiusmod tempor incididunt ut labore et dolore magna aliqua. Ut enim ad minim veniam, quis nostrud exercitation ullamco laboris nisi ut aliquip ex ea commodo consequat. Duis aute irure dolor in reprehenderit in voluptate velit esse cillum dolore eu fugiat nulla pariatur. Excepteur sint occaecat cupidatat non proident, sunt in culpa qui officia deserunt mollit anim id est laborum.</p><h2>What we do</h2><p>Lorem ipsum dolor sit amet, consectetur adipisicing elit, sed do eiusmod tempor incididunt ut labore et dolore magna aliqua. Ut enim ad minim veniam, quis nostrud exercitation ullamco laboris nisi ut aliquip ex ea commodo consequat. Duis aute irure dolor in reprehenderit in voluptate velit esse cillum dolore eu fugiat nulla pariatur. Excepteur sint occaecat cupidatat non proident, sunt in culpa qui officia deserunt mollit anim id est laborum.</p>', NULL, NULL, '2015-01-14 17:42:46', '2015-01-14 17:42:46', '4161c31e-ec63-4071-8d72-0488fff696e6');
INSERT INTO `craft_content` (`id`, `elementId`, `locale`, `title`, `field_body`, `field_primaryPhone`, `field_primaryEmail`, `field_primaryAddress`, `field_pageSubtitle`, `field_pageBody`, `field_wineDescription`, `field_wineAdditionalDetails`, `dateCreated`, `dateUpdated`, `uid`) VALUES ('63', '42', 'it', 'About', NULL, NULL, NULL, NULL, 'Learn more about us', '<h2>Who we are</h2><p>Lorem ipsum dolor sit amet, consectetur adipisicing elit, sed do eiusmod tempor incididunt ut labore et dolore magna aliqua. Ut enim ad minim veniam, quis nostrud exercitation ullamco laboris nisi ut aliquip ex ea commodo consequat. Duis aute irure dolor in reprehenderit in voluptate velit esse cillum dolore eu fugiat nulla pariatur. Excepteur sint occaecat cupidatat non proident, sunt in culpa qui officia deserunt mollit anim id est laborum.</p><h2>What we do</h2><p>Lorem ipsum dolor sit amet, consectetur adipisicing elit, sed do eiusmod tempor incididunt ut labore et dolore magna aliqua. Ut enim ad minim veniam, quis nostrud exercitation ullamco laboris nisi ut aliquip ex ea commodo consequat. Duis aute irure dolor in reprehenderit in voluptate velit esse cillum dolore eu fugiat nulla pariatur. Excepteur sint occaecat cupidatat non proident, sunt in culpa qui officia deserunt mollit anim id est laborum.</p>', NULL, NULL, '2015-01-14 17:42:46', '2015-01-14 17:42:46', '4408ea75-31ea-41cc-9569-baba0d6132fa');
INSERT INTO `craft_content` (`id`, `elementId`, `locale`, `title`, `field_body`, `field_primaryPhone`, `field_primaryEmail`, `field_primaryAddress`, `field_pageSubtitle`, `field_pageBody`, `field_wineDescription`, `field_wineAdditionalDetails`, `dateCreated`, `dateUpdated`, `uid`) VALUES ('64', '44', 'en_us', 'Vineyard', NULL, NULL, NULL, NULL, 'Our Vines', '<h2>Vines</h2><p>Lorem ipsum dolor sit amet, consectetur adipisicing elit, sed do eiusmod tempor incididunt ut labore et dolore magna aliqua. Ut enim ad minim veniam, quis nostrud exercitation ullamco laboris nisi ut aliquip ex ea commodo consequat. Duis aute irure dolor in reprehenderit in voluptate velit esse cillum dolore eu fugiat nulla pariatur. Excepteur sint occaecat cupidatat non proident, sunt in culpa qui officia deserunt mollit anim id est laborum.</p><h2>More Vines</h2><p>Lorem ipsum dolor sit amet, consectetur adipisicing elit, sed do eiusmod tempor incididunt ut labore et dolore magna aliqua. Ut enim ad minim veniam, quis nostrud exercitation ullamco laboris nisi ut aliquip ex ea commodo consequat. Duis aute irure dolor in reprehenderit in voluptate velit esse cillum dolore eu fugiat nulla pariatur. Excepteur sint occaecat cupidatat non proident, sunt in culpa qui officia deserunt mollit anim id est laborum.</p>', NULL, NULL, '2015-01-14 17:43:38', '2015-01-14 17:43:38', '42e26419-4b44-4282-bf63-c8e101fe6ba3');
INSERT INTO `craft_content` (`id`, `elementId`, `locale`, `title`, `field_body`, `field_primaryPhone`, `field_primaryEmail`, `field_primaryAddress`, `field_pageSubtitle`, `field_pageBody`, `field_wineDescription`, `field_wineAdditionalDetails`, `dateCreated`, `dateUpdated`, `uid`) VALUES ('65', '44', 'it', 'Vineyard', NULL, NULL, NULL, NULL, 'Our Vines', '<h2>Vines</h2><p>Lorem ipsum dolor sit amet, consectetur adipisicing elit, sed do eiusmod tempor incididunt ut labore et dolore magna aliqua. Ut enim ad minim veniam, quis nostrud exercitation ullamco laboris nisi ut aliquip ex ea commodo consequat. Duis aute irure dolor in reprehenderit in voluptate velit esse cillum dolore eu fugiat nulla pariatur. Excepteur sint occaecat cupidatat non proident, sunt in culpa qui officia deserunt mollit anim id est laborum.</p><h2>More Vines</h2><p>Lorem ipsum dolor sit amet, consectetur adipisicing elit, sed do eiusmod tempor incididunt ut labore et dolore magna aliqua. Ut enim ad minim veniam, quis nostrud exercitation ullamco laboris nisi ut aliquip ex ea commodo consequat. Duis aute irure dolor in reprehenderit in voluptate velit esse cillum dolore eu fugiat nulla pariatur. Excepteur sint occaecat cupidatat non proident, sunt in culpa qui officia deserunt mollit anim id est laborum.</p>', NULL, NULL, '2015-01-14 17:43:38', '2015-01-14 17:43:38', 'afde81e2-58c3-476e-905d-8978f553b2e4');
INSERT INTO `craft_content` (`id`, `elementId`, `locale`, `title`, `field_body`, `field_primaryPhone`, `field_primaryEmail`, `field_primaryAddress`, `field_pageSubtitle`, `field_pageBody`, `field_wineDescription`, `field_wineAdditionalDetails`, `dateCreated`, `dateUpdated`, `uid`) VALUES ('66', '46', 'en_us', 'Olive Oil', NULL, NULL, NULL, NULL, 'Olives everywhere', '<h2>Oil</h2><p>Lorem ipsum dolor sit amet, consectetur adipisicing elit, sed do eiusmod tempor incididunt ut labore et dolore magna aliqua. Ut enim ad minim veniam, quis nostrud exercitation ullamco laboris nisi ut aliquip ex ea commodo consequat. Duis aute irure dolor in reprehenderit in voluptate velit esse cillum dolore eu fugiat nulla pariatur. Excepteur sint occaecat cupidatat non proident, sunt in culpa qui officia deserunt mollit anim id est laborum.</p><h2>More Oil</h2><p>Lorem ipsum dolor sit amet, consectetur adipisicing elit, sed do eiusmod tempor incididunt ut labore et dolore magna aliqua. Ut enim ad minim veniam, quis nostrud exercitation ullamco laboris nisi ut aliquip ex ea commodo consequat. Duis aute irure dolor in reprehenderit in voluptate velit esse cillum dolore eu fugiat nulla pariatur. Excepteur sint occaecat cupidatat non proident, sunt in culpa qui officia deserunt mollit anim id est laborum.</p>', NULL, NULL, '2015-01-14 17:44:33', '2015-01-14 17:44:33', '137d74db-ec22-42c1-8005-7eee6e2abe27');
INSERT INTO `craft_content` (`id`, `elementId`, `locale`, `title`, `field_body`, `field_primaryPhone`, `field_primaryEmail`, `field_primaryAddress`, `field_pageSubtitle`, `field_pageBody`, `field_wineDescription`, `field_wineAdditionalDetails`, `dateCreated`, `dateUpdated`, `uid`) VALUES ('67', '46', 'it', 'Olive Oil', NULL, NULL, NULL, NULL, 'Olives everywhere', '<h2>Oil</h2><p>Lorem ipsum dolor sit amet, consectetur adipisicing elit, sed do eiusmod tempor incididunt ut labore et dolore magna aliqua. Ut enim ad minim veniam, quis nostrud exercitation ullamco laboris nisi ut aliquip ex ea commodo consequat. Duis aute irure dolor in reprehenderit in voluptate velit esse cillum dolore eu fugiat nulla pariatur. Excepteur sint occaecat cupidatat non proident, sunt in culpa qui officia deserunt mollit anim id est laborum.</p><h2>More Oil</h2><p>Lorem ipsum dolor sit amet, consectetur adipisicing elit, sed do eiusmod tempor incididunt ut labore et dolore magna aliqua. Ut enim ad minim veniam, quis nostrud exercitation ullamco laboris nisi ut aliquip ex ea commodo consequat. Duis aute irure dolor in reprehenderit in voluptate velit esse cillum dolore eu fugiat nulla pariatur. Excepteur sint occaecat cupidatat non proident, sunt in culpa qui officia deserunt mollit anim id est laborum.</p>', NULL, NULL, '2015-01-14 17:44:33', '2015-01-14 17:44:33', '4980afa2-6e30-4058-af76-2c8e1291d5c7');
INSERT INTO `craft_content` (`id`, `elementId`, `locale`, `title`, `field_body`, `field_primaryPhone`, `field_primaryEmail`, `field_primaryAddress`, `field_pageSubtitle`, `field_pageBody`, `field_wineDescription`, `field_wineAdditionalDetails`, `dateCreated`, `dateUpdated`, `uid`) VALUES ('68', '48', 'en_us', 'Contact', NULL, NULL, NULL, NULL, 'Contact us', '<p>Get in touch with us by writing in the box below. Lorem ipsum dolor sit amet, consectetur adipisicing elit, sed do eiusmod tempor incididunt ut labore et dolore magna aliqua. </p>', NULL, NULL, '2015-01-14 17:46:00', '2015-01-14 17:51:00', 'b62071ae-3ec7-4206-90fd-1e116bcde848');
INSERT INTO `craft_content` (`id`, `elementId`, `locale`, `title`, `field_body`, `field_primaryPhone`, `field_primaryEmail`, `field_primaryAddress`, `field_pageSubtitle`, `field_pageBody`, `field_wineDescription`, `field_wineAdditionalDetails`, `dateCreated`, `dateUpdated`, `uid`) VALUES ('69', '48', 'it', 'Contact', NULL, NULL, NULL, NULL, 'Contact us', '<p>Get in touch with us by writing in the box below. Lorem ipsum dolor sit amet, consectetur adipisicing elit, sed do eiusmod tempor incididunt ut labore et dolore magna aliqua. </p>', NULL, NULL, '2015-01-14 17:46:00', '2015-01-14 17:51:00', '0e75e803-064a-43f2-a7c9-0e55eb704237');



DROP TABLE IF EXISTS `craft_deprecationerrors`;


--
-- Schema for table `craft_deprecationerrors`
--
CREATE TABLE `craft_deprecationerrors` (
  `id` int(11) NOT NULL AUTO_INCREMENT,
  `key` varchar(255) COLLATE utf8_unicode_ci NOT NULL,
  `fingerprint` varchar(255) COLLATE utf8_unicode_ci NOT NULL,
  `lastOccurrence` datetime NOT NULL,
  `file` varchar(255) COLLATE utf8_unicode_ci NOT NULL,
  `line` smallint(6) unsigned NOT NULL,
  `class` varchar(255) COLLATE utf8_unicode_ci DEFAULT NULL,
  `method` varchar(255) COLLATE utf8_unicode_ci DEFAULT NULL,
  `template` varchar(255) COLLATE utf8_unicode_ci DEFAULT NULL,
  `templateLine` smallint(6) unsigned DEFAULT NULL,
  `message` varchar(255) COLLATE utf8_unicode_ci DEFAULT NULL,
  `traces` text COLLATE utf8_unicode_ci,
  `dateCreated` datetime NOT NULL,
  `dateUpdated` datetime NOT NULL,
  `uid` char(36) COLLATE utf8_unicode_ci NOT NULL DEFAULT '0',
  PRIMARY KEY (`id`),
  UNIQUE KEY `craft_deprecationerrors_key_fingerprint_unq_idx` (`key`,`fingerprint`)
) ENGINE=InnoDB DEFAULT CHARSET=utf8 COLLATE=utf8_unicode_ci;

DROP TABLE IF EXISTS `craft_elements`;


--
-- Schema for table `craft_elements`
--
CREATE TABLE `craft_elements` (
  `id` int(11) NOT NULL AUTO_INCREMENT,
  `type` varchar(150) COLLATE utf8_unicode_ci NOT NULL,
  `enabled` tinyint(1) unsigned NOT NULL DEFAULT '1',
  `archived` tinyint(1) unsigned NOT NULL DEFAULT '0',
  `dateCreated` datetime NOT NULL,
  `dateUpdated` datetime NOT NULL,
  `uid` char(36) COLLATE utf8_unicode_ci NOT NULL DEFAULT '0',
  PRIMARY KEY (`id`),
  KEY `craft_elements_type_idx` (`type`),
  KEY `craft_elements_enabled_idx` (`enabled`),
  KEY `craft_elements_archived_dateCreated_idx` (`archived`,`dateCreated`)
) ENGINE=InnoDB AUTO_INCREMENT=50 DEFAULT CHARSET=utf8 COLLATE=utf8_unicode_ci;

--
-- Data for table `craft_elements`
--

INSERT INTO `craft_elements` (`id`, `type`, `enabled`, `archived`, `dateCreated`, `dateUpdated`, `uid`) VALUES ('1', 'User', '1', '0', '2015-01-09 19:54:27', '2015-01-09 19:56:04', '6f82837c-8de8-40a8-bf0b-1c3f833cf5a2');
INSERT INTO `craft_elements` (`id`, `type`, `enabled`, `archived`, `dateCreated`, `dateUpdated`, `uid`) VALUES ('2', 'Entry', '1', '0', '2015-01-09 19:54:28', '2015-01-09 21:40:33', 'cd44db33-6705-46a4-9755-440498a571e5');
INSERT INTO `craft_elements` (`id`, `type`, `enabled`, `archived`, `dateCreated`, `dateUpdated`, `uid`) VALUES ('3', 'Entry', '1', '0', '2015-01-09 19:54:29', '2015-01-09 21:40:33', '1f14b33d-f3e6-49c5-896d-979f528da68e');
INSERT INTO `craft_elements` (`id`, `type`, `enabled`, `archived`, `dateCreated`, `dateUpdated`, `uid`) VALUES ('4', 'GlobalSet', '1', '0', '2015-01-09 21:30:34', '2015-01-09 22:25:17', '929805e8-e8e0-43dd-b183-ef0cfcc006e8');
INSERT INTO `craft_elements` (`id`, `type`, `enabled`, `archived`, `dateCreated`, `dateUpdated`, `uid`) VALUES ('5', 'Asset', '1', '0', '2015-01-12 18:58:52', '2015-01-12 18:58:52', '8d586e6f-5b53-4767-a1d9-b95df13db4f8');
INSERT INTO `craft_elements` (`id`, `type`, `enabled`, `archived`, `dateCreated`, `dateUpdated`, `uid`) VALUES ('6', 'Entry', '1', '0', '2015-01-12 18:58:59', '2015-01-13 03:12:30', '4fc6e96f-f22e-4002-bf10-81c86e5e8f2c');
INSERT INTO `craft_elements` (`id`, `type`, `enabled`, `archived`, `dateCreated`, `dateUpdated`, `uid`) VALUES ('7', 'Asset', '1', '0', '2015-01-12 19:02:01', '2015-01-12 19:02:01', '4e18353c-cdd6-438c-8c22-4cd3166bf3a1');
INSERT INTO `craft_elements` (`id`, `type`, `enabled`, `archived`, `dateCreated`, `dateUpdated`, `uid`) VALUES ('8', 'MatrixBlock', '1', '0', '2015-01-12 19:02:11', '2015-01-13 03:12:30', 'ca6575db-b9f3-4c39-9122-cf5e6c4c04eb');
INSERT INTO `craft_elements` (`id`, `type`, `enabled`, `archived`, `dateCreated`, `dateUpdated`, `uid`) VALUES ('9', 'Entry', '1', '0', '2015-01-12 22:24:03', '2015-01-14 00:02:38', '2d9c7190-989a-4de2-b05e-ff11e08679a2');
INSERT INTO `craft_elements` (`id`, `type`, `enabled`, `archived`, `dateCreated`, `dateUpdated`, `uid`) VALUES ('10', 'MatrixBlock', '1', '0', '2015-01-12 22:24:03', '2015-01-14 00:02:38', '297f4ccf-23be-4dd8-bebb-dd1113bde205');
INSERT INTO `craft_elements` (`id`, `type`, `enabled`, `archived`, `dateCreated`, `dateUpdated`, `uid`) VALUES ('11', 'Asset', '1', '0', '2015-01-12 22:25:42', '2015-01-12 22:25:42', 'b097f935-8118-446f-8aa1-94b203bd5414');
INSERT INTO `craft_elements` (`id`, `type`, `enabled`, `archived`, `dateCreated`, `dateUpdated`, `uid`) VALUES ('12', 'Asset', '1', '0', '2015-01-12 22:27:01', '2015-01-12 22:27:01', 'caa204ec-5510-407b-9a6b-ceebf76b07ad');
INSERT INTO `craft_elements` (`id`, `type`, `enabled`, `archived`, `dateCreated`, `dateUpdated`, `uid`) VALUES ('13', 'Entry', '1', '0', '2015-01-12 23:28:52', '2015-01-12 23:38:43', '3692aab9-54f6-4bf3-90b3-d32e4bbb9e44');
INSERT INTO `craft_elements` (`id`, `type`, `enabled`, `archived`, `dateCreated`, `dateUpdated`, `uid`) VALUES ('14', 'MatrixBlock', '1', '0', '2015-01-12 23:28:52', '2015-01-12 23:38:43', '9a070ea3-6e51-4695-817f-62253915eee9');
INSERT INTO `craft_elements` (`id`, `type`, `enabled`, `archived`, `dateCreated`, `dateUpdated`, `uid`) VALUES ('15', 'Asset', '1', '0', '2015-01-12 23:30:09', '2015-01-12 23:30:09', '33298d8d-9911-48d3-a6e9-e2ded0f1b556');
INSERT INTO `craft_elements` (`id`, `type`, `enabled`, `archived`, `dateCreated`, `dateUpdated`, `uid`) VALUES ('16', 'Entry', '1', '0', '2015-01-12 23:36:06', '2015-01-12 23:38:35', '6d13e484-aa18-4b2c-bc77-d8dc9e6526d9');
INSERT INTO `craft_elements` (`id`, `type`, `enabled`, `archived`, `dateCreated`, `dateUpdated`, `uid`) VALUES ('17', 'MatrixBlock', '1', '0', '2015-01-12 23:36:06', '2015-01-12 23:38:35', 'ce746251-5990-4f92-b450-eee57c8a4f45');
INSERT INTO `craft_elements` (`id`, `type`, `enabled`, `archived`, `dateCreated`, `dateUpdated`, `uid`) VALUES ('18', 'Asset', '1', '0', '2015-01-12 23:36:16', '2015-01-12 23:36:16', '91027339-03ad-43e8-8d32-3e44f45e1a0d');
INSERT INTO `craft_elements` (`id`, `type`, `enabled`, `archived`, `dateCreated`, `dateUpdated`, `uid`) VALUES ('19', 'Entry', '1', '0', '2015-01-12 23:36:56', '2015-01-12 23:38:20', '6df70f75-cfe2-4454-bb56-f22bc3a74397');
INSERT INTO `craft_elements` (`id`, `type`, `enabled`, `archived`, `dateCreated`, `dateUpdated`, `uid`) VALUES ('20', 'MatrixBlock', '1', '0', '2015-01-12 23:36:56', '2015-01-12 23:38:20', 'b22e3d16-5ade-4753-a3a4-906b26131115');
INSERT INTO `craft_elements` (`id`, `type`, `enabled`, `archived`, `dateCreated`, `dateUpdated`, `uid`) VALUES ('21', 'Asset', '1', '0', '2015-01-12 23:37:08', '2015-01-12 23:37:08', '3fd08004-0351-4ed4-9d73-6dd0b9c680c4');
INSERT INTO `craft_elements` (`id`, `type`, `enabled`, `archived`, `dateCreated`, `dateUpdated`, `uid`) VALUES ('22', 'Entry', '1', '0', '2015-01-12 23:37:53', '2015-01-13 00:33:22', 'e2667006-e5ae-46f2-8089-5020143da49f');
INSERT INTO `craft_elements` (`id`, `type`, `enabled`, `archived`, `dateCreated`, `dateUpdated`, `uid`) VALUES ('23', 'MatrixBlock', '1', '0', '2015-01-12 23:37:53', '2015-01-13 00:33:22', '76392c00-c69e-4ba7-9533-df2916ddd95d');
INSERT INTO `craft_elements` (`id`, `type`, `enabled`, `archived`, `dateCreated`, `dateUpdated`, `uid`) VALUES ('24', 'Asset', '1', '0', '2015-01-12 23:38:05', '2015-01-13 00:33:17', 'a08dbaf3-b45b-4a96-a5c7-08111413907f');
INSERT INTO `craft_elements` (`id`, `type`, `enabled`, `archived`, `dateCreated`, `dateUpdated`, `uid`) VALUES ('26', 'Asset', '1', '0', '2015-01-13 03:11:46', '2015-01-13 03:11:46', 'e24dd360-caff-46fa-8494-b559805c1032');
INSERT INTO `craft_elements` (`id`, `type`, `enabled`, `archived`, `dateCreated`, `dateUpdated`, `uid`) VALUES ('27', 'Asset', '1', '0', '2015-01-13 03:12:00', '2015-01-13 03:12:00', '3c6fac7b-d687-4f88-ad8a-3414353ad3c6');
INSERT INTO `craft_elements` (`id`, `type`, `enabled`, `archived`, `dateCreated`, `dateUpdated`, `uid`) VALUES ('28', 'Asset', '1', '0', '2015-01-13 03:12:14', '2015-01-13 03:12:14', '213b78a3-29e9-4773-a110-2b9a1f81f1ba');
INSERT INTO `craft_elements` (`id`, `type`, `enabled`, `archived`, `dateCreated`, `dateUpdated`, `uid`) VALUES ('29', 'Entry', '1', '0', '2015-01-13 03:12:19', '2015-01-14 22:39:51', '0c211739-c755-4176-b924-2f8fb3f13003');
INSERT INTO `craft_elements` (`id`, `type`, `enabled`, `archived`, `dateCreated`, `dateUpdated`, `uid`) VALUES ('30', 'MatrixBlock', '1', '0', '2015-01-13 03:12:19', '2015-01-14 22:39:51', 'ff88d410-79fe-4694-a910-2a67374402d8');
INSERT INTO `craft_elements` (`id`, `type`, `enabled`, `archived`, `dateCreated`, `dateUpdated`, `uid`) VALUES ('31', 'MatrixBlock', '1', '0', '2015-01-13 03:12:19', '2015-01-14 22:39:51', '2be25dd9-4336-42f9-b0a0-46fbbf3f7851');
INSERT INTO `craft_elements` (`id`, `type`, `enabled`, `archived`, `dateCreated`, `dateUpdated`, `uid`) VALUES ('32', 'MatrixBlock', '1', '0', '2015-01-13 03:12:19', '2015-01-14 22:39:51', 'a126bfea-9a75-444d-a6b0-1b8db4ce68ee');
INSERT INTO `craft_elements` (`id`, `type`, `enabled`, `archived`, `dateCreated`, `dateUpdated`, `uid`) VALUES ('33', 'Asset', '1', '0', '2015-01-14 17:42:17', '2015-01-14 17:42:17', '251044a8-5fcf-443e-9959-d0dda60f7dc6');
INSERT INTO `craft_elements` (`id`, `type`, `enabled`, `archived`, `dateCreated`, `dateUpdated`, `uid`) VALUES ('34', 'Asset', '1', '0', '2015-01-14 17:42:17', '2015-01-14 17:42:17', '58029fd4-e163-425d-827f-14c026dd6869');
INSERT INTO `craft_elements` (`id`, `type`, `enabled`, `archived`, `dateCreated`, `dateUpdated`, `uid`) VALUES ('35', 'Asset', '1', '0', '2015-01-14 17:42:17', '2015-01-14 17:42:17', '594401c7-1688-4201-9db4-4fbda05b1220');
INSERT INTO `craft_elements` (`id`, `type`, `enabled`, `archived`, `dateCreated`, `dateUpdated`, `uid`) VALUES ('37', 'Asset', '1', '0', '2015-01-14 17:42:18', '2015-01-14 17:42:18', '3faaf923-24f2-4baf-bdde-69753b6614b2');
INSERT INTO `craft_elements` (`id`, `type`, `enabled`, `archived`, `dateCreated`, `dateUpdated`, `uid`) VALUES ('38', 'Asset', '1', '0', '2015-01-14 17:42:32', '2015-01-14 17:42:32', '0fba0d59-d9e8-4e06-8a05-4ed8de1b03f6');
INSERT INTO `craft_elements` (`id`, `type`, `enabled`, `archived`, `dateCreated`, `dateUpdated`, `uid`) VALUES ('39', 'Asset', '1', '0', '2015-01-14 17:42:32', '2015-01-14 17:42:32', '07c318be-7b74-4257-be75-1ba6dc60d02e');
INSERT INTO `craft_elements` (`id`, `type`, `enabled`, `archived`, `dateCreated`, `dateUpdated`, `uid`) VALUES ('40', 'Asset', '1', '0', '2015-01-14 17:42:32', '2015-01-14 17:42:32', 'c486a2ef-c5f1-460b-aff1-9763ffa22a16');
INSERT INTO `craft_elements` (`id`, `type`, `enabled`, `archived`, `dateCreated`, `dateUpdated`, `uid`) VALUES ('41', 'Asset', '1', '0', '2015-01-14 17:42:32', '2015-01-14 17:42:32', '35ba9bf3-d779-4a13-84e6-6d4d4e13318c');
INSERT INTO `craft_elements` (`id`, `type`, `enabled`, `archived`, `dateCreated`, `dateUpdated`, `uid`) VALUES ('42', 'Entry', '1', '0', '2015-01-14 17:42:46', '2015-01-14 17:42:46', '108c1dcb-5c6e-446e-aa62-0be17c55c941');
INSERT INTO `craft_elements` (`id`, `type`, `enabled`, `archived`, `dateCreated`, `dateUpdated`, `uid`) VALUES ('43', 'MatrixBlock', '1', '0', '2015-01-14 17:42:46', '2015-01-14 17:42:46', '2cf6f7cc-c97b-424a-b787-3df9a770f2f3');
INSERT INTO `craft_elements` (`id`, `type`, `enabled`, `archived`, `dateCreated`, `dateUpdated`, `uid`) VALUES ('44', 'Entry', '1', '0', '2015-01-14 17:43:38', '2015-01-14 17:43:38', 'c43ecc87-8e45-4952-8c19-9f0d67e7300d');
INSERT INTO `craft_elements` (`id`, `type`, `enabled`, `archived`, `dateCreated`, `dateUpdated`, `uid`) VALUES ('45', 'MatrixBlock', '1', '0', '2015-01-14 17:43:38', '2015-01-14 17:43:38', 'd4e838bd-2c68-4d21-9b73-b3dd3260d748');
INSERT INTO `craft_elements` (`id`, `type`, `enabled`, `archived`, `dateCreated`, `dateUpdated`, `uid`) VALUES ('46', 'Entry', '1', '0', '2015-01-14 17:44:33', '2015-01-14 17:44:33', '7a51d542-480a-4434-9afa-de1066bada3e');
INSERT INTO `craft_elements` (`id`, `type`, `enabled`, `archived`, `dateCreated`, `dateUpdated`, `uid`) VALUES ('47', 'MatrixBlock', '1', '0', '2015-01-14 17:44:33', '2015-01-14 17:44:33', 'b8d65306-5709-4e84-a4d1-52cf59600918');
INSERT INTO `craft_elements` (`id`, `type`, `enabled`, `archived`, `dateCreated`, `dateUpdated`, `uid`) VALUES ('48', 'Entry', '1', '0', '2015-01-14 17:46:00', '2015-01-14 17:51:00', 'a2aa18c3-9113-4368-9188-c0b2b849aa82');
INSERT INTO `craft_elements` (`id`, `type`, `enabled`, `archived`, `dateCreated`, `dateUpdated`, `uid`) VALUES ('49', 'MatrixBlock', '1', '0', '2015-01-14 17:46:00', '2015-01-14 17:51:00', 'fe905242-03d8-435e-9551-f01356449dce');



DROP TABLE IF EXISTS `craft_elements_i18n`;


--
-- Schema for table `craft_elements_i18n`
--
CREATE TABLE `craft_elements_i18n` (
  `id` int(11) NOT NULL AUTO_INCREMENT,
  `elementId` int(11) NOT NULL,
  `locale` char(12) COLLATE utf8_unicode_ci NOT NULL,
  `slug` varchar(255) COLLATE utf8_unicode_ci DEFAULT NULL,
  `uri` varchar(255) COLLATE utf8_unicode_ci DEFAULT NULL,
  `enabled` tinyint(1) unsigned NOT NULL DEFAULT '1',
  `dateCreated` datetime NOT NULL,
  `dateUpdated` datetime NOT NULL,
  `uid` char(36) COLLATE utf8_unicode_ci NOT NULL DEFAULT '0',
  PRIMARY KEY (`id`),
  UNIQUE KEY `craft_elements_i18n_elementId_locale_unq_idx` (`elementId`,`locale`),
  UNIQUE KEY `craft_elements_i18n_uri_locale_unq_idx` (`uri`,`locale`),
  KEY `craft_elements_i18n_slug_locale_idx` (`slug`,`locale`),
  KEY `craft_elements_i18n_enabled_idx` (`enabled`),
  KEY `craft_elements_i18n_locale_fk` (`locale`)
) ENGINE=InnoDB AUTO_INCREMENT=96 DEFAULT CHARSET=utf8 COLLATE=utf8_unicode_ci;

--
-- Data for table `craft_elements_i18n`
--

INSERT INTO `craft_elements_i18n` (`id`, `elementId`, `locale`, `slug`, `uri`, `enabled`, `dateCreated`, `dateUpdated`, `uid`) VALUES ('1', '1', 'en_us', '', NULL, '1', '2015-01-09 19:54:27', '2015-01-09 19:56:04', 'b3a3006e-64c5-4172-86b4-0c867b964ec2');
INSERT INTO `craft_elements_i18n` (`id`, `elementId`, `locale`, `slug`, `uri`, `enabled`, `dateCreated`, `dateUpdated`, `uid`) VALUES ('2', '2', 'en_us', 'homepage', '__home__', '1', '2015-01-09 19:54:28', '2015-01-09 21:40:33', 'b511c5d8-d794-4c46-9f8a-087539bd01ad');
INSERT INTO `craft_elements_i18n` (`id`, `elementId`, `locale`, `slug`, `uri`, `enabled`, `dateCreated`, `dateUpdated`, `uid`) VALUES ('3', '3', 'en_us', 'we-just-installed-craft', 'news/2015/we-just-installed-craft', '1', '2015-01-09 19:54:29', '2015-01-09 21:40:33', 'cbef56fa-4f27-45f4-a53c-56578b0a1156');
INSERT INTO `craft_elements_i18n` (`id`, `elementId`, `locale`, `slug`, `uri`, `enabled`, `dateCreated`, `dateUpdated`, `uid`) VALUES ('4', '4', 'en_us', '', NULL, '1', '2015-01-09 21:30:34', '2015-01-09 22:25:17', 'e2d246c9-3315-47c1-a370-75a5ea44c02c');
INSERT INTO `craft_elements_i18n` (`id`, `elementId`, `locale`, `slug`, `uri`, `enabled`, `dateCreated`, `dateUpdated`, `uid`) VALUES ('5', '4', 'it', '', NULL, '1', '2015-01-09 21:40:33', '2015-01-09 22:25:17', 'a610dea0-1515-456d-9221-6776f43d917c');
INSERT INTO `craft_elements_i18n` (`id`, `elementId`, `locale`, `slug`, `uri`, `enabled`, `dateCreated`, `dateUpdated`, `uid`) VALUES ('6', '5', 'en_us', 'philosophy-image', NULL, '1', '2015-01-12 18:58:53', '2015-01-12 18:58:53', '230c872e-b989-4df3-a9ba-e01b93f5a4b2');
INSERT INTO `craft_elements_i18n` (`id`, `elementId`, `locale`, `slug`, `uri`, `enabled`, `dateCreated`, `dateUpdated`, `uid`) VALUES ('7', '5', 'it', 'philosophy-image', NULL, '1', '2015-01-12 18:58:53', '2015-01-12 18:58:53', '28519c43-8c5d-40c8-a671-6f8ba8e2f644');
INSERT INTO `craft_elements_i18n` (`id`, `elementId`, `locale`, `slug`, `uri`, `enabled`, `dateCreated`, `dateUpdated`, `uid`) VALUES ('8', '6', 'en_us', 'philosophy', NULL, '1', '2015-01-12 18:58:59', '2015-01-13 03:12:30', '518a4bae-80d7-45e1-99ed-3db750fcda9f');
INSERT INTO `craft_elements_i18n` (`id`, `elementId`, `locale`, `slug`, `uri`, `enabled`, `dateCreated`, `dateUpdated`, `uid`) VALUES ('9', '6', 'it', 'philosophy', NULL, '1', '2015-01-12 18:58:59', '2015-01-13 03:12:30', 'cf1a0e80-28b5-4180-b45f-198fefa8bf1e');
INSERT INTO `craft_elements_i18n` (`id`, `elementId`, `locale`, `slug`, `uri`, `enabled`, `dateCreated`, `dateUpdated`, `uid`) VALUES ('10', '7', 'en_us', 'philosophy-banner', NULL, '1', '2015-01-12 19:02:01', '2015-01-12 19:02:01', '05e0f990-8d48-43d4-bffc-5d565e93b31c');
INSERT INTO `craft_elements_i18n` (`id`, `elementId`, `locale`, `slug`, `uri`, `enabled`, `dateCreated`, `dateUpdated`, `uid`) VALUES ('11', '7', 'it', 'philosophy-banner', NULL, '1', '2015-01-12 19:02:01', '2015-01-12 19:02:01', '090efb67-2d9c-483b-9a5e-8067810ac09b');
INSERT INTO `craft_elements_i18n` (`id`, `elementId`, `locale`, `slug`, `uri`, `enabled`, `dateCreated`, `dateUpdated`, `uid`) VALUES ('12', '8', 'en_us', '', NULL, '1', '2015-01-12 19:02:11', '2015-01-13 03:12:30', '89cff21d-4890-4470-9aee-9255ce005538');
INSERT INTO `craft_elements_i18n` (`id`, `elementId`, `locale`, `slug`, `uri`, `enabled`, `dateCreated`, `dateUpdated`, `uid`) VALUES ('13', '8', 'it', '', NULL, '1', '2015-01-12 19:02:11', '2015-01-13 03:12:30', '2306a37a-f7d0-415f-bc58-0c174d76f058');
INSERT INTO `craft_elements_i18n` (`id`, `elementId`, `locale`, `slug`, `uri`, `enabled`, `dateCreated`, `dateUpdated`, `uid`) VALUES ('14', '9', 'en_us', 'gigio', NULL, '1', '2015-01-12 22:24:03', '2015-01-14 00:02:38', '11f4e956-d9df-47a2-bf7d-2b90807e306c');
INSERT INTO `craft_elements_i18n` (`id`, `elementId`, `locale`, `slug`, `uri`, `enabled`, `dateCreated`, `dateUpdated`, `uid`) VALUES ('15', '9', 'it', 'gigio', NULL, '0', '2015-01-12 22:24:03', '2015-01-14 00:02:38', '9c4f719a-85c8-4b07-9e98-a7fc19718340');
INSERT INTO `craft_elements_i18n` (`id`, `elementId`, `locale`, `slug`, `uri`, `enabled`, `dateCreated`, `dateUpdated`, `uid`) VALUES ('16', '10', 'en_us', '', NULL, '1', '2015-01-12 22:24:03', '2015-01-14 00:02:38', '1fa03a6c-4c36-4146-a873-0b18b11d5e95');
INSERT INTO `craft_elements_i18n` (`id`, `elementId`, `locale`, `slug`, `uri`, `enabled`, `dateCreated`, `dateUpdated`, `uid`) VALUES ('17', '10', 'it', '', NULL, '1', '2015-01-12 22:24:03', '2015-01-14 00:02:38', 'c44ddf87-a5d5-40f6-9591-435ba5ea6350');
INSERT INTO `craft_elements_i18n` (`id`, `elementId`, `locale`, `slug`, `uri`, `enabled`, `dateCreated`, `dateUpdated`, `uid`) VALUES ('18', '11', 'en_us', 'gigio-bottle', NULL, '1', '2015-01-12 22:25:42', '2015-01-12 22:25:42', '60757aff-91db-459b-ab3d-71b0a05c3622');
INSERT INTO `craft_elements_i18n` (`id`, `elementId`, `locale`, `slug`, `uri`, `enabled`, `dateCreated`, `dateUpdated`, `uid`) VALUES ('19', '11', 'it', 'gigio-bottle', NULL, '1', '2015-01-12 22:25:42', '2015-01-12 22:25:42', '29aa3077-7581-4439-8a9b-f02b5c516987');
INSERT INTO `craft_elements_i18n` (`id`, `elementId`, `locale`, `slug`, `uri`, `enabled`, `dateCreated`, `dateUpdated`, `uid`) VALUES ('20', '12', 'en_us', 'gigio-art', NULL, '1', '2015-01-12 22:27:01', '2015-01-12 22:27:01', '33c60df7-dbd1-4aa8-9174-f2d8a9ad8c8e');
INSERT INTO `craft_elements_i18n` (`id`, `elementId`, `locale`, `slug`, `uri`, `enabled`, `dateCreated`, `dateUpdated`, `uid`) VALUES ('21', '12', 'it', 'gigio-art', NULL, '1', '2015-01-12 22:27:01', '2015-01-12 22:27:01', 'a1db1d66-c600-4fac-9656-e47fdbb74a0b');
INSERT INTO `craft_elements_i18n` (`id`, `elementId`, `locale`, `slug`, `uri`, `enabled`, `dateCreated`, `dateUpdated`, `uid`) VALUES ('22', '13', 'en_us', 'gigetto', NULL, '1', '2015-01-12 23:28:52', '2015-01-12 23:38:43', 'a3de3b54-7d38-452a-86db-e3c03de409a4');
INSERT INTO `craft_elements_i18n` (`id`, `elementId`, `locale`, `slug`, `uri`, `enabled`, `dateCreated`, `dateUpdated`, `uid`) VALUES ('23', '13', 'it', 'gigio', NULL, '1', '2015-01-12 23:28:52', '2015-01-12 23:38:43', '737a7009-3229-4104-a496-2ac1f19a14c6');
INSERT INTO `craft_elements_i18n` (`id`, `elementId`, `locale`, `slug`, `uri`, `enabled`, `dateCreated`, `dateUpdated`, `uid`) VALUES ('24', '14', 'en_us', '', NULL, '1', '2015-01-12 23:28:52', '2015-01-12 23:38:43', '71fbb5ac-dfe3-4d98-91a1-e76366a13f3b');
INSERT INTO `craft_elements_i18n` (`id`, `elementId`, `locale`, `slug`, `uri`, `enabled`, `dateCreated`, `dateUpdated`, `uid`) VALUES ('25', '14', 'it', '', NULL, '1', '2015-01-12 23:28:52', '2015-01-12 23:38:43', 'ef178285-e543-4d03-9d55-e439f15f87c8');
INSERT INTO `craft_elements_i18n` (`id`, `elementId`, `locale`, `slug`, `uri`, `enabled`, `dateCreated`, `dateUpdated`, `uid`) VALUES ('26', '15', 'en_us', 'gigetto-art', NULL, '1', '2015-01-12 23:30:09', '2015-01-12 23:30:09', '9d4cba3b-9230-48fc-9f5f-85cdba5d40d9');
INSERT INTO `craft_elements_i18n` (`id`, `elementId`, `locale`, `slug`, `uri`, `enabled`, `dateCreated`, `dateUpdated`, `uid`) VALUES ('27', '15', 'it', 'gigetto-art', NULL, '1', '2015-01-12 23:30:09', '2015-01-12 23:30:09', '8ad7891b-a126-4f46-ad12-99f979050435');
INSERT INTO `craft_elements_i18n` (`id`, `elementId`, `locale`, `slug`, `uri`, `enabled`, `dateCreated`, `dateUpdated`, `uid`) VALUES ('28', '16', 'en_us', 'gigino', NULL, '1', '2015-01-12 23:36:06', '2015-01-12 23:38:35', '6bdccf07-05f0-4a62-b852-2b3af1d5bcc6');
INSERT INTO `craft_elements_i18n` (`id`, `elementId`, `locale`, `slug`, `uri`, `enabled`, `dateCreated`, `dateUpdated`, `uid`) VALUES ('29', '16', 'it', 'gigio', NULL, '1', '2015-01-12 23:36:06', '2015-01-12 23:38:35', 'dd866341-2c9e-4008-ba73-ff342e39605e');
INSERT INTO `craft_elements_i18n` (`id`, `elementId`, `locale`, `slug`, `uri`, `enabled`, `dateCreated`, `dateUpdated`, `uid`) VALUES ('30', '17', 'en_us', '', NULL, '1', '2015-01-12 23:36:06', '2015-01-12 23:38:35', '5eafbace-d91c-4ef9-8984-bf49bcc6b77e');
INSERT INTO `craft_elements_i18n` (`id`, `elementId`, `locale`, `slug`, `uri`, `enabled`, `dateCreated`, `dateUpdated`, `uid`) VALUES ('31', '17', 'it', '', NULL, '1', '2015-01-12 23:36:06', '2015-01-12 23:38:35', '615292ff-b3ae-4228-9a29-754e9060ad63');
INSERT INTO `craft_elements_i18n` (`id`, `elementId`, `locale`, `slug`, `uri`, `enabled`, `dateCreated`, `dateUpdated`, `uid`) VALUES ('32', '18', 'en_us', 'gigeno-art', NULL, '1', '2015-01-12 23:36:16', '2015-01-12 23:36:16', 'ecbf629b-235d-4089-aded-32cd16f9d4a9');
INSERT INTO `craft_elements_i18n` (`id`, `elementId`, `locale`, `slug`, `uri`, `enabled`, `dateCreated`, `dateUpdated`, `uid`) VALUES ('33', '18', 'it', 'gigeno-art', NULL, '1', '2015-01-12 23:36:16', '2015-01-12 23:36:16', 'cac664f8-300b-4251-9799-a03d805c81ad');
INSERT INTO `craft_elements_i18n` (`id`, `elementId`, `locale`, `slug`, `uri`, `enabled`, `dateCreated`, `dateUpdated`, `uid`) VALUES ('34', '19', 'en_us', 'pallino', NULL, '1', '2015-01-12 23:36:56', '2015-01-12 23:38:20', '5d703c66-c5fb-4cfa-89d1-7d29efb71b82');
INSERT INTO `craft_elements_i18n` (`id`, `elementId`, `locale`, `slug`, `uri`, `enabled`, `dateCreated`, `dateUpdated`, `uid`) VALUES ('35', '19', 'it', 'gigio', NULL, '1', '2015-01-12 23:36:56', '2015-01-12 23:38:20', '97226e0a-5da1-4a3a-b14b-81e4f095f72e');
INSERT INTO `craft_elements_i18n` (`id`, `elementId`, `locale`, `slug`, `uri`, `enabled`, `dateCreated`, `dateUpdated`, `uid`) VALUES ('36', '20', 'en_us', '', NULL, '1', '2015-01-12 23:36:56', '2015-01-12 23:38:20', '1dad9895-7403-4051-a79e-be3d299eb20c');
INSERT INTO `craft_elements_i18n` (`id`, `elementId`, `locale`, `slug`, `uri`, `enabled`, `dateCreated`, `dateUpdated`, `uid`) VALUES ('37', '20', 'it', '', NULL, '1', '2015-01-12 23:36:56', '2015-01-12 23:38:20', 'a8dc91c1-d586-4f73-9529-300a1d9c78ce');
INSERT INTO `craft_elements_i18n` (`id`, `elementId`, `locale`, `slug`, `uri`, `enabled`, `dateCreated`, `dateUpdated`, `uid`) VALUES ('38', '21', 'en_us', 'pinko-pallino-art', NULL, '1', '2015-01-12 23:37:08', '2015-01-12 23:37:08', '9ae65076-1de8-4539-84bd-c41d1eae8d82');
INSERT INTO `craft_elements_i18n` (`id`, `elementId`, `locale`, `slug`, `uri`, `enabled`, `dateCreated`, `dateUpdated`, `uid`) VALUES ('39', '21', 'it', 'pinko-pallino-art', NULL, '1', '2015-01-12 23:37:08', '2015-01-12 23:37:08', '506b9d28-1377-45b0-bc9d-bc24026f7ecb');
INSERT INTO `craft_elements_i18n` (`id`, `elementId`, `locale`, `slug`, `uri`, `enabled`, `dateCreated`, `dateUpdated`, `uid`) VALUES ('40', '22', 'en_us', 'paonazzo', NULL, '1', '2015-01-12 23:37:53', '2015-01-13 00:33:22', 'a245077b-1a70-4cfb-9cca-bad7bec9a7f4');
INSERT INTO `craft_elements_i18n` (`id`, `elementId`, `locale`, `slug`, `uri`, `enabled`, `dateCreated`, `dateUpdated`, `uid`) VALUES ('41', '22', 'it', 'gigio', NULL, '1', '2015-01-12 23:37:53', '2015-01-13 00:33:22', '0f947975-c1ac-4348-bd88-e4c6b81f02fd');
INSERT INTO `craft_elements_i18n` (`id`, `elementId`, `locale`, `slug`, `uri`, `enabled`, `dateCreated`, `dateUpdated`, `uid`) VALUES ('42', '23', 'en_us', '', NULL, '1', '2015-01-12 23:37:53', '2015-01-13 00:33:22', '54a46974-d443-4f85-b6e9-4b72e972c2ea');
INSERT INTO `craft_elements_i18n` (`id`, `elementId`, `locale`, `slug`, `uri`, `enabled`, `dateCreated`, `dateUpdated`, `uid`) VALUES ('43', '23', 'it', '', NULL, '1', '2015-01-12 23:37:53', '2015-01-13 00:33:22', '19c7abf1-855a-4e6a-925e-c00211850d91');
INSERT INTO `craft_elements_i18n` (`id`, `elementId`, `locale`, `slug`, `uri`, `enabled`, `dateCreated`, `dateUpdated`, `uid`) VALUES ('44', '24', 'en_us', 'paonazzo-art', NULL, '1', '2015-01-12 23:38:05', '2015-01-13 00:33:17', '4067d0fc-4101-47fb-9ae0-8e47e7eec249');
INSERT INTO `craft_elements_i18n` (`id`, `elementId`, `locale`, `slug`, `uri`, `enabled`, `dateCreated`, `dateUpdated`, `uid`) VALUES ('45', '24', 'it', 'paonazzo-art', NULL, '1', '2015-01-12 23:38:05', '2015-01-13 00:33:17', '6c0c3b09-cff0-4d2e-9991-6d45f626c619');
INSERT INTO `craft_elements_i18n` (`id`, `elementId`, `locale`, `slug`, `uri`, `enabled`, `dateCreated`, `dateUpdated`, `uid`) VALUES ('48', '26', 'en_us', 'slide1', NULL, '1', '2015-01-13 03:11:46', '2015-01-13 03:11:46', '53196420-f80b-4f13-b78c-fca71e1089c8');
INSERT INTO `craft_elements_i18n` (`id`, `elementId`, `locale`, `slug`, `uri`, `enabled`, `dateCreated`, `dateUpdated`, `uid`) VALUES ('49', '26', 'it', 'slide1', NULL, '1', '2015-01-13 03:11:46', '2015-01-13 03:11:46', '7bf699c4-be42-4458-89ff-f1ed2b3bfbf8');
INSERT INTO `craft_elements_i18n` (`id`, `elementId`, `locale`, `slug`, `uri`, `enabled`, `dateCreated`, `dateUpdated`, `uid`) VALUES ('50', '27', 'en_us', 'slide2', NULL, '1', '2015-01-13 03:12:00', '2015-01-13 03:12:00', '8c90b2fa-5ac3-4c11-8057-275eab0da9bf');
INSERT INTO `craft_elements_i18n` (`id`, `elementId`, `locale`, `slug`, `uri`, `enabled`, `dateCreated`, `dateUpdated`, `uid`) VALUES ('51', '27', 'it', 'slide2', NULL, '1', '2015-01-13 03:12:00', '2015-01-13 03:12:00', 'd0acc76c-1ffa-4d5d-ba9a-a6bd2805cf74');
INSERT INTO `craft_elements_i18n` (`id`, `elementId`, `locale`, `slug`, `uri`, `enabled`, `dateCreated`, `dateUpdated`, `uid`) VALUES ('52', '28', 'en_us', 'slide3', NULL, '1', '2015-01-13 03:12:14', '2015-01-13 03:12:14', 'b3db8bea-b89d-43d8-9e54-83b2f93bab51');
INSERT INTO `craft_elements_i18n` (`id`, `elementId`, `locale`, `slug`, `uri`, `enabled`, `dateCreated`, `dateUpdated`, `uid`) VALUES ('53', '28', 'it', 'slide3', NULL, '1', '2015-01-13 03:12:14', '2015-01-13 03:12:14', '4beec9b4-43ed-497c-a9d3-99b82946ca3c');
INSERT INTO `craft_elements_i18n` (`id`, `elementId`, `locale`, `slug`, `uri`, `enabled`, `dateCreated`, `dateUpdated`, `uid`) VALUES ('54', '29', 'en_us', 'home', NULL, '1', '2015-01-13 03:12:19', '2015-01-14 22:39:51', 'bbc5ac34-5fdd-4ce7-ba35-c1291dfdcee1');
INSERT INTO `craft_elements_i18n` (`id`, `elementId`, `locale`, `slug`, `uri`, `enabled`, `dateCreated`, `dateUpdated`, `uid`) VALUES ('55', '29', 'it', 'home', NULL, '1', '2015-01-13 03:12:19', '2015-01-14 22:39:51', 'c65a5de0-cfde-4379-8644-e6af559c235a');
INSERT INTO `craft_elements_i18n` (`id`, `elementId`, `locale`, `slug`, `uri`, `enabled`, `dateCreated`, `dateUpdated`, `uid`) VALUES ('56', '30', 'en_us', '', NULL, '1', '2015-01-13 03:12:19', '2015-01-14 22:39:51', 'f54c7069-8da7-49cb-b2c2-2cca5ecf29d4');
INSERT INTO `craft_elements_i18n` (`id`, `elementId`, `locale`, `slug`, `uri`, `enabled`, `dateCreated`, `dateUpdated`, `uid`) VALUES ('57', '30', 'it', '', NULL, '1', '2015-01-13 03:12:19', '2015-01-14 22:39:51', 'b47063a8-8010-41a1-add2-989bf9f1f5ec');
INSERT INTO `craft_elements_i18n` (`id`, `elementId`, `locale`, `slug`, `uri`, `enabled`, `dateCreated`, `dateUpdated`, `uid`) VALUES ('58', '31', 'en_us', '', NULL, '1', '2015-01-13 03:12:19', '2015-01-14 22:39:51', 'cc4bbb75-57f1-4be5-a093-f0684d4cb476');
INSERT INTO `craft_elements_i18n` (`id`, `elementId`, `locale`, `slug`, `uri`, `enabled`, `dateCreated`, `dateUpdated`, `uid`) VALUES ('59', '31', 'it', '', NULL, '1', '2015-01-13 03:12:19', '2015-01-14 22:39:51', '45178de0-ea6e-4d61-9bb2-ab492d23aed3');
INSERT INTO `craft_elements_i18n` (`id`, `elementId`, `locale`, `slug`, `uri`, `enabled`, `dateCreated`, `dateUpdated`, `uid`) VALUES ('60', '32', 'en_us', '', NULL, '1', '2015-01-13 03:12:19', '2015-01-14 22:39:51', 'b30aee58-66d0-4b37-9f98-e6115fa4fbce');
INSERT INTO `craft_elements_i18n` (`id`, `elementId`, `locale`, `slug`, `uri`, `enabled`, `dateCreated`, `dateUpdated`, `uid`) VALUES ('61', '32', 'it', '', NULL, '1', '2015-01-13 03:12:19', '2015-01-14 22:39:51', 'd55c83c8-37e4-457a-9c50-7b62634b377d');
INSERT INTO `craft_elements_i18n` (`id`, `elementId`, `locale`, `slug`, `uri`, `enabled`, `dateCreated`, `dateUpdated`, `uid`) VALUES ('62', '33', 'en_us', 'about-banner', NULL, '1', '2015-01-14 17:42:17', '2015-01-14 17:42:17', '87a0ebf5-5205-460e-9d56-66fe5a9134b3');
INSERT INTO `craft_elements_i18n` (`id`, `elementId`, `locale`, `slug`, `uri`, `enabled`, `dateCreated`, `dateUpdated`, `uid`) VALUES ('63', '33', 'it', 'about-banner', NULL, '1', '2015-01-14 17:42:17', '2015-01-14 17:42:17', 'bbc22ac5-026c-4c22-abee-c8a108d4021a');
INSERT INTO `craft_elements_i18n` (`id`, `elementId`, `locale`, `slug`, `uri`, `enabled`, `dateCreated`, `dateUpdated`, `uid`) VALUES ('64', '34', 'en_us', 'contact-banner', NULL, '1', '2015-01-14 17:42:17', '2015-01-14 17:42:17', 'ffd6ec40-f804-4162-9652-a89ea0952d5a');
INSERT INTO `craft_elements_i18n` (`id`, `elementId`, `locale`, `slug`, `uri`, `enabled`, `dateCreated`, `dateUpdated`, `uid`) VALUES ('65', '34', 'it', 'contact-banner', NULL, '1', '2015-01-14 17:42:17', '2015-01-14 17:42:17', 'e9259473-d7c9-42bc-b0b8-0397f356df52');
INSERT INTO `craft_elements_i18n` (`id`, `elementId`, `locale`, `slug`, `uri`, `enabled`, `dateCreated`, `dateUpdated`, `uid`) VALUES ('66', '35', 'en_us', 'olive-oil-banner', NULL, '1', '2015-01-14 17:42:17', '2015-01-14 17:42:17', 'd0eea56f-ddca-4414-91e4-9eb00c0b9459');
INSERT INTO `craft_elements_i18n` (`id`, `elementId`, `locale`, `slug`, `uri`, `enabled`, `dateCreated`, `dateUpdated`, `uid`) VALUES ('67', '35', 'it', 'olive-oil-banner', NULL, '1', '2015-01-14 17:42:17', '2015-01-14 17:42:17', 'd3d2d4c2-fde6-4991-b2dd-9ace6741bb91');
INSERT INTO `craft_elements_i18n` (`id`, `elementId`, `locale`, `slug`, `uri`, `enabled`, `dateCreated`, `dateUpdated`, `uid`) VALUES ('70', '37', 'en_us', 'vineyard-banner', NULL, '1', '2015-01-14 17:42:18', '2015-01-14 17:42:18', '20e34418-3579-4056-be76-b7187ccefe43');
INSERT INTO `craft_elements_i18n` (`id`, `elementId`, `locale`, `slug`, `uri`, `enabled`, `dateCreated`, `dateUpdated`, `uid`) VALUES ('71', '37', 'it', 'vineyard-banner', NULL, '1', '2015-01-14 17:42:18', '2015-01-14 17:42:18', '0dc12349-20b7-4948-9d1b-56b7e5015c8a');
INSERT INTO `craft_elements_i18n` (`id`, `elementId`, `locale`, `slug`, `uri`, `enabled`, `dateCreated`, `dateUpdated`, `uid`) VALUES ('72', '38', 'en_us', 'about-page', NULL, '1', '2015-01-14 17:42:32', '2015-01-14 17:42:32', 'e323f66a-0930-4587-bc32-2cda88fbf0b5');
INSERT INTO `craft_elements_i18n` (`id`, `elementId`, `locale`, `slug`, `uri`, `enabled`, `dateCreated`, `dateUpdated`, `uid`) VALUES ('73', '38', 'it', 'about-page', NULL, '1', '2015-01-14 17:42:32', '2015-01-14 17:42:32', '7aa60ce3-a1ee-412f-9255-155e0ec03318');
INSERT INTO `craft_elements_i18n` (`id`, `elementId`, `locale`, `slug`, `uri`, `enabled`, `dateCreated`, `dateUpdated`, `uid`) VALUES ('74', '39', 'en_us', 'contact-page', NULL, '1', '2015-01-14 17:42:32', '2015-01-14 17:42:32', '5def4aa3-422d-4eb1-be9b-5843920c4a30');
INSERT INTO `craft_elements_i18n` (`id`, `elementId`, `locale`, `slug`, `uri`, `enabled`, `dateCreated`, `dateUpdated`, `uid`) VALUES ('75', '39', 'it', 'contact-page', NULL, '1', '2015-01-14 17:42:32', '2015-01-14 17:42:32', 'd28a057f-eb3b-4527-84cc-96d9d83c4205');
INSERT INTO `craft_elements_i18n` (`id`, `elementId`, `locale`, `slug`, `uri`, `enabled`, `dateCreated`, `dateUpdated`, `uid`) VALUES ('76', '40', 'en_us', 'olive-oil-page', NULL, '1', '2015-01-14 17:42:32', '2015-01-14 17:42:32', '34e2a806-cd4b-44d5-8682-8c8b07257ad2');
INSERT INTO `craft_elements_i18n` (`id`, `elementId`, `locale`, `slug`, `uri`, `enabled`, `dateCreated`, `dateUpdated`, `uid`) VALUES ('77', '40', 'it', 'olive-oil-page', NULL, '1', '2015-01-14 17:42:32', '2015-01-14 17:42:32', '7a901e7d-af76-47df-a434-606574c7ef73');
INSERT INTO `craft_elements_i18n` (`id`, `elementId`, `locale`, `slug`, `uri`, `enabled`, `dateCreated`, `dateUpdated`, `uid`) VALUES ('78', '41', 'en_us', 'vineyard-page', NULL, '1', '2015-01-14 17:42:32', '2015-01-14 17:42:32', '22756da9-f06d-4604-bce4-a70e44590c83');
INSERT INTO `craft_elements_i18n` (`id`, `elementId`, `locale`, `slug`, `uri`, `enabled`, `dateCreated`, `dateUpdated`, `uid`) VALUES ('79', '41', 'it', 'vineyard-page', NULL, '1', '2015-01-14 17:42:32', '2015-01-14 17:42:32', '64f00046-87f9-48e2-87f9-4142afda3459');
INSERT INTO `craft_elements_i18n` (`id`, `elementId`, `locale`, `slug`, `uri`, `enabled`, `dateCreated`, `dateUpdated`, `uid`) VALUES ('80', '42', 'en_us', 'about', NULL, '1', '2015-01-14 17:42:46', '2015-01-14 17:42:46', 'e7c97e3e-5b01-44af-88c0-ebd81badd999');
INSERT INTO `craft_elements_i18n` (`id`, `elementId`, `locale`, `slug`, `uri`, `enabled`, `dateCreated`, `dateUpdated`, `uid`) VALUES ('81', '42', 'it', 'about', NULL, '1', '2015-01-14 17:42:46', '2015-01-14 17:42:46', '638f2e16-ab21-4dde-973e-b1808ceff449');
INSERT INTO `craft_elements_i18n` (`id`, `elementId`, `locale`, `slug`, `uri`, `enabled`, `dateCreated`, `dateUpdated`, `uid`) VALUES ('82', '43', 'en_us', '', NULL, '1', '2015-01-14 17:42:46', '2015-01-14 17:42:46', '948c4154-dc7d-4e53-9682-759be48a1ed1');
INSERT INTO `craft_elements_i18n` (`id`, `elementId`, `locale`, `slug`, `uri`, `enabled`, `dateCreated`, `dateUpdated`, `uid`) VALUES ('83', '43', 'it', '', NULL, '1', '2015-01-14 17:42:46', '2015-01-14 17:42:46', '1229adae-4ae1-4ca2-9009-bb614342ced6');
INSERT INTO `craft_elements_i18n` (`id`, `elementId`, `locale`, `slug`, `uri`, `enabled`, `dateCreated`, `dateUpdated`, `uid`) VALUES ('84', '44', 'en_us', 'vineyard', NULL, '1', '2015-01-14 17:43:38', '2015-01-14 17:43:38', '65e16dbe-ecb9-4778-9e82-81be670784ae');
INSERT INTO `craft_elements_i18n` (`id`, `elementId`, `locale`, `slug`, `uri`, `enabled`, `dateCreated`, `dateUpdated`, `uid`) VALUES ('85', '44', 'it', 'vineyard', NULL, '1', '2015-01-14 17:43:38', '2015-01-14 17:43:38', 'd8d0b079-6214-4ed8-ab3b-6139046f2ab7');
INSERT INTO `craft_elements_i18n` (`id`, `elementId`, `locale`, `slug`, `uri`, `enabled`, `dateCreated`, `dateUpdated`, `uid`) VALUES ('86', '45', 'en_us', '', NULL, '1', '2015-01-14 17:43:38', '2015-01-14 17:43:38', '9e381b2f-d019-4139-a327-4506d9a53fe7');
INSERT INTO `craft_elements_i18n` (`id`, `elementId`, `locale`, `slug`, `uri`, `enabled`, `dateCreated`, `dateUpdated`, `uid`) VALUES ('87', '45', 'it', '', NULL, '1', '2015-01-14 17:43:38', '2015-01-14 17:43:38', 'd70081fd-a263-4135-a8cd-1e105628814e');
INSERT INTO `craft_elements_i18n` (`id`, `elementId`, `locale`, `slug`, `uri`, `enabled`, `dateCreated`, `dateUpdated`, `uid`) VALUES ('88', '46', 'en_us', 'olive-oil', NULL, '1', '2015-01-14 17:44:33', '2015-01-14 17:44:34', 'e09ca1f9-9d8e-4de3-bb37-15356b93cec6');
INSERT INTO `craft_elements_i18n` (`id`, `elementId`, `locale`, `slug`, `uri`, `enabled`, `dateCreated`, `dateUpdated`, `uid`) VALUES ('89', '46', 'it', 'olive-oil', NULL, '1', '2015-01-14 17:44:33', '2015-01-14 17:44:34', 'd7e79051-8f15-4cb9-a3c9-c3b85c3b8dc6');
INSERT INTO `craft_elements_i18n` (`id`, `elementId`, `locale`, `slug`, `uri`, `enabled`, `dateCreated`, `dateUpdated`, `uid`) VALUES ('90', '47', 'en_us', '', NULL, '1', '2015-01-14 17:44:33', '2015-01-14 17:44:33', '31ac0894-27e2-42e6-b62a-934b5ac2b487');
INSERT INTO `craft_elements_i18n` (`id`, `elementId`, `locale`, `slug`, `uri`, `enabled`, `dateCreated`, `dateUpdated`, `uid`) VALUES ('91', '47', 'it', '', NULL, '1', '2015-01-14 17:44:33', '2015-01-14 17:44:33', '4b862c40-e6a4-490a-a157-9ce44540d27f');
INSERT INTO `craft_elements_i18n` (`id`, `elementId`, `locale`, `slug`, `uri`, `enabled`, `dateCreated`, `dateUpdated`, `uid`) VALUES ('92', '48', 'en_us', 'contact', NULL, '1', '2015-01-14 17:46:00', '2015-01-14 17:51:00', 'eaa4ab5d-d0be-4aad-97d1-ce06fdbff3e0');
INSERT INTO `craft_elements_i18n` (`id`, `elementId`, `locale`, `slug`, `uri`, `enabled`, `dateCreated`, `dateUpdated`, `uid`) VALUES ('93', '48', 'it', 'contact', NULL, '1', '2015-01-14 17:46:00', '2015-01-14 17:51:00', 'c882cdd5-4718-4b73-9f63-c9b350389daa');
INSERT INTO `craft_elements_i18n` (`id`, `elementId`, `locale`, `slug`, `uri`, `enabled`, `dateCreated`, `dateUpdated`, `uid`) VALUES ('94', '49', 'en_us', '', NULL, '1', '2015-01-14 17:46:00', '2015-01-14 17:51:00', 'a21ace73-2e8e-46b3-bbc3-5fbb917bf515');
INSERT INTO `craft_elements_i18n` (`id`, `elementId`, `locale`, `slug`, `uri`, `enabled`, `dateCreated`, `dateUpdated`, `uid`) VALUES ('95', '49', 'it', '', NULL, '1', '2015-01-14 17:46:00', '2015-01-14 17:51:00', 'a56f58fa-ec6c-4de3-b2c1-68d87e4db9f7');



DROP TABLE IF EXISTS `craft_emailmessages`;


--
-- Schema for table `craft_emailmessages`
--
CREATE TABLE `craft_emailmessages` (
  `id` int(11) NOT NULL AUTO_INCREMENT,
  `key` char(150) COLLATE utf8_unicode_ci NOT NULL,
  `locale` char(12) COLLATE utf8_unicode_ci NOT NULL,
  `subject` varchar(1000) COLLATE utf8_unicode_ci NOT NULL,
  `body` text COLLATE utf8_unicode_ci NOT NULL,
  `dateCreated` datetime NOT NULL,
  `dateUpdated` datetime NOT NULL,
  `uid` char(36) COLLATE utf8_unicode_ci NOT NULL DEFAULT '0',
  PRIMARY KEY (`id`),
  UNIQUE KEY `craft_emailmessages_key_locale_unq_idx` (`key`,`locale`),
  KEY `craft_emailmessages_locale_fk` (`locale`)
) ENGINE=InnoDB DEFAULT CHARSET=utf8 COLLATE=utf8_unicode_ci;

DROP TABLE IF EXISTS `craft_entries`;


--
-- Schema for table `craft_entries`
--
CREATE TABLE `craft_entries` (
  `id` int(11) NOT NULL,
  `sectionId` int(11) NOT NULL,
  `typeId` int(11) DEFAULT NULL,
  `authorId` int(11) DEFAULT NULL,
  `postDate` datetime DEFAULT NULL,
  `expiryDate` datetime DEFAULT NULL,
  `dateCreated` datetime NOT NULL,
  `dateUpdated` datetime NOT NULL,
  `uid` char(36) COLLATE utf8_unicode_ci NOT NULL DEFAULT '0',
  PRIMARY KEY (`id`),
  KEY `craft_entries_sectionId_idx` (`sectionId`),
  KEY `craft_entries_typeId_idx` (`typeId`),
  KEY `craft_entries_postDate_idx` (`postDate`),
  KEY `craft_entries_expiryDate_idx` (`expiryDate`),
  KEY `craft_entries_authorId_fk` (`authorId`)
) ENGINE=InnoDB DEFAULT CHARSET=utf8 COLLATE=utf8_unicode_ci;

--
-- Data for table `craft_entries`
--

INSERT INTO `craft_entries` (`id`, `sectionId`, `typeId`, `authorId`, `postDate`, `expiryDate`, `dateCreated`, `dateUpdated`, `uid`) VALUES ('2', '1', '1', NULL, '2015-01-09 19:54:28', NULL, '2015-01-09 19:54:28', '2015-01-09 19:54:28', '27dd2b65-5ea2-47c3-b3c8-398393561950');
INSERT INTO `craft_entries` (`id`, `sectionId`, `typeId`, `authorId`, `postDate`, `expiryDate`, `dateCreated`, `dateUpdated`, `uid`) VALUES ('3', '2', '2', '1', '2015-01-09 19:54:29', NULL, '2015-01-09 19:54:29', '2015-01-09 19:54:29', 'd8ff410e-cb21-4713-8c76-aafc0cc1dacf');
INSERT INTO `craft_entries` (`id`, `sectionId`, `typeId`, `authorId`, `postDate`, `expiryDate`, `dateCreated`, `dateUpdated`, `uid`) VALUES ('6', '3', '3', '1', '2015-01-12 18:58:00', NULL, '2015-01-12 18:58:59', '2015-01-13 03:12:30', 'd95ca80c-49cf-4189-a93a-eca3299dcedf');
INSERT INTO `craft_entries` (`id`, `sectionId`, `typeId`, `authorId`, `postDate`, `expiryDate`, `dateCreated`, `dateUpdated`, `uid`) VALUES ('9', '4', '4', '1', '2015-01-12 22:24:00', NULL, '2015-01-12 22:24:03', '2015-01-14 00:02:38', 'b8ddd259-88bc-40d4-9e8f-1dbb010c1ebf');
INSERT INTO `craft_entries` (`id`, `sectionId`, `typeId`, `authorId`, `postDate`, `expiryDate`, `dateCreated`, `dateUpdated`, `uid`) VALUES ('13', '4', '4', '1', '2015-01-12 22:24:00', NULL, '2015-01-12 23:28:53', '2015-01-12 23:38:43', 'bbf59f52-3647-4fd7-a8ae-7b98ff203e1b');
INSERT INTO `craft_entries` (`id`, `sectionId`, `typeId`, `authorId`, `postDate`, `expiryDate`, `dateCreated`, `dateUpdated`, `uid`) VALUES ('16', '4', '4', '1', '2015-01-12 22:24:00', NULL, '2015-01-12 23:36:06', '2015-01-12 23:38:35', '55553f2f-d243-4c5f-957c-92ff0a3ef261');
INSERT INTO `craft_entries` (`id`, `sectionId`, `typeId`, `authorId`, `postDate`, `expiryDate`, `dateCreated`, `dateUpdated`, `uid`) VALUES ('19', '4', '4', '1', '2015-01-12 22:24:00', NULL, '2015-01-12 23:36:56', '2015-01-12 23:38:20', '7ace1d0d-f9dd-499f-acb8-3fe8817796ae');
INSERT INTO `craft_entries` (`id`, `sectionId`, `typeId`, `authorId`, `postDate`, `expiryDate`, `dateCreated`, `dateUpdated`, `uid`) VALUES ('22', '4', '4', '1', '2015-01-12 22:24:00', NULL, '2015-01-12 23:37:53', '2015-01-13 00:33:22', 'e89240ce-fa88-48e8-9758-604e2b0d4c70');
INSERT INTO `craft_entries` (`id`, `sectionId`, `typeId`, `authorId`, `postDate`, `expiryDate`, `dateCreated`, `dateUpdated`, `uid`) VALUES ('29', '3', '3', '1', '2015-01-13 03:12:00', NULL, '2015-01-13 03:12:19', '2015-01-14 22:39:51', '813df266-9f77-45db-9b9e-4030733e8e42');
INSERT INTO `craft_entries` (`id`, `sectionId`, `typeId`, `authorId`, `postDate`, `expiryDate`, `dateCreated`, `dateUpdated`, `uid`) VALUES ('42', '3', '3', '1', '2015-01-14 17:42:46', NULL, '2015-01-14 17:42:46', '2015-01-14 17:42:46', '2738c226-f826-49ec-b098-b3f53d1a6a9f');
INSERT INTO `craft_entries` (`id`, `sectionId`, `typeId`, `authorId`, `postDate`, `expiryDate`, `dateCreated`, `dateUpdated`, `uid`) VALUES ('44', '3', '3', '1', '2015-01-14 17:43:38', NULL, '2015-01-14 17:43:38', '2015-01-14 17:43:38', '17a48f2d-5a02-4358-b374-246409d58ca4');
INSERT INTO `craft_entries` (`id`, `sectionId`, `typeId`, `authorId`, `postDate`, `expiryDate`, `dateCreated`, `dateUpdated`, `uid`) VALUES ('46', '3', '3', '1', '2015-01-14 17:44:33', NULL, '2015-01-14 17:44:34', '2015-01-14 17:44:34', 'd1697a2e-5e5c-4440-a8ae-da960de0fa01');
INSERT INTO `craft_entries` (`id`, `sectionId`, `typeId`, `authorId`, `postDate`, `expiryDate`, `dateCreated`, `dateUpdated`, `uid`) VALUES ('48', '3', '3', '1', '2015-01-14 17:46:00', NULL, '2015-01-14 17:46:00', '2015-01-14 17:51:00', 'eb85d73e-cd18-49e2-9736-18cb1545af80');



DROP TABLE IF EXISTS `craft_entrydrafts`;


--
-- Schema for table `craft_entrydrafts`
--
CREATE TABLE `craft_entrydrafts` (
  `id` int(11) NOT NULL AUTO_INCREMENT,
  `entryId` int(11) NOT NULL,
  `sectionId` int(11) NOT NULL,
  `creatorId` int(11) NOT NULL,
  `locale` char(12) COLLATE utf8_unicode_ci NOT NULL,
  `name` varchar(255) COLLATE utf8_unicode_ci NOT NULL,
  `notes` tinytext COLLATE utf8_unicode_ci,
  `data` mediumtext COLLATE utf8_unicode_ci NOT NULL,
  `dateCreated` datetime NOT NULL,
  `dateUpdated` datetime NOT NULL,
  `uid` char(36) COLLATE utf8_unicode_ci NOT NULL DEFAULT '0',
  PRIMARY KEY (`id`),
  KEY `craft_entrydrafts_entryId_locale_idx` (`entryId`,`locale`),
  KEY `craft_entrydrafts_sectionId_fk` (`sectionId`),
  KEY `craft_entrydrafts_creatorId_fk` (`creatorId`),
  KEY `craft_entrydrafts_locale_fk` (`locale`)
) ENGINE=InnoDB DEFAULT CHARSET=utf8 COLLATE=utf8_unicode_ci;

DROP TABLE IF EXISTS `craft_entrytypes`;


--
-- Schema for table `craft_entrytypes`
--
CREATE TABLE `craft_entrytypes` (
  `id` int(11) NOT NULL AUTO_INCREMENT,
  `sectionId` int(11) NOT NULL,
  `fieldLayoutId` int(11) DEFAULT NULL,
  `name` varchar(255) COLLATE utf8_unicode_ci NOT NULL,
  `handle` varchar(255) COLLATE utf8_unicode_ci NOT NULL,
  `hasTitleField` tinyint(1) unsigned NOT NULL DEFAULT '1',
  `titleLabel` varchar(255) COLLATE utf8_unicode_ci DEFAULT 'Title',
  `titleFormat` varchar(255) COLLATE utf8_unicode_ci DEFAULT NULL,
  `sortOrder` tinyint(4) DEFAULT NULL,
  `dateCreated` datetime NOT NULL,
  `dateUpdated` datetime NOT NULL,
  `uid` char(36) COLLATE utf8_unicode_ci NOT NULL DEFAULT '0',
  PRIMARY KEY (`id`),
  UNIQUE KEY `craft_entrytypes_name_sectionId_unq_idx` (`name`,`sectionId`),
  UNIQUE KEY `craft_entrytypes_handle_sectionId_unq_idx` (`handle`,`sectionId`),
  KEY `craft_entrytypes_sectionId_fk` (`sectionId`),
  KEY `craft_entrytypes_fieldLayoutId_fk` (`fieldLayoutId`)
) ENGINE=InnoDB AUTO_INCREMENT=5 DEFAULT CHARSET=utf8 COLLATE=utf8_unicode_ci;

--
-- Data for table `craft_entrytypes`
--

INSERT INTO `craft_entrytypes` (`id`, `sectionId`, `fieldLayoutId`, `name`, `handle`, `hasTitleField`, `titleLabel`, `titleFormat`, `sortOrder`, `dateCreated`, `dateUpdated`, `uid`) VALUES ('1', '1', '3', 'Homepage', 'homepage', '1', 'Title', NULL, NULL, '2015-01-09 19:54:28', '2015-01-09 19:54:28', 'fac576c9-c715-46f6-8afd-1616c00c6777');
INSERT INTO `craft_entrytypes` (`id`, `sectionId`, `fieldLayoutId`, `name`, `handle`, `hasTitleField`, `titleLabel`, `titleFormat`, `sortOrder`, `dateCreated`, `dateUpdated`, `uid`) VALUES ('2', '2', '5', 'News', 'news', '1', 'Title', NULL, NULL, '2015-01-09 19:54:29', '2015-01-09 19:54:29', '6cc6d706-9580-450f-a0c4-80f7b67da8a1');
INSERT INTO `craft_entrytypes` (`id`, `sectionId`, `fieldLayoutId`, `name`, `handle`, `hasTitleField`, `titleLabel`, `titleFormat`, `sortOrder`, `dateCreated`, `dateUpdated`, `uid`) VALUES ('3', '3', '13', 'Pages', 'pages', '1', 'Title', NULL, NULL, '2015-01-12 18:31:32', '2015-01-12 18:51:21', '3842fe39-0795-457b-9e6b-949e8ba16389');
INSERT INTO `craft_entrytypes` (`id`, `sectionId`, `fieldLayoutId`, `name`, `handle`, `hasTitleField`, `titleLabel`, `titleFormat`, `sortOrder`, `dateCreated`, `dateUpdated`, `uid`) VALUES ('4', '4', '17', 'Wine', 'wine', '1', 'Title', NULL, NULL, '2015-01-12 22:19:56', '2015-01-12 22:20:19', '4fc0a23d-7e5e-4756-803a-ff7a3fa0fc13');



DROP TABLE IF EXISTS `craft_entryversions`;


--
-- Schema for table `craft_entryversions`
--
CREATE TABLE `craft_entryversions` (
  `id` int(11) NOT NULL AUTO_INCREMENT,
  `entryId` int(11) NOT NULL,
  `sectionId` int(11) NOT NULL,
  `creatorId` int(11) DEFAULT NULL,
  `locale` char(12) COLLATE utf8_unicode_ci NOT NULL,
  `num` smallint(6) unsigned NOT NULL,
  `notes` tinytext COLLATE utf8_unicode_ci,
  `data` mediumtext COLLATE utf8_unicode_ci NOT NULL,
  `dateCreated` datetime NOT NULL,
  `dateUpdated` datetime NOT NULL,
  `uid` char(36) COLLATE utf8_unicode_ci NOT NULL DEFAULT '0',
  PRIMARY KEY (`id`),
  KEY `craft_entryversions_entryId_locale_idx` (`entryId`,`locale`),
  KEY `craft_entryversions_sectionId_fk` (`sectionId`),
  KEY `craft_entryversions_creatorId_fk` (`creatorId`),
  KEY `craft_entryversions_locale_fk` (`locale`)
) ENGINE=InnoDB AUTO_INCREMENT=34 DEFAULT CHARSET=utf8 COLLATE=utf8_unicode_ci;

--
-- Data for table `craft_entryversions`
--

INSERT INTO `craft_entryversions` (`id`, `entryId`, `sectionId`, `creatorId`, `locale`, `num`, `notes`, `data`, `dateCreated`, `dateUpdated`, `uid`) VALUES ('1', '6', '3', '1', 'en_us', '1', '', '{\"typeId\":null,\"authorId\":\"1\",\"title\":\"philosophy\",\"slug\":\"philosophy\",\"postDate\":1421089139,\"expiryDate\":null,\"enabled\":1,\"fields\":{\"8\":\"\",\"7\":\"<h2>Our work begins at the vineyard<\\/h2><ul><li>Passing through the vineyard, row by row, several times each week.<\\/li><li><span><\\/span>Weeding and hoeing, pruning, cutting back leaves and fruit.<\\/li><li><span><\\/span>Thinning grape bunches and constantly monitoring the health of the berries.<\\/li><\\/ul><h2>Our dedication carries over to the cellar<\\/h2>Lorem ipsum dolor sit amet, consectetur adipisicing elit, sed do eiusmod tempor incididunt ut labore et dolore magna aliqua. Ut enim ad minim veniam, quis nostrud exercitation ullamco laboris nisi ut aliquip ex ea commodo consequat. Duis aute irure dolor in reprehenderit in voluptate velit esse cillum dolore eu fugiat nulla pariatur. Excepteur sint occaecat cupidatat non proident, sunt in culpa qui officia deserunt mollit anim id est laborum.\",\"12\":[\"5\"],\"6\":\"Our Process\"}}', '2015-01-12 18:58:59', '2015-01-12 18:58:59', '4ce4ebf5-05c6-478b-b2ce-443d99d0761d');
INSERT INTO `craft_entryversions` (`id`, `entryId`, `sectionId`, `creatorId`, `locale`, `num`, `notes`, `data`, `dateCreated`, `dateUpdated`, `uid`) VALUES ('2', '6', '3', '1', 'en_us', '2', '', '{\"typeId\":\"3\",\"authorId\":\"1\",\"title\":\"philosophy\",\"slug\":\"philosophy\",\"postDate\":1421089080,\"expiryDate\":null,\"enabled\":1,\"fields\":{\"8\":{\"new1\":{\"type\":\"banner\",\"enabled\":\"1\",\"fields\":{\"bannerHeadline\":\"Driven by our love for great wine, we strive to produce the best possible wine for this Terroir.\",\"bannerVideo\":\"veUluy0zAzU\",\"bannerImage\":[\"7\"]}}},\"7\":\"<h2>Our work begins at the vineyard<\\/h2><ul><li>Passing through the vineyard, row by row, several times each week.<\\/li><li>Weeding and hoeing, pruning, cutting back leaves and fruit.<\\/li><li>Thinning grape bunches and constantly monitoring the health of the berries.<\\/li><\\/ul><h2>Our dedication carries over to the cellar<\\/h2>Lorem ipsum dolor sit amet, consectetur adipisicing elit, sed do eiusmod tempor incididunt ut labore et dolore magna aliqua. Ut enim ad minim veniam, quis nostrud exercitation ullamco laboris nisi ut aliquip ex ea commodo consequat. Duis aute irure dolor in reprehenderit in voluptate velit esse cillum dolore eu fugiat nulla pariatur. Excepteur sint occaecat cupidatat non proident, sunt in culpa qui officia deserunt mollit anim id est laborum.\",\"12\":[\"5\"],\"6\":\"Our Process\"}}', '2015-01-12 19:02:11', '2015-01-12 19:02:11', 'e90410b8-3c56-4eb3-a884-d8f12247bf04');
INSERT INTO `craft_entryversions` (`id`, `entryId`, `sectionId`, `creatorId`, `locale`, `num`, `notes`, `data`, `dateCreated`, `dateUpdated`, `uid`) VALUES ('3', '6', '3', '1', 'en_us', '3', '', '{\"typeId\":\"3\",\"authorId\":\"1\",\"title\":\"philosophy\",\"slug\":\"philosophy\",\"postDate\":1421089080,\"expiryDate\":null,\"enabled\":1,\"fields\":{\"8\":{\"8\":{\"type\":\"banner\",\"enabled\":\"1\",\"fields\":{\"bannerHeadline\":\"Driven by our love for great wine, we strive to produce the best possible wine for this Terroir.\",\"bannerVideo\":\"veUluy0zAzU\",\"bannerImage\":[\"7\"]}}},\"7\":\"<h2>Our work begins at the vineyard<\\/h2><ul><li>Passing through the vineyard, row by row, several times each week.<\\/li><li>Weeding and hoeing, pruning, cutting back leaves and fruit.<\\/li><li>Thinning grape bunches and constantly monitoring the health of the berries.<\\/li><\\/ul><h2>Our dedication carries over to the cellar<\\/h2><p>Lorem ipsum dolor sit amet, consectetur adipisicing elit, sed do eiusmod tempor incididunt ut labore et dolore magna aliqua. Ut enim ad minim veniam, quis nostrud exercitation ullamco laboris nisi ut aliquip ex ea commodo consequat. Duis aute irure dolor in reprehenderit in voluptate velit esse cillum dolore eu fugiat nulla pariatur. Excepteur sint occaecat cupidatat non proident, sunt in culpa qui officia deserunt mollit anim id est laborum.<\\/p>\",\"12\":[\"5\"],\"6\":\"Our Process\"}}', '2015-01-12 19:39:30', '2015-01-12 19:39:30', '388afdfa-fa2f-4330-8638-7447c60693a0');
INSERT INTO `craft_entryversions` (`id`, `entryId`, `sectionId`, `creatorId`, `locale`, `num`, `notes`, `data`, `dateCreated`, `dateUpdated`, `uid`) VALUES ('4', '6', '3', '1', 'it', '1', '', '{\"typeId\":\"3\",\"authorId\":\"1\",\"title\":\"philosophy\",\"slug\":\"philosophy\",\"postDate\":1421089080,\"expiryDate\":null,\"enabled\":1,\"fields\":{\"8\":{\"8\":{\"type\":\"banner\",\"enabled\":\"1\",\"fields\":{\"bannerHeadline\":\"Forget about it.\",\"bannerVideo\":\"veUluy0zAzU\",\"bannerImage\":[\"7\"]}}},\"7\":\"<h2>Our work begins at the vineyard, eh!<\\/h2><ul><li>Passing through the vineyard, row by row, several times each week.<\\/li><li>Weeding and hoeing, pruning, cutting back leaves and fruit.<\\/li><li>Thinning grape bunches and constantly monitoring the health of the berries.<\\/li><\\/ul><h2>Our dedication carries over to the cellar, mama mia!<\\/h2><p>Lorem ipsum dolor sit amet, consectetur adipisicing elit, sed do eiusmod tempor incididunt ut labore et dolore magna aliqua. Ut enim ad minim veniam, quis nostrud exercitation ullamco laboris nisi ut aliquip ex ea commodo consequat. Duis aute irure dolor in reprehenderit in voluptate velit esse cillum dolore eu fugiat nulla pariatur. Excepteur sint occaecat cupidatat non proident, sunt in culpa qui officia deserunt mollit anim id est laborum.<\\/p>\",\"12\":[\"5\"],\"6\":\"Our Proccezzzo!\"}}', '2015-01-12 20:07:40', '2015-01-12 20:07:40', '945354de-759a-407f-8333-fea9b6b6d8a8');
INSERT INTO `craft_entryversions` (`id`, `entryId`, `sectionId`, `creatorId`, `locale`, `num`, `notes`, `data`, `dateCreated`, `dateUpdated`, `uid`) VALUES ('5', '9', '4', '1', 'en_us', '1', '', '{\"typeId\":null,\"authorId\":\"1\",\"title\":\"Gigio\",\"slug\":\"gigio\",\"postDate\":1421101443,\"expiryDate\":null,\"enabled\":1,\"fields\":{\"22\":\"\",\"23\":\"\",\"24\":\"\",\"14\":\"<p><span style=\\\"font-size: 14px; line-height: 1.6em; background-color: initial;\\\">Sed ut perspiciatis unde omnis iste natus error sit voluptatem accusantium doloremque laudantium, totam rem aperiam, eaque ipsa quae ab illo inventore veritatis et quasi architecto beatae vitae dicta sunt explicabo. Nemo enim ipsam voluptatem quia voluptas sit aspernatur aut odit aut fugit, sed quia consequuntur magni dolores eos qui ratione voluptatem sequi nesciunt. Neque porro quisquam est, qui dolorem ipsum quia dolor sit amet, consectetur, adipisci velit, sed quia non numquam eius modi tempora incidunt ut labore et dolore magnam aliquam quaerat voluptatem. Ut enim ad minima veniam, quis nostrum exercitationem ullam corporis suscipit laboriosam, nisi ut aliquid ex ea commodi consequatur? Quis autem vel eum iure reprehenderit qui in ea voluptate velit esse quam nihil molestiae consequatur, vel illum qui dolorem eum fugiat quo voluptas nulla pariatur?<\\/span><br><\\/p>\",\"13\":\"<p>Lorem ipsum dolor sit amet, consectetur adipisicing elit, sed do eiusmod tempor incididunt ut labore et dolore magna aliqua. Ut enim ad minim veniam, quis nostrud exercitation ullamco laboris nisi ut aliquip ex ea commodo consequat. Duis aute irure dolor in reprehenderit in voluptate velit esse cillum dolore eu fugiat nulla pariatur. Excepteur sint occaecat cupidatat non proident, sunt in culpa qui officia deserunt mollit anim id est laborum.<span><\\/span><br><\\/p>\",\"15\":{\"new1\":{\"type\":\"specifications\",\"enabled\":\"1\",\"fields\":{\"wineType\":\"Gig\\u00edo red wine IGT Tuscany\",\"vineyardLocation\":\"Poggio La Noce, Fiesole\",\"grapes\":\"Sangiovese and Teroldego\",\"exposition\":\"South South West\",\"soil\":\"Mixture of albarese and galestro limestones\",\"vinificationAndMaturation\":\"<p>After careful cluster and berry selection vinification occurs in temperature controlled stainless steel vats with indigenous yeast. Ageing occurs in a mix of new and used French oak barriques for 12 to 18 months with further 12 months ageing in bottle.<\\/p>\"}}}}}', '2015-01-12 22:24:04', '2015-01-12 22:24:04', '53247df8-9cdd-4ce1-abc5-531689ca4f05');
INSERT INTO `craft_entryversions` (`id`, `entryId`, `sectionId`, `creatorId`, `locale`, `num`, `notes`, `data`, `dateCreated`, `dateUpdated`, `uid`) VALUES ('6', '9', '4', '1', 'it', '1', '', '{\"typeId\":\"4\",\"authorId\":\"1\",\"title\":\"Gigio\",\"slug\":\"gigio\",\"postDate\":1421101440,\"expiryDate\":null,\"enabled\":1,\"fields\":{\"22\":[\"11\"],\"23\":[\"12\"],\"24\":\"\",\"14\":\"<p>Sed ut perspiciatis unde omnis iste natus error sit voluptatem accusantium doloremque laudantium, totam rem aperiam, eaque ipsa quae ab illo inventore veritatis et quasi architecto beatae vitae dicta sunt explicabo. Nemo enim ipsam voluptatem quia voluptas sit aspernatur aut odit aut fugit, sed quia consequuntur magni dolores eos qui ratione voluptatem sequi nesciunt. Neque porro quisquam est, qui dolorem ipsum quia dolor sit amet, consectetur, adipisci velit, sed quia non numquam eius modi tempora incidunt ut labore et dolore magnam aliquam quaerat voluptatem. Ut enim ad minima veniam, quis nostrum exercitationem ullam corporis suscipit laboriosam, nisi ut aliquid ex ea commodi consequatur? Quis autem vel eum iure reprehenderit qui in ea voluptate velit esse quam nihil molestiae consequatur, vel illum qui dolorem eum fugiat quo voluptas nulla pariatur?<br><\\/p>\",\"13\":\"<p>Lorem ipsum dolor sit amet, consectetur adipisicing elit, sed do eiusmod tempor incididunt ut labore et dolore magna aliqua. Ut enim ad minim veniam, quis nostrud exercitation ullamco laboris nisi ut aliquip ex ea commodo consequat. Duis aute irure dolor in reprehenderit in voluptate velit esse cillum dolore eu fugiat nulla pariatur. Excepteur sint occaecat cupidatat non proident, sunt in culpa qui officia deserunt mollit anim id est laborum.<br><\\/p>\",\"15\":{\"10\":{\"type\":\"specifications\",\"enabled\":\"1\",\"fields\":{\"wineType\":\"Gig\\u00edo red wine IGT Tuscany\",\"vineyardLocation\":\"Poggio La Noce, Fiesole\",\"grapes\":\"Sangiovese and Teroldego\",\"exposition\":\"South South West\",\"soil\":\"Mixture of albarese and galestro limestones\",\"vinificationAndMaturation\":\"<p>After careful cluster and berry selection vinification occurs in temperature controlled stainless steel vats with indigenous yeast. Ageing occurs in a mix of new and used French oak barriques for 12 to 18 months with further 12 months ageing in bottle.<\\/p>\"}}}}}', '2015-01-12 22:27:06', '2015-01-12 22:27:06', 'e60a3e77-2585-4eec-9d3d-d6797b34b628');
INSERT INTO `craft_entryversions` (`id`, `entryId`, `sectionId`, `creatorId`, `locale`, `num`, `notes`, `data`, `dateCreated`, `dateUpdated`, `uid`) VALUES ('7', '9', '4', '1', 'en_us', '2', '', '{\"typeId\":\"4\",\"authorId\":\"1\",\"title\":\"Gigio\",\"slug\":\"gigio\",\"postDate\":1421101440,\"expiryDate\":null,\"enabled\":1,\"fields\":{\"22\":[\"11\"],\"23\":[\"12\"],\"24\":\"\",\"14\":\"<p>Sed ut perspiciatis unde omnis iste natus error sit voluptatem accusantium doloremque laudantium, totam rem aperiam, eaque ipsa quae ab illo inventore veritatis et quasi architecto beatae vitae dicta sunt explicabo. Nemo enim ipsam voluptatem quia voluptas sit aspernatur aut odit aut fugit, sed quia consequuntur magni dolores eos qui ratione voluptatem sequi nesciunt. Neque porro quisquam est, qui dolorem ipsum quia dolor sit amet, consectetur, adipisci velit, sed quia non numquam eius modi tempora incidunt ut labore et dolore magnam aliquam quaerat voluptatem. Ut enim ad minima veniam, quis nostrum exercitationem ullam corporis suscipit laboriosam, nisi ut aliquid ex ea commodi consequatur? Quis autem vel eum iure reprehenderit qui in ea voluptate velit esse quam nihil molestiae consequatur, vel illum qui dolorem eum fugiat quo voluptas nulla pariatur?<br><\\/p>\",\"13\":\"<p>Lorem ipsum dolor sit amet, consectetur adipisicing elit, sed do eiusmod tempor incididunt ut labore et dolore magna aliqua. Ut enim ad minim veniam, quis nostrud exercitation ullamco laboris nisi ut aliquip ex ea commodo consequat. Duis aute irure dolor in reprehenderit in voluptate velit esse cillum dolore eu fugiat nulla pariatur. Excepteur sint occaecat cupidatat non proident, sunt in culpa qui officia deserunt mollit anim id est laborum.<br><\\/p>\",\"15\":{\"10\":{\"type\":\"specifications\",\"enabled\":\"1\",\"fields\":{\"wineType\":\"Gig\\u00edo red wine IGT Tuscany\",\"vineyardLocation\":\"Poggio La Noce, Fiesole\",\"grapes\":\"Sangiovese and Teroldego\",\"exposition\":\"South South West\",\"soil\":\"Mixture of albarese and galestro limestones\",\"vinificationAndMaturation\":\"<p>After careful cluster and berry selection vinification occurs in temperature controlled stainless steel vats with indigenous yeast. Ageing occurs in a mix of new and used French oak barriques for 12 to 18 months with further 12 months ageing in bottle.<\\/p>\"}}}}}', '2015-01-12 22:27:16', '2015-01-12 22:27:16', '2e1ff4b3-3700-4903-9975-5e9ef1b635ad');
INSERT INTO `craft_entryversions` (`id`, `entryId`, `sectionId`, `creatorId`, `locale`, `num`, `notes`, `data`, `dateCreated`, `dateUpdated`, `uid`) VALUES ('8', '9', '4', '1', 'en_us', '3', '', '{\"typeId\":\"4\",\"authorId\":\"1\",\"title\":\"Gigio\",\"slug\":\"gigio\",\"postDate\":1421101440,\"expiryDate\":null,\"enabled\":1,\"fields\":{\"22\":[\"11\"],\"23\":[\"12\"],\"24\":\"\",\"14\":\"<p>Sed ut perspiciatis unde omnis iste natus error sit voluptatem accusantium doloremque laudantium, totam rem aperiam, eaque ipsa quae ab illo inventore veritatis et quasi architecto beatae vitae dicta sunt explicabo. Nemo enim ipsam voluptatem quia voluptas sit aspernatur aut odit aut fugit, sed quia consequuntur magni dolores eos qui ratione voluptatem sequi nesciunt. Neque porro quisquam est, qui dolorem ipsum quia dolor sit amet, consectetur, adipisci velit, sed quia non numquam eius modi tempora incidunt ut labore et dolore magnam aliquam quaerat voluptatem. Ut enim ad minima veniam, quis nostrum exercitationem ullam corporis suscipit laboriosam, nisi ut aliquid ex ea commodi consequatur? Quis autem vel eum iure reprehenderit qui in ea voluptate velit esse quam nihil molestiae consequatur, vel illum qui dolorem eum fugiat quo voluptas nulla pariatur?<br><\\/p>\",\"13\":\"<p>Lorem ipsum dolor sit amet, consectetur adipisicing elit, sed do eiusmod tempor incididunt ut labore et dolore magna aliqua. Ut enim ad minim veniam, quis nostrud exercitation ullamco laboris nisi ut aliquip ex ea commodo consequat. Duis aute irure dolor in reprehenderit in voluptate velit esse cillum dolore eu fugiat nulla pariatur. Excepteur sint occaecat cupidatat non proident, sunt in culpa qui officia deserunt mollit anim id est laborum.<br><\\/p>\",\"15\":{\"10\":{\"type\":\"specifications\",\"enabled\":\"1\",\"fields\":{\"wineType\":\"Gig\\u00edo red wine IGT Tuscany\",\"vineyardLocation\":\"Poggio La Noce, Fiesole\",\"grapes\":\"Sangiovese and Teroldego\",\"exposition\":\"South South West\",\"soil\":\"Mixture of albarese and galestro limestones\",\"vinificationAndMaturation\":\"<p>After careful cluster and berry selection vinification occurs in temperature controlled stainless steel vats with indigenous yeast. Ageing occurs in a mix of new and used French oak barriques for 12 to 18 months with further 12 months ageing in bottle.<\\/p>\"}}}}}', '2015-01-12 22:27:39', '2015-01-12 22:27:39', '70ac894c-7bb5-40ee-97f3-d54390ac45de');
INSERT INTO `craft_entryversions` (`id`, `entryId`, `sectionId`, `creatorId`, `locale`, `num`, `notes`, `data`, `dateCreated`, `dateUpdated`, `uid`) VALUES ('9', '9', '4', '1', 'it', '2', '', '{\"typeId\":\"4\",\"authorId\":\"1\",\"title\":\"Gigio\",\"slug\":\"gigio\",\"postDate\":1421101440,\"expiryDate\":null,\"enabled\":1,\"fields\":{\"22\":[\"11\"],\"23\":[\"12\"],\"24\":\"\",\"14\":\"<p>Sed ut perspiciatis unde omnis iste natus error sit voluptatem accusantium doloremque laudantium, totam rem aperiam, eaque ipsa quae ab illo inventore veritatis et quasi architecto beatae vitae dicta sunt explicabo. Nemo enim ipsam voluptatem quia voluptas sit aspernatur aut odit aut fugit, sed quia consequuntur magni dolores eos qui ratione voluptatem sequi nesciunt. Neque porro quisquam est, qui dolorem ipsum quia dolor sit amet, consectetur, adipisci velit, sed quia non numquam eius modi tempora incidunt ut labore et dolore magnam aliquam quaerat voluptatem. Ut enim ad minima veniam, quis nostrum exercitationem ullam corporis suscipit laboriosam, nisi ut aliquid ex ea commodi consequatur? Quis autem vel eum iure reprehenderit qui in ea voluptate velit esse quam nihil molestiae consequatur, vel illum qui dolorem eum fugiat quo voluptas nulla pariatur?<br><\\/p>\",\"13\":\"<p>Lorem ipsum dolor sit amet, consectetur adipisicing elit, sed do eiusmod tempor incididunt ut labore et dolore magna aliqua. Ut enim ad minim veniam, quis nostrud exercitation ullamco laboris nisi ut aliquip ex ea commodo consequat. Duis aute irure dolor in reprehenderit in voluptate velit esse cillum dolore eu fugiat nulla pariatur. Excepteur sint occaecat cupidatat non proident, sunt in culpa qui officia deserunt mollit anim id est laborum.<br><\\/p>\",\"15\":{\"10\":{\"type\":\"specifications\",\"enabled\":\"1\",\"fields\":{\"wineType\":\"Gig\\u00edo red wine IGT Tuscany\",\"vineyardLocation\":\"Poggio La Noce, Fiesole\",\"grapes\":\"Sangiovese and Teroldego\",\"exposition\":\"South South West\",\"soil\":\"Mixture of albarese and galestro limestones\",\"vinificationAndMaturation\":\"<p>After careful cluster and berry selection vinification occurs in temperature controlled stainless steel vats with indigenous yeast. Ageing occurs in a mix of new and used French oak barriques for 12 to 18 months with further 12 months ageing in bottle.<\\/p>\"}}}}}', '2015-01-12 22:27:51', '2015-01-12 22:27:51', 'f2b135ac-0202-4480-8f7d-6489dddb3f17');
INSERT INTO `craft_entryversions` (`id`, `entryId`, `sectionId`, `creatorId`, `locale`, `num`, `notes`, `data`, `dateCreated`, `dateUpdated`, `uid`) VALUES ('10', '9', '4', '1', 'en_us', '4', '', '{\"typeId\":\"4\",\"authorId\":\"1\",\"title\":\"Gigio\",\"slug\":\"gigio\",\"postDate\":1421101440,\"expiryDate\":null,\"enabled\":1,\"fields\":{\"22\":[\"11\"],\"23\":[\"12\"],\"24\":\"\",\"14\":\"<p>Sed ut perspiciatis unde omnis iste natus error sit voluptatem accusantium doloremque laudantium, totam rem aperiam, eaque ipsa quae ab illo inventore veritatis et quasi architecto beatae vitae dicta sunt explicabo. Nemo enim ipsam voluptatem quia voluptas sit aspernatur aut odit aut fugit, sed quia consequuntur magni dolores eos qui ratione voluptatem sequi nesciunt. Neque porro quisquam est, qui dolorem ipsum quia dolor sit amet, consectetur, adipisci velit, sed quia non numquam eius modi tempora incidunt ut labore et dolore magnam aliquam quaerat voluptatem. Ut enim ad minima veniam, quis nostrum exercitationem ullam corporis suscipit laboriosam, nisi ut aliquid ex ea commodi consequatur? Quis autem vel eum iure reprehenderit qui in ea voluptate velit esse quam nihil molestiae consequatur, vel illum qui dolorem eum fugiat quo voluptas nulla pariatur?<br><\\/p>\",\"13\":\"<p>Lorem ipsum dolor sit amet, consectetur adipisicing elit, sed do eiusmod tempor incididunt ut labore et dolore magna aliqua. Ut enim ad minim veniam, quis nostrud exercitation ullamco laboris nisi ut aliquip ex ea commodo consequat. Duis aute irure dolor in reprehenderit in voluptate velit esse cillum dolore eu fugiat nulla pariatur. Excepteur sint occaecat cupidatat non proident, sunt in culpa qui officia deserunt mollit anim id est laborum.<br><\\/p>\",\"15\":{\"10\":{\"type\":\"specifications\",\"enabled\":\"1\",\"fields\":{\"wineType\":\"Gig\\u00edo red wine IGT Tuscany\",\"vineyardLocation\":\"Poggio La Noce, Fiesole\",\"grapes\":\"Sangiovese and Teroldego\",\"exposition\":\"South South West\",\"soil\":\"Mixture of albarese and galestro limestones\",\"vinificationAndMaturation\":\"After careful cluster and berry selection vinification occurs in temperature controlled stainless steel vats with indigenous yeast. Ageing occurs in a mix of new and used French oak barriques for 12 to 18 months with further 12 months ageing in bottle.\"}}}}}', '2015-01-12 23:00:22', '2015-01-12 23:00:22', 'b0099321-d49b-49f3-9562-85111a20daf7');
INSERT INTO `craft_entryversions` (`id`, `entryId`, `sectionId`, `creatorId`, `locale`, `num`, `notes`, `data`, `dateCreated`, `dateUpdated`, `uid`) VALUES ('11', '13', '4', '1', 'en_us', '1', '', '{\"typeId\":null,\"authorId\":\"1\",\"title\":\"Gigio\",\"slug\":\"gigio\",\"postDate\":1421101440,\"expiryDate\":null,\"enabled\":1,\"fields\":{\"22\":[\"11\"],\"23\":[\"12\"],\"24\":\"\",\"14\":\"<p>Sed ut perspiciatis unde omnis iste natus error sit voluptatem accusantium doloremque laudantium, totam rem aperiam, eaque ipsa quae ab illo inventore veritatis et quasi architecto beatae vitae dicta sunt explicabo. Nemo enim ipsam voluptatem quia voluptas sit aspernatur aut odit aut fugit, sed quia consequuntur magni dolores eos qui ratione voluptatem sequi nesciunt. Neque porro quisquam est, qui dolorem ipsum quia dolor sit amet, consectetur, adipisci velit, sed quia non numquam eius modi tempora incidunt ut labore et dolore magnam aliquam quaerat voluptatem. Ut enim ad minima veniam, quis nostrum exercitationem ullam corporis suscipit laboriosam, nisi ut aliquid ex ea commodi consequatur? Quis autem vel eum iure reprehenderit qui in ea voluptate velit esse quam nihil molestiae consequatur, vel illum qui dolorem eum fugiat quo voluptas nulla pariatur?<br><\\/p>\",\"13\":\"<p>Lorem ipsum dolor sit amet, consectetur adipisicing elit, sed do eiusmod tempor incididunt ut labore et dolore magna aliqua. Ut enim ad minim veniam, quis nostrud exercitation ullamco laboris nisi ut aliquip ex ea commodo consequat. Duis aute irure dolor in reprehenderit in voluptate velit esse cillum dolore eu fugiat nulla pariatur. Excepteur sint occaecat cupidatat non proident, sunt in culpa qui officia deserunt mollit anim id est laborum.<br><\\/p>\",\"15\":{\"10\":{\"type\":\"specifications\",\"enabled\":\"1\",\"fields\":{\"wineType\":\"Gig\\u00edo red wine IGT Tuscany\",\"vineyardLocation\":\"Poggio La Noce, Fiesole\",\"grapes\":\"Sangiovese and Teroldego\",\"exposition\":\"South South West\",\"soil\":\"Mixture of albarese and galestro limestones\",\"vinificationAndMaturation\":\"After careful cluster and berry selection vinification occurs in temperature controlled stainless steel vats with indigenous yeast. Ageing occurs in a mix of new and used French oak barriques for 12 to 18 months with further 12 months ageing in bottle.\"}}}}}', '2015-01-12 23:28:53', '2015-01-12 23:28:53', 'b46fdc12-f629-4c5d-bae3-f8e9f3b719a7');
INSERT INTO `craft_entryversions` (`id`, `entryId`, `sectionId`, `creatorId`, `locale`, `num`, `notes`, `data`, `dateCreated`, `dateUpdated`, `uid`) VALUES ('12', '13', '4', '1', 'en_us', '2', '', '{\"typeId\":\"4\",\"authorId\":\"1\",\"title\":\"Gigetto\",\"slug\":\"gigio\",\"postDate\":1421101440,\"expiryDate\":null,\"enabled\":1,\"fields\":{\"22\":\"\",\"23\":[\"15\"],\"24\":\"\",\"14\":\"<p>Sed ut perspiciatis unde omnis iste natus error sit voluptatem accusantium doloremque laudantium, totam rem aperiam, eaque ipsa quae ab illo inventore veritatis et quasi architecto beatae vitae dicta sunt explicabo. Nemo enim ipsam voluptatem quia voluptas sit aspernatur aut odit aut fugit, sed quia consequuntur magni dolores eos qui ratione voluptatem sequi nesciunt. Neque porro quisquam est, qui dolorem ipsum quia dolor sit amet, consectetur, adipisci velit, sed quia non numquam eius modi tempora incidunt ut labore et dolore magnam aliquam quaerat voluptatem. Ut enim ad minima veniam, quis nostrum exercitationem ullam corporis suscipit laboriosam, nisi ut aliquid ex ea commodi consequatur? Quis autem vel eum iure reprehenderit qui in ea voluptate velit esse quam nihil molestiae consequatur, vel illum qui dolorem eum fugiat quo voluptas nulla pariatur?<br><\\/p>\",\"13\":\"<p>Lorem ipsum dolor sit amet, consectetur adipisicing elit, sed do eiusmod tempor incididunt ut labore et dolore magna aliqua. Ut enim ad minim veniam, quis nostrud exercitation ullamco laboris nisi ut aliquip ex ea commodo consequat. Duis aute irure dolor in reprehenderit in voluptate velit esse cillum dolore eu fugiat nulla pariatur. Excepteur sint occaecat cupidatat non proident, sunt in culpa qui officia deserunt mollit anim id est laborum.<br><\\/p>\",\"15\":{\"14\":{\"type\":\"specifications\",\"enabled\":\"1\",\"fields\":{\"wineType\":\"Gig\\u00edo red wine IGT Tuscany\",\"vineyardLocation\":\"Poggio La Noce, Fiesole\",\"grapes\":\"Sangiovese and Teroldego\",\"exposition\":\"South South West\",\"soil\":\"Mixture of albarese and galestro limestones\",\"vinificationAndMaturation\":\"After careful cluster and berry selection vinification occurs in temperature controlled stainless steel vats with indigenous yeast. Ageing occurs in a mix of new and used French oak barriques for 12 to 18 months with further 12 months ageing in bottle.\"}}}}}', '2015-01-12 23:30:14', '2015-01-12 23:30:14', '6430a426-f272-4441-8b6d-cad1efc8419f');
INSERT INTO `craft_entryversions` (`id`, `entryId`, `sectionId`, `creatorId`, `locale`, `num`, `notes`, `data`, `dateCreated`, `dateUpdated`, `uid`) VALUES ('13', '16', '4', '1', 'en_us', '1', '', '{\"typeId\":null,\"authorId\":\"1\",\"title\":\"Gigetto\",\"slug\":\"gigio\",\"postDate\":1421101440,\"expiryDate\":null,\"enabled\":1,\"fields\":{\"22\":\"\",\"23\":[\"15\"],\"24\":\"\",\"14\":\"<p>Sed ut perspiciatis unde omnis iste natus error sit voluptatem accusantium doloremque laudantium, totam rem aperiam, eaque ipsa quae ab illo inventore veritatis et quasi architecto beatae vitae dicta sunt explicabo. Nemo enim ipsam voluptatem quia voluptas sit aspernatur aut odit aut fugit, sed quia consequuntur magni dolores eos qui ratione voluptatem sequi nesciunt. Neque porro quisquam est, qui dolorem ipsum quia dolor sit amet, consectetur, adipisci velit, sed quia non numquam eius modi tempora incidunt ut labore et dolore magnam aliquam quaerat voluptatem. Ut enim ad minima veniam, quis nostrum exercitationem ullam corporis suscipit laboriosam, nisi ut aliquid ex ea commodi consequatur? Quis autem vel eum iure reprehenderit qui in ea voluptate velit esse quam nihil molestiae consequatur, vel illum qui dolorem eum fugiat quo voluptas nulla pariatur?<br><\\/p>\",\"13\":\"<p>Lorem ipsum dolor sit amet, consectetur adipisicing elit, sed do eiusmod tempor incididunt ut labore et dolore magna aliqua. Ut enim ad minim veniam, quis nostrud exercitation ullamco laboris nisi ut aliquip ex ea commodo consequat. Duis aute irure dolor in reprehenderit in voluptate velit esse cillum dolore eu fugiat nulla pariatur. Excepteur sint occaecat cupidatat non proident, sunt in culpa qui officia deserunt mollit anim id est laborum.<br><\\/p>\",\"15\":{\"14\":{\"type\":\"specifications\",\"enabled\":\"1\",\"fields\":{\"wineType\":\"Gig\\u00edo red wine IGT Tuscany\",\"vineyardLocation\":\"Poggio La Noce, Fiesole\",\"grapes\":\"Sangiovese and Teroldego\",\"exposition\":\"South South West\",\"soil\":\"Mixture of albarese and galestro limestones\",\"vinificationAndMaturation\":\"After careful cluster and berry selection vinification occurs in temperature controlled stainless steel vats with indigenous yeast. Ageing occurs in a mix of new and used French oak barriques for 12 to 18 months with further 12 months ageing in bottle.\"}}}}}', '2015-01-12 23:36:06', '2015-01-12 23:36:06', '344439f9-5186-44b9-a99c-699149c49234');
INSERT INTO `craft_entryversions` (`id`, `entryId`, `sectionId`, `creatorId`, `locale`, `num`, `notes`, `data`, `dateCreated`, `dateUpdated`, `uid`) VALUES ('14', '16', '4', '1', 'en_us', '2', '', '{\"typeId\":\"4\",\"authorId\":\"1\",\"title\":\"Gigino\",\"slug\":\"gigio\",\"postDate\":1421101440,\"expiryDate\":null,\"enabled\":1,\"fields\":{\"22\":\"\",\"23\":[\"18\"],\"24\":\"\",\"14\":\"<p>Sed ut perspiciatis unde omnis iste natus error sit voluptatem accusantium doloremque laudantium, totam rem aperiam, eaque ipsa quae ab illo inventore veritatis et quasi architecto beatae vitae dicta sunt explicabo. Nemo enim ipsam voluptatem quia voluptas sit aspernatur aut odit aut fugit, sed quia consequuntur magni dolores eos qui ratione voluptatem sequi nesciunt. Neque porro quisquam est, qui dolorem ipsum quia dolor sit amet, consectetur, adipisci velit, sed quia non numquam eius modi tempora incidunt ut labore et dolore magnam aliquam quaerat voluptatem. Ut enim ad minima veniam, quis nostrum exercitationem ullam corporis suscipit laboriosam, nisi ut aliquid ex ea commodi consequatur? Quis autem vel eum iure reprehenderit qui in ea voluptate velit esse quam nihil molestiae consequatur, vel illum qui dolorem eum fugiat quo voluptas nulla pariatur?<br><\\/p>\",\"13\":\"<p>Lorem ipsum dolor sit amet, consectetur adipisicing elit, sed do eiusmod tempor incididunt ut labore et dolore magna aliqua. Ut enim ad minim veniam, quis nostrud exercitation ullamco laboris nisi ut aliquip ex ea commodo consequat. Duis aute irure dolor in reprehenderit in voluptate velit esse cillum dolore eu fugiat nulla pariatur. Excepteur sint occaecat cupidatat non proident, sunt in culpa qui officia deserunt mollit anim id est laborum.<br><\\/p>\",\"15\":{\"17\":{\"type\":\"specifications\",\"enabled\":\"1\",\"fields\":{\"wineType\":\"Gig\\u00edo red wine IGT Tuscany\",\"vineyardLocation\":\"Poggio La Noce, Fiesole\",\"grapes\":\"Sangiovese and Teroldego\",\"exposition\":\"South South West\",\"soil\":\"Mixture of albarese and galestro limestones\",\"vinificationAndMaturation\":\"After careful cluster and berry selection vinification occurs in temperature controlled stainless steel vats with indigenous yeast. Ageing occurs in a mix of new and used French oak barriques for 12 to 18 months with further 12 months ageing in bottle.\"}}}}}', '2015-01-12 23:36:20', '2015-01-12 23:36:20', 'd28d75cc-65a1-4b22-85db-2e5ad05aade0');
INSERT INTO `craft_entryversions` (`id`, `entryId`, `sectionId`, `creatorId`, `locale`, `num`, `notes`, `data`, `dateCreated`, `dateUpdated`, `uid`) VALUES ('15', '19', '4', '1', 'en_us', '1', '', '{\"typeId\":null,\"authorId\":\"1\",\"title\":\"Gigino\",\"slug\":\"gigio\",\"postDate\":1421101440,\"expiryDate\":null,\"enabled\":1,\"fields\":{\"22\":\"\",\"23\":[\"18\"],\"24\":\"\",\"14\":\"<p>Sed ut perspiciatis unde omnis iste natus error sit voluptatem accusantium doloremque laudantium, totam rem aperiam, eaque ipsa quae ab illo inventore veritatis et quasi architecto beatae vitae dicta sunt explicabo. Nemo enim ipsam voluptatem quia voluptas sit aspernatur aut odit aut fugit, sed quia consequuntur magni dolores eos qui ratione voluptatem sequi nesciunt. Neque porro quisquam est, qui dolorem ipsum quia dolor sit amet, consectetur, adipisci velit, sed quia non numquam eius modi tempora incidunt ut labore et dolore magnam aliquam quaerat voluptatem. Ut enim ad minima veniam, quis nostrum exercitationem ullam corporis suscipit laboriosam, nisi ut aliquid ex ea commodi consequatur? Quis autem vel eum iure reprehenderit qui in ea voluptate velit esse quam nihil molestiae consequatur, vel illum qui dolorem eum fugiat quo voluptas nulla pariatur?<br><\\/p>\",\"13\":\"<p>Lorem ipsum dolor sit amet, consectetur adipisicing elit, sed do eiusmod tempor incididunt ut labore et dolore magna aliqua. Ut enim ad minim veniam, quis nostrud exercitation ullamco laboris nisi ut aliquip ex ea commodo consequat. Duis aute irure dolor in reprehenderit in voluptate velit esse cillum dolore eu fugiat nulla pariatur. Excepteur sint occaecat cupidatat non proident, sunt in culpa qui officia deserunt mollit anim id est laborum.<br><\\/p>\",\"15\":{\"17\":{\"type\":\"specifications\",\"enabled\":\"1\",\"fields\":{\"wineType\":\"Gig\\u00edo red wine IGT Tuscany\",\"vineyardLocation\":\"Poggio La Noce, Fiesole\",\"grapes\":\"Sangiovese and Teroldego\",\"exposition\":\"South South West\",\"soil\":\"Mixture of albarese and galestro limestones\",\"vinificationAndMaturation\":\"After careful cluster and berry selection vinification occurs in temperature controlled stainless steel vats with indigenous yeast. Ageing occurs in a mix of new and used French oak barriques for 12 to 18 months with further 12 months ageing in bottle.\"}}}}}', '2015-01-12 23:36:56', '2015-01-12 23:36:56', 'd6a6088a-0c4d-47f8-bfa7-e682bf4d8b79');
INSERT INTO `craft_entryversions` (`id`, `entryId`, `sectionId`, `creatorId`, `locale`, `num`, `notes`, `data`, `dateCreated`, `dateUpdated`, `uid`) VALUES ('16', '19', '4', '1', 'en_us', '2', '', '{\"typeId\":\"4\",\"authorId\":\"1\",\"title\":\"Pinko Pallino\",\"slug\":\"gigio\",\"postDate\":1421101440,\"expiryDate\":null,\"enabled\":1,\"fields\":{\"22\":\"\",\"23\":[\"21\"],\"24\":\"\",\"14\":\"<p>Sed ut perspiciatis unde omnis iste natus error sit voluptatem accusantium doloremque laudantium, totam rem aperiam, eaque ipsa quae ab illo inventore veritatis et quasi architecto beatae vitae dicta sunt explicabo. Nemo enim ipsam voluptatem quia voluptas sit aspernatur aut odit aut fugit, sed quia consequuntur magni dolores eos qui ratione voluptatem sequi nesciunt. Neque porro quisquam est, qui dolorem ipsum quia dolor sit amet, consectetur, adipisci velit, sed quia non numquam eius modi tempora incidunt ut labore et dolore magnam aliquam quaerat voluptatem. Ut enim ad minima veniam, quis nostrum exercitationem ullam corporis suscipit laboriosam, nisi ut aliquid ex ea commodi consequatur? Quis autem vel eum iure reprehenderit qui in ea voluptate velit esse quam nihil molestiae consequatur, vel illum qui dolorem eum fugiat quo voluptas nulla pariatur?<br><\\/p>\",\"13\":\"<p>Lorem ipsum dolor sit amet, consectetur adipisicing elit, sed do eiusmod tempor incididunt ut labore et dolore magna aliqua. Ut enim ad minim veniam, quis nostrud exercitation ullamco laboris nisi ut aliquip ex ea commodo consequat. Duis aute irure dolor in reprehenderit in voluptate velit esse cillum dolore eu fugiat nulla pariatur. Excepteur sint occaecat cupidatat non proident, sunt in culpa qui officia deserunt mollit anim id est laborum.<br><\\/p>\",\"15\":{\"20\":{\"type\":\"specifications\",\"enabled\":\"1\",\"fields\":{\"wineType\":\"Gig\\u00edo red wine IGT Tuscany\",\"vineyardLocation\":\"Poggio La Noce, Fiesole\",\"grapes\":\"Sangiovese and Teroldego\",\"exposition\":\"South South West\",\"soil\":\"Mixture of albarese and galestro limestones\",\"vinificationAndMaturation\":\"After careful cluster and berry selection vinification occurs in temperature controlled stainless steel vats with indigenous yeast. Ageing occurs in a mix of new and used French oak barriques for 12 to 18 months with further 12 months ageing in bottle.\"}}}}}', '2015-01-12 23:37:12', '2015-01-12 23:37:12', '266630ee-7ce4-462a-b80e-797faf91fc0b');
INSERT INTO `craft_entryversions` (`id`, `entryId`, `sectionId`, `creatorId`, `locale`, `num`, `notes`, `data`, `dateCreated`, `dateUpdated`, `uid`) VALUES ('17', '22', '4', '1', 'en_us', '1', '', '{\"typeId\":null,\"authorId\":\"1\",\"title\":\"Pinko Pallino\",\"slug\":\"gigio\",\"postDate\":1421101440,\"expiryDate\":null,\"enabled\":1,\"fields\":{\"22\":\"\",\"23\":[\"21\"],\"24\":\"\",\"14\":\"<p>Sed ut perspiciatis unde omnis iste natus error sit voluptatem accusantium doloremque laudantium, totam rem aperiam, eaque ipsa quae ab illo inventore veritatis et quasi architecto beatae vitae dicta sunt explicabo. Nemo enim ipsam voluptatem quia voluptas sit aspernatur aut odit aut fugit, sed quia consequuntur magni dolores eos qui ratione voluptatem sequi nesciunt. Neque porro quisquam est, qui dolorem ipsum quia dolor sit amet, consectetur, adipisci velit, sed quia non numquam eius modi tempora incidunt ut labore et dolore magnam aliquam quaerat voluptatem. Ut enim ad minima veniam, quis nostrum exercitationem ullam corporis suscipit laboriosam, nisi ut aliquid ex ea commodi consequatur? Quis autem vel eum iure reprehenderit qui in ea voluptate velit esse quam nihil molestiae consequatur, vel illum qui dolorem eum fugiat quo voluptas nulla pariatur?<br><\\/p>\",\"13\":\"<p>Lorem ipsum dolor sit amet, consectetur adipisicing elit, sed do eiusmod tempor incididunt ut labore et dolore magna aliqua. Ut enim ad minim veniam, quis nostrud exercitation ullamco laboris nisi ut aliquip ex ea commodo consequat. Duis aute irure dolor in reprehenderit in voluptate velit esse cillum dolore eu fugiat nulla pariatur. Excepteur sint occaecat cupidatat non proident, sunt in culpa qui officia deserunt mollit anim id est laborum.<br><\\/p>\",\"15\":{\"20\":{\"type\":\"specifications\",\"enabled\":\"1\",\"fields\":{\"wineType\":\"Gig\\u00edo red wine IGT Tuscany\",\"vineyardLocation\":\"Poggio La Noce, Fiesole\",\"grapes\":\"Sangiovese and Teroldego\",\"exposition\":\"South South West\",\"soil\":\"Mixture of albarese and galestro limestones\",\"vinificationAndMaturation\":\"After careful cluster and berry selection vinification occurs in temperature controlled stainless steel vats with indigenous yeast. Ageing occurs in a mix of new and used French oak barriques for 12 to 18 months with further 12 months ageing in bottle.\"}}}}}', '2015-01-12 23:37:53', '2015-01-12 23:37:53', 'e1ef931c-f664-4805-8523-15cdabae8c80');
INSERT INTO `craft_entryversions` (`id`, `entryId`, `sectionId`, `creatorId`, `locale`, `num`, `notes`, `data`, `dateCreated`, `dateUpdated`, `uid`) VALUES ('18', '22', '4', '1', 'en_us', '2', '', '{\"typeId\":\"4\",\"authorId\":\"1\",\"title\":\"Paonazzo\",\"slug\":\"paonazzo\",\"postDate\":1421101440,\"expiryDate\":null,\"enabled\":1,\"fields\":{\"22\":\"\",\"23\":[\"24\"],\"24\":\"\",\"14\":\"<p>Sed ut perspiciatis unde omnis iste natus error sit voluptatem accusantium doloremque laudantium, totam rem aperiam, eaque ipsa quae ab illo inventore veritatis et quasi architecto beatae vitae dicta sunt explicabo. Nemo enim ipsam voluptatem quia voluptas sit aspernatur aut odit aut fugit, sed quia consequuntur magni dolores eos qui ratione voluptatem sequi nesciunt. Neque porro quisquam est, qui dolorem ipsum quia dolor sit amet, consectetur, adipisci velit, sed quia non numquam eius modi tempora incidunt ut labore et dolore magnam aliquam quaerat voluptatem. Ut enim ad minima veniam, quis nostrum exercitationem ullam corporis suscipit laboriosam, nisi ut aliquid ex ea commodi consequatur? Quis autem vel eum iure reprehenderit qui in ea voluptate velit esse quam nihil molestiae consequatur, vel illum qui dolorem eum fugiat quo voluptas nulla pariatur?<br><\\/p>\",\"13\":\"<p>Lorem ipsum dolor sit amet, consectetur adipisicing elit, sed do eiusmod tempor incididunt ut labore et dolore magna aliqua. Ut enim ad minim veniam, quis nostrud exercitation ullamco laboris nisi ut aliquip ex ea commodo consequat. Duis aute irure dolor in reprehenderit in voluptate velit esse cillum dolore eu fugiat nulla pariatur. Excepteur sint occaecat cupidatat non proident, sunt in culpa qui officia deserunt mollit anim id est laborum.<br><\\/p>\",\"15\":{\"23\":{\"type\":\"specifications\",\"enabled\":\"1\",\"fields\":{\"wineType\":\"Gig\\u00edo red wine IGT Tuscany\",\"vineyardLocation\":\"Poggio La Noce, Fiesole\",\"grapes\":\"Sangiovese and Teroldego\",\"exposition\":\"South South West\",\"soil\":\"Mixture of albarese and galestro limestones\",\"vinificationAndMaturation\":\"After careful cluster and berry selection vinification occurs in temperature controlled stainless steel vats with indigenous yeast. Ageing occurs in a mix of new and used French oak barriques for 12 to 18 months with further 12 months ageing in bottle.\"}}}}}', '2015-01-12 23:38:09', '2015-01-12 23:38:09', '2476cbeb-95f1-41f5-8827-687b49f276da');
INSERT INTO `craft_entryversions` (`id`, `entryId`, `sectionId`, `creatorId`, `locale`, `num`, `notes`, `data`, `dateCreated`, `dateUpdated`, `uid`) VALUES ('19', '19', '4', '1', 'en_us', '3', '', '{\"typeId\":\"4\",\"authorId\":\"1\",\"title\":\"Pinko Pallino\",\"slug\":\"pallino\",\"postDate\":1421101440,\"expiryDate\":null,\"enabled\":1,\"fields\":{\"22\":\"\",\"23\":[\"21\"],\"24\":\"\",\"14\":\"<p>Sed ut perspiciatis unde omnis iste natus error sit voluptatem accusantium doloremque laudantium, totam rem aperiam, eaque ipsa quae ab illo inventore veritatis et quasi architecto beatae vitae dicta sunt explicabo. Nemo enim ipsam voluptatem quia voluptas sit aspernatur aut odit aut fugit, sed quia consequuntur magni dolores eos qui ratione voluptatem sequi nesciunt. Neque porro quisquam est, qui dolorem ipsum quia dolor sit amet, consectetur, adipisci velit, sed quia non numquam eius modi tempora incidunt ut labore et dolore magnam aliquam quaerat voluptatem. Ut enim ad minima veniam, quis nostrum exercitationem ullam corporis suscipit laboriosam, nisi ut aliquid ex ea commodi consequatur? Quis autem vel eum iure reprehenderit qui in ea voluptate velit esse quam nihil molestiae consequatur, vel illum qui dolorem eum fugiat quo voluptas nulla pariatur?<br><\\/p>\",\"13\":\"<p>Lorem ipsum dolor sit amet, consectetur adipisicing elit, sed do eiusmod tempor incididunt ut labore et dolore magna aliqua. Ut enim ad minim veniam, quis nostrud exercitation ullamco laboris nisi ut aliquip ex ea commodo consequat. Duis aute irure dolor in reprehenderit in voluptate velit esse cillum dolore eu fugiat nulla pariatur. Excepteur sint occaecat cupidatat non proident, sunt in culpa qui officia deserunt mollit anim id est laborum.<br><\\/p>\",\"15\":{\"20\":{\"type\":\"specifications\",\"enabled\":\"1\",\"fields\":{\"wineType\":\"Gig\\u00edo red wine IGT Tuscany\",\"vineyardLocation\":\"Poggio La Noce, Fiesole\",\"grapes\":\"Sangiovese and Teroldego\",\"exposition\":\"South South West\",\"soil\":\"Mixture of albarese and galestro limestones\",\"vinificationAndMaturation\":\"After careful cluster and berry selection vinification occurs in temperature controlled stainless steel vats with indigenous yeast. Ageing occurs in a mix of new and used French oak barriques for 12 to 18 months with further 12 months ageing in bottle.\"}}}}}', '2015-01-12 23:38:20', '2015-01-12 23:38:20', '2d71d17e-2d87-42aa-b938-dc01dcdf28d0');
INSERT INTO `craft_entryversions` (`id`, `entryId`, `sectionId`, `creatorId`, `locale`, `num`, `notes`, `data`, `dateCreated`, `dateUpdated`, `uid`) VALUES ('20', '16', '4', '1', 'en_us', '3', '', '{\"typeId\":\"4\",\"authorId\":\"1\",\"title\":\"Gigino\",\"slug\":\"gigino\",\"postDate\":1421101440,\"expiryDate\":null,\"enabled\":1,\"fields\":{\"22\":\"\",\"23\":[\"18\"],\"24\":\"\",\"14\":\"<p>Sed ut perspiciatis unde omnis iste natus error sit voluptatem accusantium doloremque laudantium, totam rem aperiam, eaque ipsa quae ab illo inventore veritatis et quasi architecto beatae vitae dicta sunt explicabo. Nemo enim ipsam voluptatem quia voluptas sit aspernatur aut odit aut fugit, sed quia consequuntur magni dolores eos qui ratione voluptatem sequi nesciunt. Neque porro quisquam est, qui dolorem ipsum quia dolor sit amet, consectetur, adipisci velit, sed quia non numquam eius modi tempora incidunt ut labore et dolore magnam aliquam quaerat voluptatem. Ut enim ad minima veniam, quis nostrum exercitationem ullam corporis suscipit laboriosam, nisi ut aliquid ex ea commodi consequatur? Quis autem vel eum iure reprehenderit qui in ea voluptate velit esse quam nihil molestiae consequatur, vel illum qui dolorem eum fugiat quo voluptas nulla pariatur?<br><\\/p>\",\"13\":\"<p>Lorem ipsum dolor sit amet, consectetur adipisicing elit, sed do eiusmod tempor incididunt ut labore et dolore magna aliqua. Ut enim ad minim veniam, quis nostrud exercitation ullamco laboris nisi ut aliquip ex ea commodo consequat. Duis aute irure dolor in reprehenderit in voluptate velit esse cillum dolore eu fugiat nulla pariatur. Excepteur sint occaecat cupidatat non proident, sunt in culpa qui officia deserunt mollit anim id est laborum.<br><\\/p>\",\"15\":{\"17\":{\"type\":\"specifications\",\"enabled\":\"1\",\"fields\":{\"wineType\":\"Gig\\u00edo red wine IGT Tuscany\",\"vineyardLocation\":\"Poggio La Noce, Fiesole\",\"grapes\":\"Sangiovese and Teroldego\",\"exposition\":\"South South West\",\"soil\":\"Mixture of albarese and galestro limestones\",\"vinificationAndMaturation\":\"After careful cluster and berry selection vinification occurs in temperature controlled stainless steel vats with indigenous yeast. Ageing occurs in a mix of new and used French oak barriques for 12 to 18 months with further 12 months ageing in bottle.\"}}}}}', '2015-01-12 23:38:35', '2015-01-12 23:38:35', '9f6a3ce8-ab00-4eeb-92ee-5af4414b2aca');
INSERT INTO `craft_entryversions` (`id`, `entryId`, `sectionId`, `creatorId`, `locale`, `num`, `notes`, `data`, `dateCreated`, `dateUpdated`, `uid`) VALUES ('21', '13', '4', '1', 'en_us', '3', '', '{\"typeId\":\"4\",\"authorId\":\"1\",\"title\":\"Gigetto\",\"slug\":\"gigetto\",\"postDate\":1421101440,\"expiryDate\":null,\"enabled\":1,\"fields\":{\"22\":\"\",\"23\":[\"15\"],\"24\":\"\",\"14\":\"<p>Sed ut perspiciatis unde omnis iste natus error sit voluptatem accusantium doloremque laudantium, totam rem aperiam, eaque ipsa quae ab illo inventore veritatis et quasi architecto beatae vitae dicta sunt explicabo. Nemo enim ipsam voluptatem quia voluptas sit aspernatur aut odit aut fugit, sed quia consequuntur magni dolores eos qui ratione voluptatem sequi nesciunt. Neque porro quisquam est, qui dolorem ipsum quia dolor sit amet, consectetur, adipisci velit, sed quia non numquam eius modi tempora incidunt ut labore et dolore magnam aliquam quaerat voluptatem. Ut enim ad minima veniam, quis nostrum exercitationem ullam corporis suscipit laboriosam, nisi ut aliquid ex ea commodi consequatur? Quis autem vel eum iure reprehenderit qui in ea voluptate velit esse quam nihil molestiae consequatur, vel illum qui dolorem eum fugiat quo voluptas nulla pariatur?<br><\\/p>\",\"13\":\"<p>Lorem ipsum dolor sit amet, consectetur adipisicing elit, sed do eiusmod tempor incididunt ut labore et dolore magna aliqua. Ut enim ad minim veniam, quis nostrud exercitation ullamco laboris nisi ut aliquip ex ea commodo consequat. Duis aute irure dolor in reprehenderit in voluptate velit esse cillum dolore eu fugiat nulla pariatur. Excepteur sint occaecat cupidatat non proident, sunt in culpa qui officia deserunt mollit anim id est laborum.<br><\\/p>\",\"15\":{\"14\":{\"type\":\"specifications\",\"enabled\":\"1\",\"fields\":{\"wineType\":\"Gig\\u00edo red wine IGT Tuscany\",\"vineyardLocation\":\"Poggio La Noce, Fiesole\",\"grapes\":\"Sangiovese and Teroldego\",\"exposition\":\"South South West\",\"soil\":\"Mixture of albarese and galestro limestones\",\"vinificationAndMaturation\":\"After careful cluster and berry selection vinification occurs in temperature controlled stainless steel vats with indigenous yeast. Ageing occurs in a mix of new and used French oak barriques for 12 to 18 months with further 12 months ageing in bottle.\"}}}}}', '2015-01-12 23:38:43', '2015-01-12 23:38:43', 'feb01f0d-0786-4f03-98f5-94223216ffe2');
INSERT INTO `craft_entryversions` (`id`, `entryId`, `sectionId`, `creatorId`, `locale`, `num`, `notes`, `data`, `dateCreated`, `dateUpdated`, `uid`) VALUES ('22', '22', '4', '1', 'en_us', '3', '', '{\"typeId\":\"4\",\"authorId\":\"1\",\"title\":\"Paonazzo\",\"slug\":\"paonazzo\",\"postDate\":1421101440,\"expiryDate\":null,\"enabled\":1,\"fields\":{\"22\":\"\",\"23\":[\"24\"],\"24\":\"\",\"14\":\"<p>Sed ut perspiciatis unde omnis iste natus error sit voluptatem accusantium doloremque laudantium, totam rem aperiam, eaque ipsa quae ab illo inventore veritatis et quasi architecto beatae vitae dicta sunt explicabo. Nemo enim ipsam voluptatem quia voluptas sit aspernatur aut odit aut fugit, sed quia consequuntur magni dolores eos qui ratione voluptatem sequi nesciunt. Neque porro quisquam est, qui dolorem ipsum quia dolor sit amet, consectetur, adipisci velit, sed quia non numquam eius modi tempora incidunt ut labore et dolore magnam aliquam quaerat voluptatem. Ut enim ad minima veniam, quis nostrum exercitationem ullam corporis suscipit laboriosam, nisi ut aliquid ex ea commodi consequatur? Quis autem vel eum iure reprehenderit qui in ea voluptate velit esse quam nihil molestiae consequatur, vel illum qui dolorem eum fugiat quo voluptas nulla pariatur?<br><\\/p>\",\"13\":\"<p>Lorem ipsum dolor sit amet, consectetur adipisicing elit, sed do eiusmod tempor incididunt ut labore et dolore magna aliqua. Ut enim ad minim veniam, quis nostrud exercitation ullamco laboris nisi ut aliquip ex ea commodo consequat. Duis aute irure dolor in reprehenderit in voluptate velit esse cillum dolore eu fugiat nulla pariatur. Excepteur sint occaecat cupidatat non proident, sunt in culpa qui officia deserunt mollit anim id est laborum.<br><\\/p>\",\"15\":{\"23\":{\"type\":\"specifications\",\"enabled\":\"1\",\"fields\":{\"wineType\":\"Gig\\u00edo red wine IGT Tuscany\",\"vineyardLocation\":\"Poggio La Noce, Fiesole\",\"grapes\":\"Sangiovese and Teroldego\",\"exposition\":\"South South West\",\"soil\":\"Mixture of albarese and galestro limestones\",\"vinificationAndMaturation\":\"After careful cluster and berry selection vinification occurs in temperature controlled stainless steel vats with indigenous yeast. Ageing occurs in a mix of new and used French oak barriques for 12 to 18 months with further 12 months ageing in bottle.\"}}}}}', '2015-01-13 00:33:22', '2015-01-13 00:33:22', '45397ff0-108e-4389-9282-a3945f130bea');
INSERT INTO `craft_entryversions` (`id`, `entryId`, `sectionId`, `creatorId`, `locale`, `num`, `notes`, `data`, `dateCreated`, `dateUpdated`, `uid`) VALUES ('23', '29', '3', '1', 'en_us', '1', '', '{\"typeId\":null,\"authorId\":\"1\",\"title\":\"Home\",\"slug\":\"home\",\"postDate\":1421118739,\"expiryDate\":null,\"enabled\":1,\"fields\":{\"8\":{\"new1\":{\"type\":\"banner\",\"enabled\":\"1\",\"fields\":{\"bannerHeadline\":\"Slide 1 Text\",\"bannerVideo\":\"\",\"bannerImage\":[\"26\"]}},\"new2\":{\"type\":\"banner\",\"enabled\":\"1\",\"fields\":{\"bannerHeadline\":\"Slide 2 Text\",\"bannerVideo\":\"\",\"bannerImage\":[\"27\"]}},\"new3\":{\"type\":\"banner\",\"enabled\":\"1\",\"fields\":{\"bannerHeadline\":\"Slide 3 Text\",\"bannerVideo\":\"\",\"bannerImage\":[\"28\"]}}},\"7\":\"\",\"12\":\"\",\"6\":\"\"}}', '2015-01-13 03:12:19', '2015-01-13 03:12:19', 'e02e12f0-9e0f-4d39-a4a6-ab0afab5949c');
INSERT INTO `craft_entryversions` (`id`, `entryId`, `sectionId`, `creatorId`, `locale`, `num`, `notes`, `data`, `dateCreated`, `dateUpdated`, `uid`) VALUES ('24', '6', '3', '1', 'en_us', '4', '', '{\"typeId\":\"3\",\"authorId\":\"1\",\"title\":\"Philosophy\",\"slug\":\"philosophy\",\"postDate\":1421089080,\"expiryDate\":null,\"enabled\":1,\"fields\":{\"8\":{\"8\":{\"type\":\"banner\",\"enabled\":\"1\",\"fields\":{\"bannerHeadline\":\"Driven by our love for great wine, we strive to produce the best possible wine for this Terroir.\",\"bannerVideo\":\"veUluy0zAzU\",\"bannerImage\":[\"7\"]}}},\"7\":\"<h2>Our work begins at the vineyard, eh!<\\/h2><ul><li>Passing through the vineyard, row by row, several times each week.<\\/li><li>Weeding and hoeing, pruning, cutting back leaves and fruit.<\\/li><li>Thinning grape bunches and constantly monitoring the health of the berries.<\\/li><\\/ul><h2>Our dedication carries over to the cellar, mama mia!<\\/h2><p>Lorem ipsum dolor sit amet, consectetur adipisicing elit, sed do eiusmod tempor incididunt ut labore et dolore magna aliqua. Ut enim ad minim veniam, quis nostrud exercitation ullamco laboris nisi ut aliquip ex ea commodo consequat. Duis aute irure dolor in reprehenderit in voluptate velit esse cillum dolore eu fugiat nulla pariatur. Excepteur sint occaecat cupidatat non proident, sunt in culpa qui officia deserunt mollit anim id est laborum.<\\/p>\",\"12\":[\"5\"],\"6\":\"Our Process\"}}', '2015-01-13 03:12:30', '2015-01-13 03:12:30', 'a7468b07-1357-465c-99cb-3d7cd017248a');
INSERT INTO `craft_entryversions` (`id`, `entryId`, `sectionId`, `creatorId`, `locale`, `num`, `notes`, `data`, `dateCreated`, `dateUpdated`, `uid`) VALUES ('25', '9', '4', '1', 'en_us', '5', '', '{\"typeId\":\"4\",\"authorId\":\"1\",\"title\":\"Gigio\",\"slug\":\"gigio\",\"postDate\":1421101440,\"expiryDate\":null,\"enabled\":1,\"fields\":{\"22\":[\"11\"],\"23\":[\"12\"],\"24\":\"\",\"14\":\"<p><strong>Altitude:<\\/strong> 800 ft elavation, 250 meters above sea level<\\/p><p><strong>Vineyard Size:<\\/strong> 5 acres<\\/p><p><strong>Year Planted:<\\/strong> Partly in 2000 and partly in 2006<\\/p><p><strong>Training System: <\\/strong>Spur-pruned cordon for the Sangiovese and Guyot for the Teroldego<\\/p><p><strong>Harvest:<\\/strong> Typically end of September to the first ten days of October depending on the seasons for the Sangiovese. The Teroldego grapes tend to ripen earlier and are harvested earlier (around the 20th of September).<\\/p><p>The Gigi\\u00f3 Sangiovese grapes benefit from the most hang time allowing for greater phenological maturity. They are handpicked and brought immediately to the cellar for further selection.<\\/p><p><strong>Ageing: <\\/strong>The wine will age in French oak barriques (225L each) for 12 months to 18 months depending on the year. Our barriques come from some of the best tonneleries in France and are typically fine grain medium toast. We use a mixture of new and used barriques to avoid excessive wood accent. Following the aging in barriques, the wine is further aged in bottle for another year.<\\/p><p><strong>Bottles Produced: <\\/strong>3000 bottles.<\\/p><p><strong>Alcohol:<\\/strong> 13% to 14%<\\/p><p><strong>Potential Cellaring:<\\/strong> 15+ years.<\\/p>\",\"13\":\"<p>Lorem ipsum dolor sit amet, consectetur adipisicing elit, sed do eiusmod tempor incididunt ut labore et dolore magna aliqua. Ut enim ad minim veniam, quis nostrud exercitation ullamco laboris nisi ut aliquip ex ea commodo consequat. Duis aute irure dolor in reprehenderit in voluptate velit esse cillum dolore eu fugiat nulla pariatur. Excepteur sint occaecat cupidatat non proident, sunt in culpa qui officia deserunt mollit anim id est laborum.<br><\\/p>\",\"15\":{\"10\":{\"type\":\"specifications\",\"enabled\":\"1\",\"fields\":{\"wineType\":\"Gig\\u00edo red wine IGT Tuscany\",\"vineyardLocation\":\"Poggio La Noce, Fiesole\",\"grapes\":\"Sangiovese and Teroldego\",\"exposition\":\"South South West\",\"soil\":\"Mixture of albarese and galestro limestones\",\"vinificationAndMaturation\":\"After careful cluster and berry selection vinification occurs in temperature controlled stainless steel vats with indigenous yeast. Ageing occurs in a mix of new and used French oak barriques for 12 to 18 months with further 12 months ageing in bottle.\"}}}}}', '2015-01-14 00:02:38', '2015-01-14 00:02:38', 'b628a23c-3d08-4c98-aabe-0c44230b8c58');
INSERT INTO `craft_entryversions` (`id`, `entryId`, `sectionId`, `creatorId`, `locale`, `num`, `notes`, `data`, `dateCreated`, `dateUpdated`, `uid`) VALUES ('26', '42', '3', '1', 'en_us', '1', '', '{\"typeId\":null,\"authorId\":\"1\",\"title\":\"About\",\"slug\":\"about\",\"postDate\":1421257366,\"expiryDate\":null,\"enabled\":1,\"fields\":{\"8\":{\"new1\":{\"type\":\"banner\",\"enabled\":\"1\",\"fields\":{\"bannerHeadline\":\"This is the about page\",\"bannerVideo\":\"\",\"bannerImage\":[\"33\"]}}},\"7\":\"<h2>Who we are<\\/h2><p>Lorem ipsum dolor sit amet, consectetur adipisicing elit, sed do eiusmod tempor incididunt ut labore et dolore magna aliqua. Ut enim ad minim veniam, quis nostrud exercitation ullamco laboris nisi ut aliquip ex ea commodo consequat. Duis aute irure dolor in reprehenderit in voluptate velit esse cillum dolore eu fugiat nulla pariatur. Excepteur sint occaecat cupidatat non proident, sunt in culpa qui officia deserunt mollit anim id est laborum.<span><\\/span><\\/p><h2>What we do<\\/h2><p>Lorem ipsum dolor sit amet, consectetur adipisicing elit, sed do eiusmod tempor incididunt ut labore et dolore magna aliqua. Ut enim ad minim veniam, quis nostrud exercitation ullamco laboris nisi ut aliquip ex ea commodo consequat. Duis aute irure dolor in reprehenderit in voluptate velit esse cillum dolore eu fugiat nulla pariatur. Excepteur sint occaecat cupidatat non proident, sunt in culpa qui officia deserunt mollit anim id est laborum.<\\/p>\",\"12\":[\"38\"],\"6\":\"Learn more about us\"}}', '2015-01-14 17:42:46', '2015-01-14 17:42:46', '5d98ad58-9a60-4334-aad0-1006db799061');
INSERT INTO `craft_entryversions` (`id`, `entryId`, `sectionId`, `creatorId`, `locale`, `num`, `notes`, `data`, `dateCreated`, `dateUpdated`, `uid`) VALUES ('27', '44', '3', '1', 'en_us', '1', '', '{\"typeId\":null,\"authorId\":\"1\",\"title\":\"Vineyard\",\"slug\":\"vineyard\",\"postDate\":1421257418,\"expiryDate\":null,\"enabled\":1,\"fields\":{\"8\":{\"new1\":{\"type\":\"banner\",\"enabled\":\"1\",\"fields\":{\"bannerHeadline\":\"Vines everywhere\",\"bannerVideo\":\"\",\"bannerImage\":[\"37\"]}}},\"7\":\"<h2>Vines<\\/h2><p>Lorem ipsum dolor sit amet, consectetur adipisicing elit, sed do eiusmod tempor incididunt ut labore et dolore magna aliqua. Ut enim ad minim veniam, quis nostrud exercitation ullamco laboris nisi ut aliquip ex ea commodo consequat. Duis aute irure dolor in reprehenderit in voluptate velit esse cillum dolore eu fugiat nulla pariatur. Excepteur sint occaecat cupidatat non proident, sunt in culpa qui officia deserunt mollit anim id est laborum.<\\/p><h2>More Vines<\\/h2><p>Lorem ipsum dolor sit amet, consectetur adipisicing elit, sed do eiusmod tempor incididunt ut labore et dolore magna aliqua. Ut enim ad minim veniam, quis nostrud exercitation ullamco laboris nisi ut aliquip ex ea commodo consequat. Duis aute irure dolor in reprehenderit in voluptate velit esse cillum dolore eu fugiat nulla pariatur. Excepteur sint occaecat cupidatat non proident, sunt in culpa qui officia deserunt mollit anim id est laborum.<\\/p>\",\"12\":[\"41\"],\"6\":\"Our Vines\"}}', '2015-01-14 17:43:38', '2015-01-14 17:43:38', '45684ff5-cd27-42e3-b7a3-97079f97acd1');
INSERT INTO `craft_entryversions` (`id`, `entryId`, `sectionId`, `creatorId`, `locale`, `num`, `notes`, `data`, `dateCreated`, `dateUpdated`, `uid`) VALUES ('28', '46', '3', '1', 'en_us', '1', '', '{\"typeId\":null,\"authorId\":\"1\",\"title\":\"Olive Oil\",\"slug\":\"olive-oil\",\"postDate\":1421257473,\"expiryDate\":null,\"enabled\":1,\"fields\":{\"8\":{\"new1\":{\"type\":\"banner\",\"enabled\":\"1\",\"fields\":{\"bannerHeadline\":\"Olive oil for everyone\",\"bannerVideo\":\"\",\"bannerImage\":[\"35\"]}}},\"7\":\"<h2>Oil<\\/h2><p>Lorem ipsum dolor sit amet, consectetur adipisicing elit, sed do eiusmod tempor incididunt ut labore et dolore magna aliqua. Ut enim ad minim veniam, quis nostrud exercitation ullamco laboris nisi ut aliquip ex ea commodo consequat. Duis aute irure dolor in reprehenderit in voluptate velit esse cillum dolore eu fugiat nulla pariatur. Excepteur sint occaecat cupidatat non proident, sunt in culpa qui officia deserunt mollit anim id est laborum.<\\/p><h2>More Oil<\\/h2><p>Lorem ipsum dolor sit amet, consectetur adipisicing elit, sed do eiusmod tempor incididunt ut labore et dolore magna aliqua. Ut enim ad minim veniam, quis nostrud exercitation ullamco laboris nisi ut aliquip ex ea commodo consequat. Duis aute irure dolor in reprehenderit in voluptate velit esse cillum dolore eu fugiat nulla pariatur. Excepteur sint occaecat cupidatat non proident, sunt in culpa qui officia deserunt mollit anim id est laborum.<\\/p>\",\"12\":[\"40\"],\"6\":\"Olives everywhere\"}}', '2015-01-14 17:44:34', '2015-01-14 17:44:34', 'dca4195d-2671-4e88-9baa-699e12db50a6');
INSERT INTO `craft_entryversions` (`id`, `entryId`, `sectionId`, `creatorId`, `locale`, `num`, `notes`, `data`, `dateCreated`, `dateUpdated`, `uid`) VALUES ('29', '48', '3', '1', 'en_us', '1', '', '{\"typeId\":null,\"authorId\":\"1\",\"title\":\"Contact\",\"slug\":\"contact\",\"postDate\":1421257560,\"expiryDate\":null,\"enabled\":1,\"fields\":{\"8\":{\"new1\":{\"type\":\"banner\",\"enabled\":\"1\",\"fields\":{\"bannerHeadline\":\"Get in touch\",\"bannerVideo\":\"\",\"bannerImage\":[\"34\"]}}},\"7\":\"\",\"12\":[\"39\"],\"6\":\"Contact us\"}}', '2015-01-14 17:46:00', '2015-01-14 17:46:00', '4609e347-3b1b-4b13-8b2a-0e77570c2372');
INSERT INTO `craft_entryversions` (`id`, `entryId`, `sectionId`, `creatorId`, `locale`, `num`, `notes`, `data`, `dateCreated`, `dateUpdated`, `uid`) VALUES ('30', '48', '3', '1', 'en_us', '2', '', '{\"typeId\":\"3\",\"authorId\":\"1\",\"title\":\"Contact\",\"slug\":\"contact\",\"postDate\":1421257560,\"expiryDate\":null,\"enabled\":1,\"fields\":{\"8\":{\"49\":{\"type\":\"banner\",\"enabled\":\"1\",\"fields\":{\"bannerHeadline\":\"Get in touch\",\"bannerVideo\":\"\",\"bannerImage\":[\"34\"]}}},\"7\":\"<p>Get in touch with us by writing in the box below. Lorem ipsum dolor sit amet, consectetur adipisicing elit, sed do eiusmod tempor incididunt ut labore et dolore magna aliqua. <\\/p>\",\"12\":[\"39\"],\"6\":\"Contact us\"}}', '2015-01-14 17:51:00', '2015-01-14 17:51:00', '7a732106-3009-4aa2-bbda-3a74f8d60429');
INSERT INTO `craft_entryversions` (`id`, `entryId`, `sectionId`, `creatorId`, `locale`, `num`, `notes`, `data`, `dateCreated`, `dateUpdated`, `uid`) VALUES ('31', '29', '3', '1', 'en_us', '2', '', '{\"typeId\":\"3\",\"authorId\":\"1\",\"title\":\"Home\",\"slug\":\"home\",\"postDate\":1421118720,\"expiryDate\":null,\"enabled\":1,\"fields\":{\"8\":{\"30\":{\"type\":\"banner\",\"enabled\":\"1\",\"fields\":{\"bannerHeadline\":\"Slide 1 Text\",\"bannerVideo\":\"oF7cvWnIHPc\",\"bannerImage\":[\"26\"]}},\"31\":{\"type\":\"banner\",\"enabled\":\"1\",\"fields\":{\"bannerHeadline\":\"Slide 2 Text\",\"bannerVideo\":\"\",\"bannerImage\":[\"27\"]}},\"32\":{\"type\":\"banner\",\"enabled\":\"1\",\"fields\":{\"bannerHeadline\":\"Slide 3 Text\",\"bannerVideo\":\"\",\"bannerImage\":[\"28\"]}}},\"7\":\"\",\"12\":\"\",\"6\":\"\"}}', '2015-01-14 22:36:57', '2015-01-14 22:36:57', 'e6f5bdf0-f669-4bb1-b599-d3a3c75a0002');
INSERT INTO `craft_entryversions` (`id`, `entryId`, `sectionId`, `creatorId`, `locale`, `num`, `notes`, `data`, `dateCreated`, `dateUpdated`, `uid`) VALUES ('32', '29', '3', '1', 'en_us', '3', '', '{\"typeId\":\"3\",\"authorId\":\"1\",\"title\":\"Home\",\"slug\":\"home\",\"postDate\":1421118720,\"expiryDate\":null,\"enabled\":1,\"fields\":{\"8\":{\"30\":{\"type\":\"banner\",\"enabled\":\"1\",\"fields\":{\"bannerHeadline\":\"Lorem ipsum dolor sit amet, consectetur adipisicing elit, sed do eiusmod\",\"bannerVideo\":\"oF7cvWnIHPc\",\"bannerImage\":[\"26\"]}},\"31\":{\"type\":\"banner\",\"enabled\":\"1\",\"fields\":{\"bannerHeadline\":\"Slide 2 Text\",\"bannerVideo\":\"\",\"bannerImage\":[\"27\"]}},\"32\":{\"type\":\"banner\",\"enabled\":\"1\",\"fields\":{\"bannerHeadline\":\"Slide 3 Text\",\"bannerVideo\":\"\",\"bannerImage\":[\"28\"]}}},\"7\":\"\",\"12\":\"\",\"6\":\"\"}}', '2015-01-14 22:37:21', '2015-01-14 22:37:21', 'd6e9b86f-6d5f-49f6-9572-db0de57c3f22');
INSERT INTO `craft_entryversions` (`id`, `entryId`, `sectionId`, `creatorId`, `locale`, `num`, `notes`, `data`, `dateCreated`, `dateUpdated`, `uid`) VALUES ('33', '29', '3', '1', 'en_us', '4', '', '{\"typeId\":\"3\",\"authorId\":\"1\",\"title\":\"Home\",\"slug\":\"home\",\"postDate\":1421118720,\"expiryDate\":null,\"enabled\":1,\"fields\":{\"8\":{\"30\":{\"type\":\"banner\",\"enabled\":\"1\",\"fields\":{\"bannerHeadline\":\"Lorem ipsum dolor sit amet, consectetur adipisicing elit, sed do eiusmod, isicing elit, sed isicing elit, sed \",\"bannerVideo\":\"oF7cvWnIHPc\",\"bannerImage\":[\"26\"]}},\"31\":{\"type\":\"banner\",\"enabled\":\"1\",\"fields\":{\"bannerHeadline\":\"Slide 2 Text\",\"bannerVideo\":\"\",\"bannerImage\":[\"27\"]}},\"32\":{\"type\":\"banner\",\"enabled\":\"1\",\"fields\":{\"bannerHeadline\":\"Slide 3 Text\",\"bannerVideo\":\"\",\"bannerImage\":[\"28\"]}}},\"7\":\"\",\"12\":\"\",\"6\":\"\"}}', '2015-01-14 22:39:51', '2015-01-14 22:39:51', '6561132f-6959-4558-aa52-7af8bde19d35');



DROP TABLE IF EXISTS `craft_fieldgroups`;


--
-- Schema for table `craft_fieldgroups`
--
CREATE TABLE `craft_fieldgroups` (
  `id` int(11) NOT NULL AUTO_INCREMENT,
  `name` varchar(255) COLLATE utf8_unicode_ci NOT NULL,
  `dateCreated` datetime NOT NULL,
  `dateUpdated` datetime NOT NULL,
  `uid` char(36) COLLATE utf8_unicode_ci NOT NULL DEFAULT '0',
  PRIMARY KEY (`id`),
  UNIQUE KEY `craft_fieldgroups_name_unq_idx` (`name`)
) ENGINE=InnoDB AUTO_INCREMENT=5 DEFAULT CHARSET=utf8 COLLATE=utf8_unicode_ci;

--
-- Data for table `craft_fieldgroups`
--

INSERT INTO `craft_fieldgroups` (`id`, `name`, `dateCreated`, `dateUpdated`, `uid`) VALUES ('1', 'Default', '2015-01-09 19:54:28', '2015-01-09 19:54:28', 'b4cc00cb-407b-4ff8-bc81-2aeaf5c4410b');
INSERT INTO `craft_fieldgroups` (`id`, `name`, `dateCreated`, `dateUpdated`, `uid`) VALUES ('2', 'Globals', '2015-01-09 22:23:08', '2015-01-09 22:23:08', 'ade3375a-2288-40e2-b510-fe2789e924f2');
INSERT INTO `craft_fieldgroups` (`id`, `name`, `dateCreated`, `dateUpdated`, `uid`) VALUES ('3', 'Page', '2015-01-12 18:32:18', '2015-01-12 18:32:18', '8eee3ce7-fe60-4c0c-80a7-d740d28fcdf3');
INSERT INTO `craft_fieldgroups` (`id`, `name`, `dateCreated`, `dateUpdated`, `uid`) VALUES ('4', 'Wine', '2015-01-12 21:44:33', '2015-01-12 21:44:33', '0bf884c3-e374-4c23-acf0-69807b785cab');



DROP TABLE IF EXISTS `craft_fieldlayoutfields`;


--
-- Schema for table `craft_fieldlayoutfields`
--
CREATE TABLE `craft_fieldlayoutfields` (
  `id` int(11) NOT NULL AUTO_INCREMENT,
  `layoutId` int(11) NOT NULL,
  `tabId` int(11) NOT NULL,
  `fieldId` int(11) NOT NULL,
  `required` tinyint(1) unsigned NOT NULL DEFAULT '0',
  `sortOrder` tinyint(4) DEFAULT NULL,
  `dateCreated` datetime NOT NULL,
  `dateUpdated` datetime NOT NULL,
  `uid` char(36) COLLATE utf8_unicode_ci NOT NULL DEFAULT '0',
  PRIMARY KEY (`id`),
  UNIQUE KEY `craft_fieldlayoutfields_layoutId_fieldId_unq_idx` (`layoutId`,`fieldId`),
  KEY `craft_fieldlayoutfields_sortOrder_idx` (`sortOrder`),
  KEY `craft_fieldlayoutfields_tabId_fk` (`tabId`),
  KEY `craft_fieldlayoutfields_fieldId_fk` (`fieldId`)
) ENGINE=InnoDB AUTO_INCREMENT=34 DEFAULT CHARSET=utf8 COLLATE=utf8_unicode_ci;

--
-- Data for table `craft_fieldlayoutfields`
--

INSERT INTO `craft_fieldlayoutfields` (`id`, `layoutId`, `tabId`, `fieldId`, `required`, `sortOrder`, `dateCreated`, `dateUpdated`, `uid`) VALUES ('1', '3', '1', '1', '1', '1', '2015-01-09 19:54:28', '2015-01-09 19:54:28', '188fb844-0ccc-42d9-8cc5-f1fa40e5a7e9');
INSERT INTO `craft_fieldlayoutfields` (`id`, `layoutId`, `tabId`, `fieldId`, `required`, `sortOrder`, `dateCreated`, `dateUpdated`, `uid`) VALUES ('2', '5', '2', '1', '1', '1', '2015-01-09 19:54:29', '2015-01-09 19:54:29', '0ee7cbcf-e454-4501-92f9-c77cef51f0c0');
INSERT INTO `craft_fieldlayoutfields` (`id`, `layoutId`, `tabId`, `fieldId`, `required`, `sortOrder`, `dateCreated`, `dateUpdated`, `uid`) VALUES ('3', '5', '2', '2', '0', '2', '2015-01-09 19:54:29', '2015-01-09 19:54:29', '4056fbf2-6ea0-4a2d-b76b-176c48b28f00');
INSERT INTO `craft_fieldlayoutfields` (`id`, `layoutId`, `tabId`, `fieldId`, `required`, `sortOrder`, `dateCreated`, `dateUpdated`, `uid`) VALUES ('4', '7', '3', '3', '0', '1', '2015-01-09 22:23:45', '2015-01-09 22:23:45', '0ead1e3d-d8ed-4a62-b2c5-57e07e3932d2');
INSERT INTO `craft_fieldlayoutfields` (`id`, `layoutId`, `tabId`, `fieldId`, `required`, `sortOrder`, `dateCreated`, `dateUpdated`, `uid`) VALUES ('5', '7', '3', '4', '0', '2', '2015-01-09 22:23:45', '2015-01-09 22:23:45', '159c18ed-0acb-4e19-9d12-fe1819e4808a');
INSERT INTO `craft_fieldlayoutfields` (`id`, `layoutId`, `tabId`, `fieldId`, `required`, `sortOrder`, `dateCreated`, `dateUpdated`, `uid`) VALUES ('6', '7', '3', '5', '0', '3', '2015-01-09 22:23:45', '2015-01-09 22:23:45', '1db62d2d-23d0-4d9d-91e0-c273b6267a4e');
INSERT INTO `craft_fieldlayoutfields` (`id`, `layoutId`, `tabId`, `fieldId`, `required`, `sortOrder`, `dateCreated`, `dateUpdated`, `uid`) VALUES ('9', '12', '5', '9', '1', '1', '2015-01-12 18:50:20', '2015-01-12 18:50:20', '395c237b-e021-4cd4-ae47-44390c02588e');
INSERT INTO `craft_fieldlayoutfields` (`id`, `layoutId`, `tabId`, `fieldId`, `required`, `sortOrder`, `dateCreated`, `dateUpdated`, `uid`) VALUES ('10', '12', '5', '10', '0', '2', '2015-01-12 18:50:20', '2015-01-12 18:50:20', '86d46f62-23cc-4f64-9a39-c439dfb7a5a6');
INSERT INTO `craft_fieldlayoutfields` (`id`, `layoutId`, `tabId`, `fieldId`, `required`, `sortOrder`, `dateCreated`, `dateUpdated`, `uid`) VALUES ('11', '12', '5', '11', '1', '3', '2015-01-12 18:50:20', '2015-01-12 18:50:20', '06784f6f-7398-4f3f-8600-a86fa55e04f2');
INSERT INTO `craft_fieldlayoutfields` (`id`, `layoutId`, `tabId`, `fieldId`, `required`, `sortOrder`, `dateCreated`, `dateUpdated`, `uid`) VALUES ('12', '13', '6', '6', '0', '1', '2015-01-12 18:51:21', '2015-01-12 18:51:21', '4f2e65e4-08a1-43db-965c-b7879175396b');
INSERT INTO `craft_fieldlayoutfields` (`id`, `layoutId`, `tabId`, `fieldId`, `required`, `sortOrder`, `dateCreated`, `dateUpdated`, `uid`) VALUES ('13', '13', '6', '7', '0', '2', '2015-01-12 18:51:21', '2015-01-12 18:51:21', '70dffef8-754c-4125-8231-2d1f3593e5cc');
INSERT INTO `craft_fieldlayoutfields` (`id`, `layoutId`, `tabId`, `fieldId`, `required`, `sortOrder`, `dateCreated`, `dateUpdated`, `uid`) VALUES ('14', '13', '6', '8', '0', '3', '2015-01-12 18:51:21', '2015-01-12 18:51:21', '6c044178-3d37-4aa2-b4e5-b2aced5b1d54');
INSERT INTO `craft_fieldlayoutfields` (`id`, `layoutId`, `tabId`, `fieldId`, `required`, `sortOrder`, `dateCreated`, `dateUpdated`, `uid`) VALUES ('15', '13', '6', '12', '0', '4', '2015-01-12 18:51:21', '2015-01-12 18:51:21', '73a27e36-369a-4771-87ac-aa6f35649dab');
INSERT INTO `craft_fieldlayoutfields` (`id`, `layoutId`, `tabId`, `fieldId`, `required`, `sortOrder`, `dateCreated`, `dateUpdated`, `uid`) VALUES ('22', '17', '8', '13', '0', '1', '2015-01-12 22:20:19', '2015-01-12 22:20:19', 'a33d8307-3c89-483e-a35f-6ae3bf5e71c7');
INSERT INTO `craft_fieldlayoutfields` (`id`, `layoutId`, `tabId`, `fieldId`, `required`, `sortOrder`, `dateCreated`, `dateUpdated`, `uid`) VALUES ('23', '17', '8', '15', '0', '2', '2015-01-12 22:20:19', '2015-01-12 22:20:19', '8353fd3b-5fe6-44fa-9b8e-7e6d1ef27b77');
INSERT INTO `craft_fieldlayoutfields` (`id`, `layoutId`, `tabId`, `fieldId`, `required`, `sortOrder`, `dateCreated`, `dateUpdated`, `uid`) VALUES ('24', '17', '8', '14', '0', '3', '2015-01-12 22:20:19', '2015-01-12 22:20:19', '0e7d6d46-0781-4611-9dd8-613c389b4715');
INSERT INTO `craft_fieldlayoutfields` (`id`, `layoutId`, `tabId`, `fieldId`, `required`, `sortOrder`, `dateCreated`, `dateUpdated`, `uid`) VALUES ('25', '17', '8', '23', '0', '4', '2015-01-12 22:20:19', '2015-01-12 22:20:19', '3e05eee7-23d9-4504-88a8-fce339fe2ae7');
INSERT INTO `craft_fieldlayoutfields` (`id`, `layoutId`, `tabId`, `fieldId`, `required`, `sortOrder`, `dateCreated`, `dateUpdated`, `uid`) VALUES ('26', '17', '8', '24', '0', '5', '2015-01-12 22:20:19', '2015-01-12 22:20:19', '63eb21a4-46e8-4389-9d73-f3077ba54032');
INSERT INTO `craft_fieldlayoutfields` (`id`, `layoutId`, `tabId`, `fieldId`, `required`, `sortOrder`, `dateCreated`, `dateUpdated`, `uid`) VALUES ('27', '17', '8', '22', '0', '6', '2015-01-12 22:20:19', '2015-01-12 22:20:19', 'bf3d66cf-4466-44c8-8a55-70aacc92e964');
INSERT INTO `craft_fieldlayoutfields` (`id`, `layoutId`, `tabId`, `fieldId`, `required`, `sortOrder`, `dateCreated`, `dateUpdated`, `uid`) VALUES ('28', '18', '9', '16', '0', '1', '2015-01-12 22:56:19', '2015-01-12 22:56:19', 'f728ae02-eb4a-4ca5-b7b8-fb00c901cfda');
INSERT INTO `craft_fieldlayoutfields` (`id`, `layoutId`, `tabId`, `fieldId`, `required`, `sortOrder`, `dateCreated`, `dateUpdated`, `uid`) VALUES ('29', '18', '9', '17', '0', '2', '2015-01-12 22:56:19', '2015-01-12 22:56:19', '9c48e0d3-48c1-446e-b786-b20c81a02065');
INSERT INTO `craft_fieldlayoutfields` (`id`, `layoutId`, `tabId`, `fieldId`, `required`, `sortOrder`, `dateCreated`, `dateUpdated`, `uid`) VALUES ('30', '18', '9', '18', '0', '3', '2015-01-12 22:56:19', '2015-01-12 22:56:19', 'bef64acc-d865-46cf-9918-900e04e4d0a2');
INSERT INTO `craft_fieldlayoutfields` (`id`, `layoutId`, `tabId`, `fieldId`, `required`, `sortOrder`, `dateCreated`, `dateUpdated`, `uid`) VALUES ('31', '18', '9', '19', '0', '4', '2015-01-12 22:56:19', '2015-01-12 22:56:19', '31de5a0e-8189-4f29-98a9-29ef38742e49');
INSERT INTO `craft_fieldlayoutfields` (`id`, `layoutId`, `tabId`, `fieldId`, `required`, `sortOrder`, `dateCreated`, `dateUpdated`, `uid`) VALUES ('32', '18', '9', '20', '0', '5', '2015-01-12 22:56:19', '2015-01-12 22:56:19', '74bf819f-0d29-4dfb-a7f5-ac997d2a498f');
INSERT INTO `craft_fieldlayoutfields` (`id`, `layoutId`, `tabId`, `fieldId`, `required`, `sortOrder`, `dateCreated`, `dateUpdated`, `uid`) VALUES ('33', '18', '9', '21', '0', '6', '2015-01-12 22:56:19', '2015-01-12 22:56:19', '9888624f-49fe-432b-a9b4-695a3648ec2f');



DROP TABLE IF EXISTS `craft_fieldlayouts`;


--
-- Schema for table `craft_fieldlayouts`
--
CREATE TABLE `craft_fieldlayouts` (
  `id` int(11) NOT NULL AUTO_INCREMENT,
  `type` varchar(150) COLLATE utf8_unicode_ci NOT NULL,
  `dateCreated` datetime NOT NULL,
  `dateUpdated` datetime NOT NULL,
  `uid` char(36) COLLATE utf8_unicode_ci NOT NULL DEFAULT '0',
  PRIMARY KEY (`id`),
  KEY `craft_fieldlayouts_type_idx` (`type`)
) ENGINE=InnoDB AUTO_INCREMENT=19 DEFAULT CHARSET=utf8 COLLATE=utf8_unicode_ci;

--
-- Data for table `craft_fieldlayouts`
--

INSERT INTO `craft_fieldlayouts` (`id`, `type`, `dateCreated`, `dateUpdated`, `uid`) VALUES ('1', 'Tag', '2015-01-09 19:54:28', '2015-01-09 19:54:28', '9913f74d-6aec-4baf-8c89-fe1738ca9cd7');
INSERT INTO `craft_fieldlayouts` (`id`, `type`, `dateCreated`, `dateUpdated`, `uid`) VALUES ('3', 'Entry', '2015-01-09 19:54:28', '2015-01-09 19:54:28', 'da12ff4d-4bd5-42fe-80bb-16eb4b01be8e');
INSERT INTO `craft_fieldlayouts` (`id`, `type`, `dateCreated`, `dateUpdated`, `uid`) VALUES ('5', 'Entry', '2015-01-09 19:54:29', '2015-01-09 19:54:29', '730f37af-d167-4279-a02c-ab502260b7d3');
INSERT INTO `craft_fieldlayouts` (`id`, `type`, `dateCreated`, `dateUpdated`, `uid`) VALUES ('7', 'GlobalSet', '2015-01-09 22:23:45', '2015-01-09 22:23:45', '013596c1-2e6c-4afe-a76f-b3d30adf9fb1');
INSERT INTO `craft_fieldlayouts` (`id`, `type`, `dateCreated`, `dateUpdated`, `uid`) VALUES ('10', 'Asset', '2015-01-12 18:44:48', '2015-01-12 18:44:48', 'c7e52b2a-b65f-4fc1-b039-575d16684819');
INSERT INTO `craft_fieldlayouts` (`id`, `type`, `dateCreated`, `dateUpdated`, `uid`) VALUES ('11', 'Asset', '2015-01-12 18:45:15', '2015-01-12 18:45:15', '9bd90926-5683-473e-9918-b4a2a8a4161c');
INSERT INTO `craft_fieldlayouts` (`id`, `type`, `dateCreated`, `dateUpdated`, `uid`) VALUES ('12', 'MatrixBlock', '2015-01-12 18:50:20', '2015-01-12 18:50:20', '04347eaa-dbdf-42e7-b30e-57b3c8d36a1d');
INSERT INTO `craft_fieldlayouts` (`id`, `type`, `dateCreated`, `dateUpdated`, `uid`) VALUES ('13', 'Entry', '2015-01-12 18:51:21', '2015-01-12 18:51:21', 'a32b1074-f376-4bef-9091-0fa299763907');
INSERT INTO `craft_fieldlayouts` (`id`, `type`, `dateCreated`, `dateUpdated`, `uid`) VALUES ('14', 'Asset', '2015-01-12 21:44:21', '2015-01-12 21:44:21', 'aed51c68-fbb2-41ac-9b73-0fb86c516576');
INSERT INTO `craft_fieldlayouts` (`id`, `type`, `dateCreated`, `dateUpdated`, `uid`) VALUES ('17', 'Entry', '2015-01-12 22:20:19', '2015-01-12 22:20:19', '98d68c1a-8feb-4014-89b4-93f683b91027');
INSERT INTO `craft_fieldlayouts` (`id`, `type`, `dateCreated`, `dateUpdated`, `uid`) VALUES ('18', 'MatrixBlock', '2015-01-12 22:56:19', '2015-01-12 22:56:19', '394d8260-0a76-48d8-b3a6-f2a41b967f29');



DROP TABLE IF EXISTS `craft_fieldlayouttabs`;


--
-- Schema for table `craft_fieldlayouttabs`
--
CREATE TABLE `craft_fieldlayouttabs` (
  `id` int(11) NOT NULL AUTO_INCREMENT,
  `layoutId` int(11) NOT NULL,
  `name` varchar(255) COLLATE utf8_unicode_ci NOT NULL,
  `sortOrder` tinyint(4) DEFAULT NULL,
  `dateCreated` datetime NOT NULL,
  `dateUpdated` datetime NOT NULL,
  `uid` char(36) COLLATE utf8_unicode_ci NOT NULL DEFAULT '0',
  PRIMARY KEY (`id`),
  KEY `craft_fieldlayouttabs_sortOrder_idx` (`sortOrder`),
  KEY `craft_fieldlayouttabs_layoutId_fk` (`layoutId`)
) ENGINE=InnoDB AUTO_INCREMENT=10 DEFAULT CHARSET=utf8 COLLATE=utf8_unicode_ci;

--
-- Data for table `craft_fieldlayouttabs`
--

INSERT INTO `craft_fieldlayouttabs` (`id`, `layoutId`, `name`, `sortOrder`, `dateCreated`, `dateUpdated`, `uid`) VALUES ('1', '3', 'Content', '1', '2015-01-09 19:54:28', '2015-01-09 19:54:28', '90ed7755-cee4-4256-a840-09752632d34d');
INSERT INTO `craft_fieldlayouttabs` (`id`, `layoutId`, `name`, `sortOrder`, `dateCreated`, `dateUpdated`, `uid`) VALUES ('2', '5', 'Content', '1', '2015-01-09 19:54:29', '2015-01-09 19:54:29', 'ca19c749-dfd6-40df-97ad-c2b68de06b57');
INSERT INTO `craft_fieldlayouttabs` (`id`, `layoutId`, `name`, `sortOrder`, `dateCreated`, `dateUpdated`, `uid`) VALUES ('3', '7', 'Content', '1', '2015-01-09 22:23:45', '2015-01-09 22:23:45', '7c8aa498-12f5-43f7-b075-3ea2ab9c26c0');
INSERT INTO `craft_fieldlayouttabs` (`id`, `layoutId`, `name`, `sortOrder`, `dateCreated`, `dateUpdated`, `uid`) VALUES ('5', '12', 'Content', '1', '2015-01-12 18:50:20', '2015-01-12 18:50:20', '0cd30a96-09ab-4124-842b-3ac6b7969da2');
INSERT INTO `craft_fieldlayouttabs` (`id`, `layoutId`, `name`, `sortOrder`, `dateCreated`, `dateUpdated`, `uid`) VALUES ('6', '13', 'Page', '1', '2015-01-12 18:51:21', '2015-01-12 18:51:21', '8dcec006-68e0-4c1f-8300-c94eec9f0423');
INSERT INTO `craft_fieldlayouttabs` (`id`, `layoutId`, `name`, `sortOrder`, `dateCreated`, `dateUpdated`, `uid`) VALUES ('8', '17', 'Wine', '1', '2015-01-12 22:20:19', '2015-01-12 22:20:19', '52c7661f-43c6-4815-8134-875f97cc11fe');
INSERT INTO `craft_fieldlayouttabs` (`id`, `layoutId`, `name`, `sortOrder`, `dateCreated`, `dateUpdated`, `uid`) VALUES ('9', '18', 'Content', '1', '2015-01-12 22:56:19', '2015-01-12 22:56:19', '0bfcb120-57a0-4cb2-a865-72c591bf899d');



DROP TABLE IF EXISTS `craft_fields`;


--
-- Schema for table `craft_fields`
--
CREATE TABLE `craft_fields` (
  `id` int(11) NOT NULL AUTO_INCREMENT,
  `groupId` int(11) DEFAULT NULL,
  `name` varchar(255) COLLATE utf8_unicode_ci NOT NULL,
  `handle` varchar(58) COLLATE utf8_unicode_ci NOT NULL,
  `context` varchar(255) COLLATE utf8_unicode_ci NOT NULL DEFAULT 'global',
  `instructions` text COLLATE utf8_unicode_ci,
  `translatable` tinyint(1) unsigned NOT NULL DEFAULT '0',
  `type` varchar(150) COLLATE utf8_unicode_ci NOT NULL,
  `settings` text COLLATE utf8_unicode_ci,
  `dateCreated` datetime NOT NULL,
  `dateUpdated` datetime NOT NULL,
  `uid` char(36) COLLATE utf8_unicode_ci NOT NULL DEFAULT '0',
  PRIMARY KEY (`id`),
  UNIQUE KEY `craft_fields_handle_context_unq_idx` (`handle`,`context`),
  KEY `craft_fields_context_idx` (`context`),
  KEY `craft_fields_groupId_fk` (`groupId`)
) ENGINE=InnoDB AUTO_INCREMENT=25 DEFAULT CHARSET=utf8 COLLATE=utf8_unicode_ci;

--
-- Data for table `craft_fields`
--

INSERT INTO `craft_fields` (`id`, `groupId`, `name`, `handle`, `context`, `instructions`, `translatable`, `type`, `settings`, `dateCreated`, `dateUpdated`, `uid`) VALUES ('1', '1', 'Body', 'body', 'global', NULL, '1', 'RichText', '{\"configFile\":\"Standard.json\",\"columnType\":\"text\"}', '2015-01-09 19:54:28', '2015-01-09 19:54:28', '693dd68f-c700-42e3-8f4c-3748df0c93d2');
INSERT INTO `craft_fields` (`id`, `groupId`, `name`, `handle`, `context`, `instructions`, `translatable`, `type`, `settings`, `dateCreated`, `dateUpdated`, `uid`) VALUES ('2', '1', 'Tags', 'tags', 'global', NULL, '0', 'Tags', '{\"source\":\"taggroup:1\"}', '2015-01-09 19:54:28', '2015-01-09 19:54:28', 'b8e7a0fc-5c93-47d4-93af-ccc8c587a862');
INSERT INTO `craft_fields` (`id`, `groupId`, `name`, `handle`, `context`, `instructions`, `translatable`, `type`, `settings`, `dateCreated`, `dateUpdated`, `uid`) VALUES ('3', '2', 'Primary Phone', 'primaryPhone', 'global', 'Primary Phone Number', '0', 'PlainText', '{\"placeholder\":\"Primary Phone Number\",\"maxLength\":\"\",\"multiline\":\"\",\"initialRows\":\"4\"}', '2015-01-09 22:17:48', '2015-01-09 22:25:57', 'f2b95c6c-d26c-4fc9-bfab-0913d5689331');
INSERT INTO `craft_fields` (`id`, `groupId`, `name`, `handle`, `context`, `instructions`, `translatable`, `type`, `settings`, `dateCreated`, `dateUpdated`, `uid`) VALUES ('4', '2', 'Primary Email', 'primaryEmail', 'global', 'Primary Email Address', '0', 'PlainText', '{\"placeholder\":\"Primary Email Address\",\"maxLength\":\"\",\"multiline\":\"\",\"initialRows\":\"4\"}', '2015-01-09 22:18:05', '2015-01-09 22:23:22', '08cf3c15-4a05-4553-804d-69d394b95ef1');
INSERT INTO `craft_fields` (`id`, `groupId`, `name`, `handle`, `context`, `instructions`, `translatable`, `type`, `settings`, `dateCreated`, `dateUpdated`, `uid`) VALUES ('5', '2', 'Primary Address', 'primaryAddress', 'global', 'Primary Address', '0', 'PlainText', '{\"placeholder\":\"Primary Address\",\"maxLength\":\"\",\"multiline\":\"\",\"initialRows\":\"4\"}', '2015-01-09 22:18:24', '2015-01-09 22:23:15', '1681d44f-755c-4341-84e9-9010e25a81ca');
INSERT INTO `craft_fields` (`id`, `groupId`, `name`, `handle`, `context`, `instructions`, `translatable`, `type`, `settings`, `dateCreated`, `dateUpdated`, `uid`) VALUES ('6', '3', 'Page Subtitle', 'pageSubtitle', 'global', 'Main heading for a page', '1', 'PlainText', '{\"placeholder\":\"Main heading for a page\",\"maxLength\":\"\",\"multiline\":\"\",\"initialRows\":\"4\"}', '2015-01-12 18:32:03', '2015-01-12 18:32:25', 'fb48fcec-b278-44bf-95e2-d24b02c0efd5');
INSERT INTO `craft_fields` (`id`, `groupId`, `name`, `handle`, `context`, `instructions`, `translatable`, `type`, `settings`, `dateCreated`, `dateUpdated`, `uid`) VALUES ('7', '3', 'Page Body', 'pageBody', 'global', 'Main content for a page', '0', 'RichText', '{\"configFile\":\"\",\"cleanupHtml\":\"1\",\"purifyHtml\":\"\",\"columnType\":\"text\"}', '2015-01-12 18:35:11', '2015-01-12 18:35:11', '50f7185e-5dc4-4a6e-8a59-2bafa2387da8');
INSERT INTO `craft_fields` (`id`, `groupId`, `name`, `handle`, `context`, `instructions`, `translatable`, `type`, `settings`, `dateCreated`, `dateUpdated`, `uid`) VALUES ('8', '3', 'Page Banner', 'pageBanner', 'global', 'Main banner for the page', '0', 'Matrix', '{\"maxBlocks\":\"8\"}', '2015-01-12 18:42:12', '2015-01-12 18:50:20', 'ba23fb6d-0e41-482e-bdea-45e6d22859df');
INSERT INTO `craft_fields` (`id`, `groupId`, `name`, `handle`, `context`, `instructions`, `translatable`, `type`, `settings`, `dateCreated`, `dateUpdated`, `uid`) VALUES ('9', NULL, 'Banner Headline', 'bannerHeadline', 'matrixBlockType:1', 'Title for banner', '1', 'PlainText', '{\"placeholder\":\"Title for banner\",\"maxLength\":\"\",\"multiline\":\"1\",\"initialRows\":\"2\"}', '2015-01-12 18:42:12', '2015-01-12 18:50:20', '88e25a2e-0cc6-4751-94e4-eaf7cc817f03');
INSERT INTO `craft_fields` (`id`, `groupId`, `name`, `handle`, `context`, `instructions`, `translatable`, `type`, `settings`, `dateCreated`, `dateUpdated`, `uid`) VALUES ('10', NULL, 'Banner Video', 'bannerVideo', 'matrixBlockType:1', 'Youtube ID for video', '1', 'PlainText', '{\"placeholder\":\"\",\"maxLength\":\"\",\"multiline\":\"\",\"initialRows\":\"4\"}', '2015-01-12 18:42:12', '2015-01-12 18:50:20', '80fabd89-daf1-4646-a56c-c61d6aabc34e');
INSERT INTO `craft_fields` (`id`, `groupId`, `name`, `handle`, `context`, `instructions`, `translatable`, `type`, `settings`, `dateCreated`, `dateUpdated`, `uid`) VALUES ('11', NULL, 'Banner Image', 'bannerImage', 'matrixBlockType:1', 'Image for banner', '0', 'Assets', '{\"useSingleFolder\":\"\",\"sources\":[\"folder:2\"],\"defaultUploadLocationSource\":\"2\",\"defaultUploadLocationSubpath\":\"\",\"singleUploadLocationSource\":\"1\",\"singleUploadLocationSubpath\":\"\",\"restrictFiles\":\"1\",\"allowedKinds\":[\"image\"],\"targetLocale\":\"\",\"limit\":\"1\"}', '2015-01-12 18:50:20', '2015-01-12 18:50:20', '5d6b5f47-28a0-42a4-86ab-c9cd5ab64355');
INSERT INTO `craft_fields` (`id`, `groupId`, `name`, `handle`, `context`, `instructions`, `translatable`, `type`, `settings`, `dateCreated`, `dateUpdated`, `uid`) VALUES ('12', '3', 'Page Image', 'pageImage', 'global', 'Image for page', '0', 'Assets', '{\"useSingleFolder\":\"\",\"sources\":[\"folder:1\"],\"defaultUploadLocationSource\":\"1\",\"defaultUploadLocationSubpath\":\"\",\"singleUploadLocationSource\":\"1\",\"singleUploadLocationSubpath\":\"\",\"restrictFiles\":\"1\",\"allowedKinds\":[\"image\"],\"targetLocale\":\"\",\"limit\":\"1\"}', '2015-01-12 18:50:50', '2015-01-12 18:50:50', 'ffd1411e-5fb9-4a5c-b482-b69684570bd2');
INSERT INTO `craft_fields` (`id`, `groupId`, `name`, `handle`, `context`, `instructions`, `translatable`, `type`, `settings`, `dateCreated`, `dateUpdated`, `uid`) VALUES ('13', '4', 'Wine Description', 'wineDescription', 'global', 'Opening description for wine', '1', 'RichText', '{\"configFile\":\"\",\"cleanupHtml\":\"1\",\"purifyHtml\":\"\",\"columnType\":\"text\"}', '2015-01-12 22:13:47', '2015-01-12 22:14:17', '963f08d4-2d5a-444f-8f87-d3d25f0f41bf');
INSERT INTO `craft_fields` (`id`, `groupId`, `name`, `handle`, `context`, `instructions`, `translatable`, `type`, `settings`, `dateCreated`, `dateUpdated`, `uid`) VALUES ('14', '4', 'Wine Additional Details', 'wineAdditionalDetails', 'global', 'Additional details about wine', '1', 'RichText', '{\"configFile\":\"\",\"cleanupHtml\":\"1\",\"purifyHtml\":\"\",\"columnType\":\"text\"}', '2015-01-12 22:14:13', '2015-01-12 22:14:13', '810967f3-e345-4007-adac-b9d7338607c9');
INSERT INTO `craft_fields` (`id`, `groupId`, `name`, `handle`, `context`, `instructions`, `translatable`, `type`, `settings`, `dateCreated`, `dateUpdated`, `uid`) VALUES ('15', '4', 'Wine Specifications', 'wineSpecifications', 'global', 'Specifications for wine', '0', 'Matrix', '{\"maxBlocks\":\"1\"}', '2015-01-12 22:17:20', '2015-01-12 22:56:19', 'af3d768f-c52a-4d37-a418-8eaf51cd34ab');
INSERT INTO `craft_fields` (`id`, `groupId`, `name`, `handle`, `context`, `instructions`, `translatable`, `type`, `settings`, `dateCreated`, `dateUpdated`, `uid`) VALUES ('16', NULL, 'Wine Type', 'wineType', 'matrixBlockType:2', 'Type of wine', '1', 'PlainText', '{\"placeholder\":\"\",\"maxLength\":\"\",\"multiline\":\"\",\"initialRows\":\"4\"}', '2015-01-12 22:17:20', '2015-01-12 22:56:19', '0dfab56c-6ed2-4b53-93c5-fa3b1e7bfaa2');
INSERT INTO `craft_fields` (`id`, `groupId`, `name`, `handle`, `context`, `instructions`, `translatable`, `type`, `settings`, `dateCreated`, `dateUpdated`, `uid`) VALUES ('17', NULL, 'Vineyard Location', 'vineyardLocation', 'matrixBlockType:2', 'Location of vineyard', '0', 'PlainText', '{\"placeholder\":\"\",\"maxLength\":\"\",\"multiline\":\"\",\"initialRows\":\"4\"}', '2015-01-12 22:17:20', '2015-01-12 22:56:19', '352e983b-379a-4034-9eb6-f48b450b43ae');
INSERT INTO `craft_fields` (`id`, `groupId`, `name`, `handle`, `context`, `instructions`, `translatable`, `type`, `settings`, `dateCreated`, `dateUpdated`, `uid`) VALUES ('18', NULL, 'Grapes', 'grapes', 'matrixBlockType:2', 'Type of grape', '1', 'PlainText', '{\"placeholder\":\"\",\"maxLength\":\"\",\"multiline\":\"\",\"initialRows\":\"4\"}', '2015-01-12 22:17:20', '2015-01-12 22:56:19', '18bfa37b-5f6b-4f7d-9294-049e9c8a4cb4');
INSERT INTO `craft_fields` (`id`, `groupId`, `name`, `handle`, `context`, `instructions`, `translatable`, `type`, `settings`, `dateCreated`, `dateUpdated`, `uid`) VALUES ('19', NULL, 'Exposition', 'exposition', 'matrixBlockType:2', 'Type of exposition', '1', 'PlainText', '{\"placeholder\":\"\",\"maxLength\":\"\",\"multiline\":\"\",\"initialRows\":\"4\"}', '2015-01-12 22:17:20', '2015-01-12 22:56:19', '7f749800-a31f-4f44-9636-8d987cc66796');
INSERT INTO `craft_fields` (`id`, `groupId`, `name`, `handle`, `context`, `instructions`, `translatable`, `type`, `settings`, `dateCreated`, `dateUpdated`, `uid`) VALUES ('20', NULL, 'Soil', 'soil', 'matrixBlockType:2', 'Type of soil', '1', 'PlainText', '{\"placeholder\":\"\",\"maxLength\":\"\",\"multiline\":\"\",\"initialRows\":\"4\"}', '2015-01-12 22:17:20', '2015-01-12 22:56:19', '27422811-6dd1-4838-8a36-de6838968c46');
INSERT INTO `craft_fields` (`id`, `groupId`, `name`, `handle`, `context`, `instructions`, `translatable`, `type`, `settings`, `dateCreated`, `dateUpdated`, `uid`) VALUES ('21', NULL, 'Vinification and Maturation', 'vinificationAndMaturation', 'matrixBlockType:2', 'Vinification and Maturation', '0', 'PlainText', '{\"placeholder\":\"\",\"maxLength\":\"\",\"multiline\":\"\",\"initialRows\":\"4\"}', '2015-01-12 22:17:20', '2015-01-12 22:56:19', '1b360040-d8d0-4383-a996-2758782baa52');
INSERT INTO `craft_fields` (`id`, `groupId`, `name`, `handle`, `context`, `instructions`, `translatable`, `type`, `settings`, `dateCreated`, `dateUpdated`, `uid`) VALUES ('22', '4', 'Bottle Image', 'bottleImage', 'global', 'Image of bottle', '0', 'Assets', '{\"useSingleFolder\":\"\",\"sources\":[\"folder:3\"],\"defaultUploadLocationSource\":\"3\",\"defaultUploadLocationSubpath\":\"bottles\",\"singleUploadLocationSource\":\"1\",\"singleUploadLocationSubpath\":\"\",\"restrictFiles\":\"\",\"targetLocale\":\"\",\"limit\":\"1\"}', '2015-01-12 22:17:58', '2015-01-12 22:17:58', 'c2071ef5-4aa9-40ae-ba72-1a13900e6ecd');
INSERT INTO `craft_fields` (`id`, `groupId`, `name`, `handle`, `context`, `instructions`, `translatable`, `type`, `settings`, `dateCreated`, `dateUpdated`, `uid`) VALUES ('23', '4', 'Bottle Label Image', 'bottleLabelImage', 'global', 'Image for wine label only', '0', 'Assets', '{\"useSingleFolder\":\"\",\"sources\":[\"folder:3\"],\"defaultUploadLocationSource\":\"3\",\"defaultUploadLocationSubpath\":\"labels\",\"singleUploadLocationSource\":\"1\",\"singleUploadLocationSubpath\":\"\",\"restrictFiles\":\"1\",\"allowedKinds\":[\"image\"],\"targetLocale\":\"\",\"limit\":\"1\"}', '2015-01-12 22:18:48', '2015-01-12 22:18:48', 'c2cb592c-e7ad-45d4-8faf-719938f38827');
INSERT INTO `craft_fields` (`id`, `groupId`, `name`, `handle`, `context`, `instructions`, `translatable`, `type`, `settings`, `dateCreated`, `dateUpdated`, `uid`) VALUES ('24', '4', 'Bottle Title Image', 'bottleTitleImage', 'global', 'Image for bottle title', '0', 'Assets', '{\"useSingleFolder\":\"\",\"sources\":[\"folder:3\"],\"defaultUploadLocationSource\":\"1\",\"defaultUploadLocationSubpath\":\"title\",\"singleUploadLocationSource\":\"1\",\"singleUploadLocationSubpath\":\"\",\"restrictFiles\":\"1\",\"allowedKinds\":[\"image\"],\"targetLocale\":\"\",\"limit\":\"1\"}', '2015-01-12 22:19:28', '2015-01-12 22:19:28', '1bbdc48b-424a-44ad-b0dc-7024838db20b');



DROP TABLE IF EXISTS `craft_globalsets`;


--
-- Schema for table `craft_globalsets`
--
CREATE TABLE `craft_globalsets` (
  `id` int(11) NOT NULL,
  `name` varchar(255) COLLATE utf8_unicode_ci NOT NULL,
  `handle` varchar(255) COLLATE utf8_unicode_ci NOT NULL,
  `fieldLayoutId` int(10) DEFAULT NULL,
  `dateCreated` datetime NOT NULL,
  `dateUpdated` datetime NOT NULL,
  `uid` char(36) COLLATE utf8_unicode_ci NOT NULL DEFAULT '0',
  PRIMARY KEY (`id`),
  UNIQUE KEY `craft_globalsets_name_unq_idx` (`name`),
  UNIQUE KEY `craft_globalsets_handle_unq_idx` (`handle`),
  KEY `craft_globalsets_fieldLayoutId_fk` (`fieldLayoutId`)
) ENGINE=InnoDB DEFAULT CHARSET=utf8 COLLATE=utf8_unicode_ci;

--
-- Data for table `craft_globalsets`
--

INSERT INTO `craft_globalsets` (`id`, `name`, `handle`, `fieldLayoutId`, `dateCreated`, `dateUpdated`, `uid`) VALUES ('4', 'Contact Information', 'contactinformation', '7', '2015-01-09 21:30:34', '2015-01-09 22:23:45', '46c1fa60-6416-4e37-b5ba-3acbefe798a1');



DROP TABLE IF EXISTS `craft_info`;


--
-- Schema for table `craft_info`
--
CREATE TABLE `craft_info` (
  `id` int(11) NOT NULL AUTO_INCREMENT,
  `version` varchar(15) COLLATE utf8_unicode_ci NOT NULL,
  `build` int(11) unsigned NOT NULL,
  `schemaVersion` varchar(15) COLLATE utf8_unicode_ci NOT NULL,
  `releaseDate` datetime NOT NULL,
  `edition` tinyint(1) unsigned NOT NULL DEFAULT '0',
  `siteName` varchar(100) COLLATE utf8_unicode_ci NOT NULL,
  `siteUrl` varchar(255) COLLATE utf8_unicode_ci NOT NULL,
  `timezone` varchar(30) COLLATE utf8_unicode_ci DEFAULT NULL,
  `on` tinyint(1) unsigned NOT NULL DEFAULT '0',
  `maintenance` tinyint(1) unsigned NOT NULL DEFAULT '0',
  `track` varchar(40) COLLATE utf8_unicode_ci NOT NULL,
  `dateCreated` datetime NOT NULL,
  `dateUpdated` datetime NOT NULL,
  `uid` char(36) COLLATE utf8_unicode_ci NOT NULL DEFAULT '0',
  PRIMARY KEY (`id`)
) ENGINE=InnoDB AUTO_INCREMENT=2 DEFAULT CHARSET=utf8 COLLATE=utf8_unicode_ci;

--
-- Data for table `craft_info`
--

INSERT INTO `craft_info` (`id`, `version`, `build`, `schemaVersion`, `releaseDate`, `edition`, `siteName`, `siteUrl`, `timezone`, `on`, `maintenance`, `track`, `dateCreated`, `dateUpdated`, `uid`) VALUES ('1', '2.3', '2625', '2.3.1', '2015-01-06 22:37:09', '2', 'Poggio La Noce', 'http://craft.dev', 'UTC', '1', '0', 'stable', '2015-01-09 19:54:26', '2015-01-09 21:40:22', 'e10de232-2b0d-4821-aa94-69e05258ff25');



DROP TABLE IF EXISTS `craft_locales`;


--
-- Schema for table `craft_locales`
--
CREATE TABLE `craft_locales` (
  `locale` char(12) COLLATE utf8_unicode_ci NOT NULL,
  `sortOrder` tinyint(4) DEFAULT NULL,
  `dateCreated` datetime NOT NULL,
  `dateUpdated` datetime NOT NULL,
  `uid` char(36) COLLATE utf8_unicode_ci NOT NULL DEFAULT '0',
  PRIMARY KEY (`locale`),
  KEY `craft_locales_sortOrder_idx` (`sortOrder`)
) ENGINE=InnoDB DEFAULT CHARSET=utf8 COLLATE=utf8_unicode_ci;

--
-- Data for table `craft_locales`
--

INSERT INTO `craft_locales` (`locale`, `sortOrder`, `dateCreated`, `dateUpdated`, `uid`) VALUES ('en_us', '1', '2015-01-09 19:54:26', '2015-01-09 19:54:26', 'b5c7a92a-4d6d-4269-9123-ac1d70becc69');
INSERT INTO `craft_locales` (`locale`, `sortOrder`, `dateCreated`, `dateUpdated`, `uid`) VALUES ('it', '2', '2015-01-09 21:40:33', '2015-01-09 21:40:33', '81fbf83e-4615-497c-8b16-e4a665ac69aa');



DROP TABLE IF EXISTS `craft_matrixblocks`;


--
-- Schema for table `craft_matrixblocks`
--
CREATE TABLE `craft_matrixblocks` (
  `id` int(11) NOT NULL,
  `ownerId` int(11) NOT NULL,
  `fieldId` int(11) NOT NULL,
  `typeId` int(11) DEFAULT NULL,
  `sortOrder` tinyint(4) DEFAULT NULL,
  `ownerLocale` char(12) COLLATE utf8_unicode_ci DEFAULT NULL,
  `dateCreated` datetime NOT NULL,
  `dateUpdated` datetime NOT NULL,
  `uid` char(36) COLLATE utf8_unicode_ci NOT NULL DEFAULT '0',
  PRIMARY KEY (`id`),
  KEY `craft_matrixblocks_ownerId_idx` (`ownerId`),
  KEY `craft_matrixblocks_fieldId_idx` (`fieldId`),
  KEY `craft_matrixblocks_typeId_idx` (`typeId`),
  KEY `craft_matrixblocks_sortOrder_idx` (`sortOrder`),
  KEY `craft_matrixblocks_ownerLocale_fk` (`ownerLocale`)
) ENGINE=InnoDB DEFAULT CHARSET=utf8 COLLATE=utf8_unicode_ci;

--
-- Data for table `craft_matrixblocks`
--

INSERT INTO `craft_matrixblocks` (`id`, `ownerId`, `fieldId`, `typeId`, `sortOrder`, `ownerLocale`, `dateCreated`, `dateUpdated`, `uid`) VALUES ('8', '6', '8', '1', '1', NULL, '2015-01-12 19:02:11', '2015-01-13 03:12:30', '233f8a21-27d2-4aac-b8b8-e3ef598d2a7c');
INSERT INTO `craft_matrixblocks` (`id`, `ownerId`, `fieldId`, `typeId`, `sortOrder`, `ownerLocale`, `dateCreated`, `dateUpdated`, `uid`) VALUES ('10', '9', '15', '2', '1', NULL, '2015-01-12 22:24:03', '2015-01-14 00:02:38', '66f59a2e-c1ca-4186-b2ef-56442e485415');
INSERT INTO `craft_matrixblocks` (`id`, `ownerId`, `fieldId`, `typeId`, `sortOrder`, `ownerLocale`, `dateCreated`, `dateUpdated`, `uid`) VALUES ('14', '13', '15', '2', '1', NULL, '2015-01-12 23:28:52', '2015-01-12 23:38:43', 'd172a16e-9767-40d5-9b2f-d657292a271d');
INSERT INTO `craft_matrixblocks` (`id`, `ownerId`, `fieldId`, `typeId`, `sortOrder`, `ownerLocale`, `dateCreated`, `dateUpdated`, `uid`) VALUES ('17', '16', '15', '2', '1', NULL, '2015-01-12 23:36:06', '2015-01-12 23:38:35', '5f9fbe40-d196-4966-9dbb-c909bc7748bd');
INSERT INTO `craft_matrixblocks` (`id`, `ownerId`, `fieldId`, `typeId`, `sortOrder`, `ownerLocale`, `dateCreated`, `dateUpdated`, `uid`) VALUES ('20', '19', '15', '2', '1', NULL, '2015-01-12 23:36:56', '2015-01-12 23:38:20', '16eefe84-723a-4f54-b31b-509f6ed76fc5');
INSERT INTO `craft_matrixblocks` (`id`, `ownerId`, `fieldId`, `typeId`, `sortOrder`, `ownerLocale`, `dateCreated`, `dateUpdated`, `uid`) VALUES ('23', '22', '15', '2', '1', NULL, '2015-01-12 23:37:53', '2015-01-13 00:33:22', 'cffcfd00-7569-4e1c-9918-e3ac2314da24');
INSERT INTO `craft_matrixblocks` (`id`, `ownerId`, `fieldId`, `typeId`, `sortOrder`, `ownerLocale`, `dateCreated`, `dateUpdated`, `uid`) VALUES ('30', '29', '8', '1', '1', NULL, '2015-01-13 03:12:19', '2015-01-14 22:39:51', '6ef98596-c480-4c46-bf7b-70e9c648f823');
INSERT INTO `craft_matrixblocks` (`id`, `ownerId`, `fieldId`, `typeId`, `sortOrder`, `ownerLocale`, `dateCreated`, `dateUpdated`, `uid`) VALUES ('31', '29', '8', '1', '2', NULL, '2015-01-13 03:12:19', '2015-01-14 22:39:51', 'd8f866aa-2949-4f83-a34e-51820afc70bc');
INSERT INTO `craft_matrixblocks` (`id`, `ownerId`, `fieldId`, `typeId`, `sortOrder`, `ownerLocale`, `dateCreated`, `dateUpdated`, `uid`) VALUES ('32', '29', '8', '1', '3', NULL, '2015-01-13 03:12:19', '2015-01-14 22:39:51', '1218eb69-06f9-436f-9ae9-0694475368b4');
INSERT INTO `craft_matrixblocks` (`id`, `ownerId`, `fieldId`, `typeId`, `sortOrder`, `ownerLocale`, `dateCreated`, `dateUpdated`, `uid`) VALUES ('43', '42', '8', '1', '1', NULL, '2015-01-14 17:42:46', '2015-01-14 17:42:46', 'b87422f3-8d70-46a4-9852-12516525a0a2');
INSERT INTO `craft_matrixblocks` (`id`, `ownerId`, `fieldId`, `typeId`, `sortOrder`, `ownerLocale`, `dateCreated`, `dateUpdated`, `uid`) VALUES ('45', '44', '8', '1', '1', NULL, '2015-01-14 17:43:38', '2015-01-14 17:43:38', '5ac76f1c-f963-40b7-9e50-7903268902ab');
INSERT INTO `craft_matrixblocks` (`id`, `ownerId`, `fieldId`, `typeId`, `sortOrder`, `ownerLocale`, `dateCreated`, `dateUpdated`, `uid`) VALUES ('47', '46', '8', '1', '1', NULL, '2015-01-14 17:44:34', '2015-01-14 17:44:34', 'cbc1d417-9a27-4c4f-9f65-eeb530afe781');
INSERT INTO `craft_matrixblocks` (`id`, `ownerId`, `fieldId`, `typeId`, `sortOrder`, `ownerLocale`, `dateCreated`, `dateUpdated`, `uid`) VALUES ('49', '48', '8', '1', '1', NULL, '2015-01-14 17:46:00', '2015-01-14 17:51:00', '6a7a8e6d-762b-4368-af04-a3ef52ec4079');



DROP TABLE IF EXISTS `craft_matrixblocktypes`;


--
-- Schema for table `craft_matrixblocktypes`
--
CREATE TABLE `craft_matrixblocktypes` (
  `id` int(11) NOT NULL AUTO_INCREMENT,
  `fieldId` int(11) NOT NULL,
  `fieldLayoutId` int(11) DEFAULT NULL,
  `name` varchar(255) COLLATE utf8_unicode_ci NOT NULL,
  `handle` varchar(255) COLLATE utf8_unicode_ci NOT NULL,
  `sortOrder` tinyint(4) DEFAULT NULL,
  `dateCreated` datetime NOT NULL,
  `dateUpdated` datetime NOT NULL,
  `uid` char(36) COLLATE utf8_unicode_ci NOT NULL DEFAULT '0',
  PRIMARY KEY (`id`),
  UNIQUE KEY `craft_matrixblocktypes_name_fieldId_unq_idx` (`name`,`fieldId`),
  UNIQUE KEY `craft_matrixblocktypes_handle_fieldId_unq_idx` (`handle`,`fieldId`),
  KEY `craft_matrixblocktypes_fieldId_fk` (`fieldId`),
  KEY `craft_matrixblocktypes_fieldLayoutId_fk` (`fieldLayoutId`)
) ENGINE=InnoDB AUTO_INCREMENT=3 DEFAULT CHARSET=utf8 COLLATE=utf8_unicode_ci;

--
-- Data for table `craft_matrixblocktypes`
--

INSERT INTO `craft_matrixblocktypes` (`id`, `fieldId`, `fieldLayoutId`, `name`, `handle`, `sortOrder`, `dateCreated`, `dateUpdated`, `uid`) VALUES ('1', '8', '12', 'Banner', 'banner', '1', '2015-01-12 18:42:12', '2015-01-12 18:50:20', 'd4a61790-9acf-457d-9aaa-86029b03444f');
INSERT INTO `craft_matrixblocktypes` (`id`, `fieldId`, `fieldLayoutId`, `name`, `handle`, `sortOrder`, `dateCreated`, `dateUpdated`, `uid`) VALUES ('2', '15', '18', 'Specifications', 'specifications', '1', '2015-01-12 22:17:20', '2015-01-12 22:56:19', 'b272b756-582c-4a5d-aba4-c55b944bc1b4');



DROP TABLE IF EXISTS `craft_matrixcontent_pagebanner`;


--
-- Schema for table `craft_matrixcontent_pagebanner`
--
CREATE TABLE `craft_matrixcontent_pagebanner` (
  `id` int(11) NOT NULL AUTO_INCREMENT,
  `elementId` int(11) NOT NULL,
  `locale` char(12) COLLATE utf8_unicode_ci NOT NULL,
  `field_banner_bannerHeadline` text COLLATE utf8_unicode_ci,
  `field_banner_bannerVideo` text COLLATE utf8_unicode_ci,
  `dateCreated` datetime NOT NULL,
  `dateUpdated` datetime NOT NULL,
  `uid` char(36) COLLATE utf8_unicode_ci NOT NULL DEFAULT '0',
  PRIMARY KEY (`id`),
  UNIQUE KEY `craft_matrixcontent_pagebanner_elementId_locale_unq_idx` (`elementId`,`locale`),
  KEY `craft_matrixcontent_pagebanner_locale_fk` (`locale`)
) ENGINE=InnoDB AUTO_INCREMENT=17 DEFAULT CHARSET=utf8 COLLATE=utf8_unicode_ci;

--
-- Data for table `craft_matrixcontent_pagebanner`
--

INSERT INTO `craft_matrixcontent_pagebanner` (`id`, `elementId`, `locale`, `field_banner_bannerHeadline`, `field_banner_bannerVideo`, `dateCreated`, `dateUpdated`, `uid`) VALUES ('1', '8', 'en_us', 'Driven by our love for great wine, we strive to produce the best possible wine for this Terroir.', 'veUluy0zAzU', '2015-01-12 19:02:11', '2015-01-13 03:12:30', '1ea9c3f7-30b2-4ef0-8f9b-7d1b678a4927');
INSERT INTO `craft_matrixcontent_pagebanner` (`id`, `elementId`, `locale`, `field_banner_bannerHeadline`, `field_banner_bannerVideo`, `dateCreated`, `dateUpdated`, `uid`) VALUES ('2', '8', 'it', 'Forget about it.', 'veUluy0zAzU', '2015-01-12 19:02:11', '2015-01-12 20:07:40', '48d455f5-8ab2-4978-8efa-3b3061f8b332');
INSERT INTO `craft_matrixcontent_pagebanner` (`id`, `elementId`, `locale`, `field_banner_bannerHeadline`, `field_banner_bannerVideo`, `dateCreated`, `dateUpdated`, `uid`) VALUES ('3', '30', 'en_us', 'Lorem ipsum dolor sit amet, consectetur adipisicing elit, sed do eiusmod, isicing elit, sed isicing elit, sed ', 'oF7cvWnIHPc', '2015-01-13 03:12:19', '2015-01-14 22:39:51', '026fa915-da60-4cf6-9dcd-1138b4b42f09');
INSERT INTO `craft_matrixcontent_pagebanner` (`id`, `elementId`, `locale`, `field_banner_bannerHeadline`, `field_banner_bannerVideo`, `dateCreated`, `dateUpdated`, `uid`) VALUES ('4', '30', 'it', 'Slide 1 Text', '', '2015-01-13 03:12:19', '2015-01-13 03:12:19', '53d771a3-9c7e-49a7-be2f-890e7966a4a7');
INSERT INTO `craft_matrixcontent_pagebanner` (`id`, `elementId`, `locale`, `field_banner_bannerHeadline`, `field_banner_bannerVideo`, `dateCreated`, `dateUpdated`, `uid`) VALUES ('5', '31', 'en_us', 'Slide 2 Text', '', '2015-01-13 03:12:19', '2015-01-14 22:39:51', 'a1c16b78-6077-4cf2-a9b8-bd44077e4331');
INSERT INTO `craft_matrixcontent_pagebanner` (`id`, `elementId`, `locale`, `field_banner_bannerHeadline`, `field_banner_bannerVideo`, `dateCreated`, `dateUpdated`, `uid`) VALUES ('6', '31', 'it', 'Slide 2 Text', '', '2015-01-13 03:12:19', '2015-01-13 03:12:19', '860320af-1ef4-41cb-975d-493f0f3e5381');
INSERT INTO `craft_matrixcontent_pagebanner` (`id`, `elementId`, `locale`, `field_banner_bannerHeadline`, `field_banner_bannerVideo`, `dateCreated`, `dateUpdated`, `uid`) VALUES ('7', '32', 'en_us', 'Slide 3 Text', '', '2015-01-13 03:12:19', '2015-01-14 22:39:51', '374ab29f-3f5b-4d44-933a-2869fed972ad');
INSERT INTO `craft_matrixcontent_pagebanner` (`id`, `elementId`, `locale`, `field_banner_bannerHeadline`, `field_banner_bannerVideo`, `dateCreated`, `dateUpdated`, `uid`) VALUES ('8', '32', 'it', 'Slide 3 Text', '', '2015-01-13 03:12:19', '2015-01-13 03:12:19', 'e3ac4d4a-3aea-4059-af61-0ffb032c5daf');
INSERT INTO `craft_matrixcontent_pagebanner` (`id`, `elementId`, `locale`, `field_banner_bannerHeadline`, `field_banner_bannerVideo`, `dateCreated`, `dateUpdated`, `uid`) VALUES ('9', '43', 'en_us', 'This is the about page', '', '2015-01-14 17:42:46', '2015-01-14 17:42:46', '9bfbc7a3-996e-4737-aa9b-cdc0b4206fca');
INSERT INTO `craft_matrixcontent_pagebanner` (`id`, `elementId`, `locale`, `field_banner_bannerHeadline`, `field_banner_bannerVideo`, `dateCreated`, `dateUpdated`, `uid`) VALUES ('10', '43', 'it', 'This is the about page', '', '2015-01-14 17:42:46', '2015-01-14 17:42:46', '7607f01d-8314-4719-9956-1cac23cf7f2d');
INSERT INTO `craft_matrixcontent_pagebanner` (`id`, `elementId`, `locale`, `field_banner_bannerHeadline`, `field_banner_bannerVideo`, `dateCreated`, `dateUpdated`, `uid`) VALUES ('11', '45', 'en_us', 'Vines everywhere', '', '2015-01-14 17:43:38', '2015-01-14 17:43:38', 'aabab623-6146-430f-be65-070cae814476');
INSERT INTO `craft_matrixcontent_pagebanner` (`id`, `elementId`, `locale`, `field_banner_bannerHeadline`, `field_banner_bannerVideo`, `dateCreated`, `dateUpdated`, `uid`) VALUES ('12', '45', 'it', 'Vines everywhere', '', '2015-01-14 17:43:38', '2015-01-14 17:43:38', 'c1171635-cb76-412d-a6f5-974470a10393');
INSERT INTO `craft_matrixcontent_pagebanner` (`id`, `elementId`, `locale`, `field_banner_bannerHeadline`, `field_banner_bannerVideo`, `dateCreated`, `dateUpdated`, `uid`) VALUES ('13', '47', 'en_us', 'Olive oil for everyone', '', '2015-01-14 17:44:33', '2015-01-14 17:44:33', 'c1450f84-ccfd-4ab4-96fe-3f8f50284ac8');
INSERT INTO `craft_matrixcontent_pagebanner` (`id`, `elementId`, `locale`, `field_banner_bannerHeadline`, `field_banner_bannerVideo`, `dateCreated`, `dateUpdated`, `uid`) VALUES ('14', '47', 'it', 'Olive oil for everyone', '', '2015-01-14 17:44:33', '2015-01-14 17:44:33', '49367372-0984-4566-8bbf-13e109268673');
INSERT INTO `craft_matrixcontent_pagebanner` (`id`, `elementId`, `locale`, `field_banner_bannerHeadline`, `field_banner_bannerVideo`, `dateCreated`, `dateUpdated`, `uid`) VALUES ('15', '49', 'en_us', 'Get in touch', '', '2015-01-14 17:46:00', '2015-01-14 17:51:00', '1dcf1ef2-dfe5-43c1-9822-fe720f1e436d');
INSERT INTO `craft_matrixcontent_pagebanner` (`id`, `elementId`, `locale`, `field_banner_bannerHeadline`, `field_banner_bannerVideo`, `dateCreated`, `dateUpdated`, `uid`) VALUES ('16', '49', 'it', 'Get in touch', '', '2015-01-14 17:46:00', '2015-01-14 17:46:00', '5351e3c5-91f0-4abe-8672-45b3a1630c6a');



DROP TABLE IF EXISTS `craft_matrixcontent_winespecifications`;


--
-- Schema for table `craft_matrixcontent_winespecifications`
--
CREATE TABLE `craft_matrixcontent_winespecifications` (
  `id` int(11) NOT NULL AUTO_INCREMENT,
  `elementId` int(11) NOT NULL,
  `locale` char(12) COLLATE utf8_unicode_ci NOT NULL,
  `field_specifications_wineType` text COLLATE utf8_unicode_ci,
  `field_specifications_vineyardLocation` text COLLATE utf8_unicode_ci,
  `field_specifications_grapes` text COLLATE utf8_unicode_ci,
  `field_specifications_exposition` text COLLATE utf8_unicode_ci,
  `field_specifications_soil` text COLLATE utf8_unicode_ci,
  `field_specifications_vinificationAndMaturation` text COLLATE utf8_unicode_ci,
  `dateCreated` datetime NOT NULL,
  `dateUpdated` datetime NOT NULL,
  `uid` char(36) COLLATE utf8_unicode_ci NOT NULL DEFAULT '0',
  PRIMARY KEY (`id`),
  UNIQUE KEY `craft_matrixcontent_winespecifications_elementId_locale_unq_idx` (`elementId`,`locale`),
  KEY `craft_matrixcontent_winespecifications_locale_fk` (`locale`)
) ENGINE=InnoDB AUTO_INCREMENT=11 DEFAULT CHARSET=utf8 COLLATE=utf8_unicode_ci;

--
-- Data for table `craft_matrixcontent_winespecifications`
--

INSERT INTO `craft_matrixcontent_winespecifications` (`id`, `elementId`, `locale`, `field_specifications_wineType`, `field_specifications_vineyardLocation`, `field_specifications_grapes`, `field_specifications_exposition`, `field_specifications_soil`, `field_specifications_vinificationAndMaturation`, `dateCreated`, `dateUpdated`, `uid`) VALUES ('1', '10', 'en_us', 'Gigío red wine IGT Tuscany', 'Poggio La Noce, Fiesole', 'Sangiovese and Teroldego', 'South South West', 'Mixture of albarese and galestro limestones', 'After careful cluster and berry selection vinification occurs in temperature controlled stainless steel vats with indigenous yeast. Ageing occurs in a mix of new and used French oak barriques for 12 to 18 months with further 12 months ageing in bottle.', '2015-01-12 22:24:03', '2015-01-14 00:02:38', 'cbdd5697-166f-4d08-8485-409ce3acd0e3');
INSERT INTO `craft_matrixcontent_winespecifications` (`id`, `elementId`, `locale`, `field_specifications_wineType`, `field_specifications_vineyardLocation`, `field_specifications_grapes`, `field_specifications_exposition`, `field_specifications_soil`, `field_specifications_vinificationAndMaturation`, `dateCreated`, `dateUpdated`, `uid`) VALUES ('2', '10', 'it', 'Gigío red wine IGT Tuscany', 'Poggio La Noce, Fiesole', 'Sangiovese and Teroldego', 'South South West', 'Mixture of albarese and galestro limestones', 'After careful cluster and berry selection vinification occurs in temperature controlled stainless steel vats with indigenous yeast. Ageing occurs in a mix of new and used French oak barriques for 12 to 18 months with further 12 months ageing in bottle.', '2015-01-12 22:24:03', '2015-01-14 00:02:38', '453b8cd8-8564-4c99-b3f1-cfa24b0df7c6');
INSERT INTO `craft_matrixcontent_winespecifications` (`id`, `elementId`, `locale`, `field_specifications_wineType`, `field_specifications_vineyardLocation`, `field_specifications_grapes`, `field_specifications_exposition`, `field_specifications_soil`, `field_specifications_vinificationAndMaturation`, `dateCreated`, `dateUpdated`, `uid`) VALUES ('3', '14', 'en_us', 'Gigío red wine IGT Tuscany', 'Poggio La Noce, Fiesole', 'Sangiovese and Teroldego', 'South South West', 'Mixture of albarese and galestro limestones', 'After careful cluster and berry selection vinification occurs in temperature controlled stainless steel vats with indigenous yeast. Ageing occurs in a mix of new and used French oak barriques for 12 to 18 months with further 12 months ageing in bottle.', '2015-01-12 23:28:52', '2015-01-12 23:38:43', '3b698afc-0cbf-4067-80bd-4aa0885ef206');
INSERT INTO `craft_matrixcontent_winespecifications` (`id`, `elementId`, `locale`, `field_specifications_wineType`, `field_specifications_vineyardLocation`, `field_specifications_grapes`, `field_specifications_exposition`, `field_specifications_soil`, `field_specifications_vinificationAndMaturation`, `dateCreated`, `dateUpdated`, `uid`) VALUES ('4', '14', 'it', 'Gigío red wine IGT Tuscany', 'Poggio La Noce, Fiesole', 'Sangiovese and Teroldego', 'South South West', 'Mixture of albarese and galestro limestones', 'After careful cluster and berry selection vinification occurs in temperature controlled stainless steel vats with indigenous yeast. Ageing occurs in a mix of new and used French oak barriques for 12 to 18 months with further 12 months ageing in bottle.', '2015-01-12 23:28:52', '2015-01-12 23:38:43', '91c5f12e-d78b-49e0-bc69-c62a7c1728f5');
INSERT INTO `craft_matrixcontent_winespecifications` (`id`, `elementId`, `locale`, `field_specifications_wineType`, `field_specifications_vineyardLocation`, `field_specifications_grapes`, `field_specifications_exposition`, `field_specifications_soil`, `field_specifications_vinificationAndMaturation`, `dateCreated`, `dateUpdated`, `uid`) VALUES ('5', '17', 'en_us', 'Gigío red wine IGT Tuscany', 'Poggio La Noce, Fiesole', 'Sangiovese and Teroldego', 'South South West', 'Mixture of albarese and galestro limestones', 'After careful cluster and berry selection vinification occurs in temperature controlled stainless steel vats with indigenous yeast. Ageing occurs in a mix of new and used French oak barriques for 12 to 18 months with further 12 months ageing in bottle.', '2015-01-12 23:36:06', '2015-01-12 23:38:35', '4e63bcb5-948f-4f31-9818-1be8f6a5ea0f');
INSERT INTO `craft_matrixcontent_winespecifications` (`id`, `elementId`, `locale`, `field_specifications_wineType`, `field_specifications_vineyardLocation`, `field_specifications_grapes`, `field_specifications_exposition`, `field_specifications_soil`, `field_specifications_vinificationAndMaturation`, `dateCreated`, `dateUpdated`, `uid`) VALUES ('6', '17', 'it', 'Gigío red wine IGT Tuscany', 'Poggio La Noce, Fiesole', 'Sangiovese and Teroldego', 'South South West', 'Mixture of albarese and galestro limestones', 'After careful cluster and berry selection vinification occurs in temperature controlled stainless steel vats with indigenous yeast. Ageing occurs in a mix of new and used French oak barriques for 12 to 18 months with further 12 months ageing in bottle.', '2015-01-12 23:36:06', '2015-01-12 23:38:35', '83feca55-f438-4e70-8146-7128d6f492e1');
INSERT INTO `craft_matrixcontent_winespecifications` (`id`, `elementId`, `locale`, `field_specifications_wineType`, `field_specifications_vineyardLocation`, `field_specifications_grapes`, `field_specifications_exposition`, `field_specifications_soil`, `field_specifications_vinificationAndMaturation`, `dateCreated`, `dateUpdated`, `uid`) VALUES ('7', '20', 'en_us', 'Gigío red wine IGT Tuscany', 'Poggio La Noce, Fiesole', 'Sangiovese and Teroldego', 'South South West', 'Mixture of albarese and galestro limestones', 'After careful cluster and berry selection vinification occurs in temperature controlled stainless steel vats with indigenous yeast. Ageing occurs in a mix of new and used French oak barriques for 12 to 18 months with further 12 months ageing in bottle.', '2015-01-12 23:36:56', '2015-01-12 23:38:20', 'a6993bd4-d26c-4205-80fb-a701d7276439');
INSERT INTO `craft_matrixcontent_winespecifications` (`id`, `elementId`, `locale`, `field_specifications_wineType`, `field_specifications_vineyardLocation`, `field_specifications_grapes`, `field_specifications_exposition`, `field_specifications_soil`, `field_specifications_vinificationAndMaturation`, `dateCreated`, `dateUpdated`, `uid`) VALUES ('8', '20', 'it', 'Gigío red wine IGT Tuscany', 'Poggio La Noce, Fiesole', 'Sangiovese and Teroldego', 'South South West', 'Mixture of albarese and galestro limestones', 'After careful cluster and berry selection vinification occurs in temperature controlled stainless steel vats with indigenous yeast. Ageing occurs in a mix of new and used French oak barriques for 12 to 18 months with further 12 months ageing in bottle.', '2015-01-12 23:36:56', '2015-01-12 23:38:20', '7e200953-0f93-44f4-8b29-51d0536e54ff');
INSERT INTO `craft_matrixcontent_winespecifications` (`id`, `elementId`, `locale`, `field_specifications_wineType`, `field_specifications_vineyardLocation`, `field_specifications_grapes`, `field_specifications_exposition`, `field_specifications_soil`, `field_specifications_vinificationAndMaturation`, `dateCreated`, `dateUpdated`, `uid`) VALUES ('9', '23', 'en_us', 'Gigío red wine IGT Tuscany', 'Poggio La Noce, Fiesole', 'Sangiovese and Teroldego', 'South South West', 'Mixture of albarese and galestro limestones', 'After careful cluster and berry selection vinification occurs in temperature controlled stainless steel vats with indigenous yeast. Ageing occurs in a mix of new and used French oak barriques for 12 to 18 months with further 12 months ageing in bottle.', '2015-01-12 23:37:53', '2015-01-13 00:33:22', '301dde07-2e97-4e15-bc06-412bf518141a');
INSERT INTO `craft_matrixcontent_winespecifications` (`id`, `elementId`, `locale`, `field_specifications_wineType`, `field_specifications_vineyardLocation`, `field_specifications_grapes`, `field_specifications_exposition`, `field_specifications_soil`, `field_specifications_vinificationAndMaturation`, `dateCreated`, `dateUpdated`, `uid`) VALUES ('10', '23', 'it', 'Gigío red wine IGT Tuscany', 'Poggio La Noce, Fiesole', 'Sangiovese and Teroldego', 'South South West', 'Mixture of albarese and galestro limestones', 'After careful cluster and berry selection vinification occurs in temperature controlled stainless steel vats with indigenous yeast. Ageing occurs in a mix of new and used French oak barriques for 12 to 18 months with further 12 months ageing in bottle.', '2015-01-12 23:37:53', '2015-01-13 00:33:22', 'f34fc1e1-9492-4b39-bb8b-abf53ec72a2e');



DROP TABLE IF EXISTS `craft_migrations`;


--
-- Schema for table `craft_migrations`
--
CREATE TABLE `craft_migrations` (
  `id` int(11) NOT NULL AUTO_INCREMENT,
  `pluginId` int(11) DEFAULT NULL,
  `version` varchar(255) COLLATE utf8_unicode_ci NOT NULL,
  `applyTime` datetime NOT NULL,
  `dateCreated` datetime NOT NULL,
  `dateUpdated` datetime NOT NULL,
  `uid` char(36) COLLATE utf8_unicode_ci NOT NULL DEFAULT '0',
  PRIMARY KEY (`id`),
  UNIQUE KEY `craft_migrations_version_unq_idx` (`version`),
  KEY `craft_migrations_pluginId_fk` (`pluginId`)
) ENGINE=InnoDB AUTO_INCREMENT=15 DEFAULT CHARSET=utf8 COLLATE=utf8_unicode_ci;

--
-- Data for table `craft_migrations`
--

INSERT INTO `craft_migrations` (`id`, `pluginId`, `version`, `applyTime`, `dateCreated`, `dateUpdated`, `uid`) VALUES ('1', NULL, 'm000000_000000_base', '2015-01-09 19:54:26', '2015-01-09 19:54:26', '2015-01-09 19:54:26', '1a73d04b-0c9f-4174-a259-557123d63676');
INSERT INTO `craft_migrations` (`id`, `pluginId`, `version`, `applyTime`, `dateCreated`, `dateUpdated`, `uid`) VALUES ('2', NULL, 'm140730_000001_add_filename_and_format_to_transformindex', '2015-01-09 19:54:26', '2015-01-09 19:54:26', '2015-01-09 19:54:26', 'dc5157a1-c2d5-40ae-a46f-d97abbfa258c');
INSERT INTO `craft_migrations` (`id`, `pluginId`, `version`, `applyTime`, `dateCreated`, `dateUpdated`, `uid`) VALUES ('3', NULL, 'm140815_000001_add_format_to_transforms', '2015-01-09 19:54:26', '2015-01-09 19:54:26', '2015-01-09 19:54:26', '95cc334b-9519-4687-b08d-d908e9c0c6a5');
INSERT INTO `craft_migrations` (`id`, `pluginId`, `version`, `applyTime`, `dateCreated`, `dateUpdated`, `uid`) VALUES ('4', NULL, 'm140822_000001_allow_more_than_128_items_per_field', '2015-01-09 19:54:26', '2015-01-09 19:54:26', '2015-01-09 19:54:26', '03e06bc3-248d-4581-99cf-a43a77d272dc');
INSERT INTO `craft_migrations` (`id`, `pluginId`, `version`, `applyTime`, `dateCreated`, `dateUpdated`, `uid`) VALUES ('5', NULL, 'm140829_000001_single_title_formats', '2015-01-09 19:54:26', '2015-01-09 19:54:26', '2015-01-09 19:54:26', '82fba3a5-32bb-4dc7-ba97-5d12ccda4e0a');
INSERT INTO `craft_migrations` (`id`, `pluginId`, `version`, `applyTime`, `dateCreated`, `dateUpdated`, `uid`) VALUES ('6', NULL, 'm140831_000001_extended_cache_keys', '2015-01-09 19:54:26', '2015-01-09 19:54:26', '2015-01-09 19:54:26', '65af5465-2dae-43bc-afaf-930a048228d1');
INSERT INTO `craft_migrations` (`id`, `pluginId`, `version`, `applyTime`, `dateCreated`, `dateUpdated`, `uid`) VALUES ('7', NULL, 'm140922_000001_delete_orphaned_matrix_blocks', '2015-01-09 19:54:26', '2015-01-09 19:54:26', '2015-01-09 19:54:26', 'dfc32c1b-78f7-421e-9f9f-0563262ac631');
INSERT INTO `craft_migrations` (`id`, `pluginId`, `version`, `applyTime`, `dateCreated`, `dateUpdated`, `uid`) VALUES ('8', NULL, 'm141008_000001_elements_index_tune', '2015-01-09 19:54:26', '2015-01-09 19:54:26', '2015-01-09 19:54:26', '2db76dac-0b48-4d80-88b6-62496cba33a0');
INSERT INTO `craft_migrations` (`id`, `pluginId`, `version`, `applyTime`, `dateCreated`, `dateUpdated`, `uid`) VALUES ('9', NULL, 'm141009_000001_assets_source_handle', '2015-01-09 19:54:26', '2015-01-09 19:54:26', '2015-01-09 19:54:26', '53d70b04-0a5a-4634-ad5f-29ea695f89b3');
INSERT INTO `craft_migrations` (`id`, `pluginId`, `version`, `applyTime`, `dateCreated`, `dateUpdated`, `uid`) VALUES ('10', NULL, 'm141024_000001_field_layout_tabs', '2015-01-09 19:54:26', '2015-01-09 19:54:26', '2015-01-09 19:54:26', '77b75e36-1c68-43a4-afe4-2960afb3e2a5');
INSERT INTO `craft_migrations` (`id`, `pluginId`, `version`, `applyTime`, `dateCreated`, `dateUpdated`, `uid`) VALUES ('11', NULL, 'm141030_000001_drop_structure_move_permission', '2015-01-09 19:54:26', '2015-01-09 19:54:26', '2015-01-09 19:54:26', 'e7725cc5-53cd-4503-aec6-839ac0981357');
INSERT INTO `craft_migrations` (`id`, `pluginId`, `version`, `applyTime`, `dateCreated`, `dateUpdated`, `uid`) VALUES ('12', NULL, 'm141103_000001_tag_titles', '2015-01-09 19:54:26', '2015-01-09 19:54:26', '2015-01-09 19:54:26', '0b2238b3-6abe-4273-995d-a9e82cc0d153');
INSERT INTO `craft_migrations` (`id`, `pluginId`, `version`, `applyTime`, `dateCreated`, `dateUpdated`, `uid`) VALUES ('13', NULL, 'm141109_000001_user_status_shuffle', '2015-01-09 19:54:26', '2015-01-09 19:54:26', '2015-01-09 19:54:26', '90db2128-9a04-4d91-9611-b752bd5d7ef3');
INSERT INTO `craft_migrations` (`id`, `pluginId`, `version`, `applyTime`, `dateCreated`, `dateUpdated`, `uid`) VALUES ('14', NULL, 'm141126_000001_user_week_start_day', '2015-01-09 19:54:26', '2015-01-09 19:54:26', '2015-01-09 19:54:26', 'ce7388b0-53b9-4bf8-8714-ab30893a0038');



DROP TABLE IF EXISTS `craft_plugins`;


--
-- Schema for table `craft_plugins`
--
CREATE TABLE `craft_plugins` (
  `id` int(11) NOT NULL AUTO_INCREMENT,
  `class` varchar(150) COLLATE utf8_unicode_ci NOT NULL,
  `version` char(15) COLLATE utf8_unicode_ci NOT NULL,
  `enabled` tinyint(1) unsigned NOT NULL DEFAULT '0',
  `settings` text COLLATE utf8_unicode_ci,
  `installDate` datetime NOT NULL,
  `dateCreated` datetime NOT NULL,
  `dateUpdated` datetime NOT NULL,
  `uid` char(36) COLLATE utf8_unicode_ci NOT NULL DEFAULT '0',
  PRIMARY KEY (`id`)
) ENGINE=InnoDB AUTO_INCREMENT=2 DEFAULT CHARSET=utf8 COLLATE=utf8_unicode_ci;

--
-- Data for table `craft_plugins`
--

INSERT INTO `craft_plugins` (`id`, `class`, `version`, `enabled`, `settings`, `installDate`, `dateCreated`, `dateUpdated`, `uid`) VALUES ('1', 'ContactForm', '1.4', '1', '{\"toEmail\":\"andy@bletchley.co\",\"prependSender\":\"On behalf of\",\"prependSubject\":\"New message from Poggio La Noce\",\"allowAttachments\":\"\",\"honeypotField\":\"location\"}', '2015-01-09 22:37:43', '2015-01-09 22:37:43', '2015-01-14 23:11:25', 'eb793cd5-eefe-43a2-bf8d-09ca08427e09');



DROP TABLE IF EXISTS `craft_rackspaceaccess`;


--
-- Schema for table `craft_rackspaceaccess`
--
CREATE TABLE `craft_rackspaceaccess` (
  `id` int(11) NOT NULL AUTO_INCREMENT,
  `connectionKey` varchar(255) COLLATE utf8_unicode_ci NOT NULL,
  `token` varchar(255) COLLATE utf8_unicode_ci NOT NULL,
  `storageUrl` varchar(255) COLLATE utf8_unicode_ci NOT NULL,
  `cdnUrl` varchar(255) COLLATE utf8_unicode_ci NOT NULL,
  `dateCreated` datetime NOT NULL,
  `dateUpdated` datetime NOT NULL,
  `uid` char(36) COLLATE utf8_unicode_ci NOT NULL DEFAULT '0',
  PRIMARY KEY (`id`),
  UNIQUE KEY `craft_rackspaceaccess_connectionKey_unq_idx` (`connectionKey`)
) ENGINE=InnoDB DEFAULT CHARSET=utf8 COLLATE=utf8_unicode_ci;

DROP TABLE IF EXISTS `craft_relations`;


--
-- Schema for table `craft_relations`
--
CREATE TABLE `craft_relations` (
  `id` int(11) NOT NULL AUTO_INCREMENT,
  `fieldId` int(11) NOT NULL,
  `sourceId` int(11) NOT NULL,
  `sourceLocale` char(12) COLLATE utf8_unicode_ci DEFAULT NULL,
  `targetId` int(11) NOT NULL,
  `sortOrder` smallint(6) DEFAULT NULL,
  `dateCreated` datetime NOT NULL,
  `dateUpdated` datetime NOT NULL,
  `uid` char(36) COLLATE utf8_unicode_ci NOT NULL DEFAULT '0',
  PRIMARY KEY (`id`),
  UNIQUE KEY `craft_relations_fieldId_sourceId_sourceLocale_targetId_unq_idx` (`fieldId`,`sourceId`,`sourceLocale`,`targetId`),
  KEY `craft_relations_sourceId_fk` (`sourceId`),
  KEY `craft_relations_sourceLocale_fk` (`sourceLocale`),
  KEY `craft_relations_targetId_fk` (`targetId`)
) ENGINE=InnoDB AUTO_INCREMENT=57 DEFAULT CHARSET=utf8 COLLATE=utf8_unicode_ci;

--
-- Data for table `craft_relations`
--

INSERT INTO `craft_relations` (`id`, `fieldId`, `sourceId`, `sourceLocale`, `targetId`, `sortOrder`, `dateCreated`, `dateUpdated`, `uid`) VALUES ('27', '23', '19', NULL, '21', '1', '2015-01-12 23:38:20', '2015-01-12 23:38:20', 'c2d64644-a5b6-4c54-8618-95d15889e7c8');
INSERT INTO `craft_relations` (`id`, `fieldId`, `sourceId`, `sourceLocale`, `targetId`, `sortOrder`, `dateCreated`, `dateUpdated`, `uid`) VALUES ('28', '23', '16', NULL, '18', '1', '2015-01-12 23:38:35', '2015-01-12 23:38:35', '51e8c8d6-9b26-43c9-aceb-8cb0b10bce7f');
INSERT INTO `craft_relations` (`id`, `fieldId`, `sourceId`, `sourceLocale`, `targetId`, `sortOrder`, `dateCreated`, `dateUpdated`, `uid`) VALUES ('29', '23', '13', NULL, '15', '1', '2015-01-12 23:38:43', '2015-01-12 23:38:43', '258a48bb-78a3-49de-8d90-8281363659c7');
INSERT INTO `craft_relations` (`id`, `fieldId`, `sourceId`, `sourceLocale`, `targetId`, `sortOrder`, `dateCreated`, `dateUpdated`, `uid`) VALUES ('30', '23', '22', NULL, '24', '1', '2015-01-13 00:33:22', '2015-01-13 00:33:22', '9b2d04b7-6f22-4059-901b-7846d0a7e560');
INSERT INTO `craft_relations` (`id`, `fieldId`, `sourceId`, `sourceLocale`, `targetId`, `sortOrder`, `dateCreated`, `dateUpdated`, `uid`) VALUES ('34', '11', '8', NULL, '7', '1', '2015-01-13 03:12:30', '2015-01-13 03:12:30', '39041aa8-fe79-408e-ad52-6da4ef830616');
INSERT INTO `craft_relations` (`id`, `fieldId`, `sourceId`, `sourceLocale`, `targetId`, `sortOrder`, `dateCreated`, `dateUpdated`, `uid`) VALUES ('35', '12', '6', NULL, '5', '1', '2015-01-13 03:12:30', '2015-01-13 03:12:30', 'b10fffeb-951e-4995-bc13-088554ae2ac0');
INSERT INTO `craft_relations` (`id`, `fieldId`, `sourceId`, `sourceLocale`, `targetId`, `sortOrder`, `dateCreated`, `dateUpdated`, `uid`) VALUES ('36', '23', '9', NULL, '12', '1', '2015-01-14 00:02:38', '2015-01-14 00:02:38', '5eff7c8c-30ce-4060-b79c-cd22f55072f7');
INSERT INTO `craft_relations` (`id`, `fieldId`, `sourceId`, `sourceLocale`, `targetId`, `sortOrder`, `dateCreated`, `dateUpdated`, `uid`) VALUES ('37', '22', '9', NULL, '11', '1', '2015-01-14 00:02:38', '2015-01-14 00:02:38', '9fa6cc46-51d8-4fcf-9cd7-962dc372de3b');
INSERT INTO `craft_relations` (`id`, `fieldId`, `sourceId`, `sourceLocale`, `targetId`, `sortOrder`, `dateCreated`, `dateUpdated`, `uid`) VALUES ('38', '11', '43', NULL, '33', '1', '2015-01-14 17:42:46', '2015-01-14 17:42:46', 'fe6d22dc-2807-4a29-a550-de061ecada1d');
INSERT INTO `craft_relations` (`id`, `fieldId`, `sourceId`, `sourceLocale`, `targetId`, `sortOrder`, `dateCreated`, `dateUpdated`, `uid`) VALUES ('39', '12', '42', NULL, '38', '1', '2015-01-14 17:42:46', '2015-01-14 17:42:46', '8257d72f-7a50-4db8-bf33-daf76154c475');
INSERT INTO `craft_relations` (`id`, `fieldId`, `sourceId`, `sourceLocale`, `targetId`, `sortOrder`, `dateCreated`, `dateUpdated`, `uid`) VALUES ('40', '11', '45', NULL, '37', '1', '2015-01-14 17:43:38', '2015-01-14 17:43:38', '933149bf-d283-4553-bc42-feb383c5e965');
INSERT INTO `craft_relations` (`id`, `fieldId`, `sourceId`, `sourceLocale`, `targetId`, `sortOrder`, `dateCreated`, `dateUpdated`, `uid`) VALUES ('41', '12', '44', NULL, '41', '1', '2015-01-14 17:43:38', '2015-01-14 17:43:38', '39d1a28a-faac-4d71-907c-b8eeebbb4a14');
INSERT INTO `craft_relations` (`id`, `fieldId`, `sourceId`, `sourceLocale`, `targetId`, `sortOrder`, `dateCreated`, `dateUpdated`, `uid`) VALUES ('42', '11', '47', NULL, '35', '1', '2015-01-14 17:44:34', '2015-01-14 17:44:34', '2722b463-1e20-4a17-9886-c2a4b234366d');
INSERT INTO `craft_relations` (`id`, `fieldId`, `sourceId`, `sourceLocale`, `targetId`, `sortOrder`, `dateCreated`, `dateUpdated`, `uid`) VALUES ('43', '12', '46', NULL, '40', '1', '2015-01-14 17:44:34', '2015-01-14 17:44:34', '5d5d2c5a-9524-40c3-a7ee-15cb9c3ec635');
INSERT INTO `craft_relations` (`id`, `fieldId`, `sourceId`, `sourceLocale`, `targetId`, `sortOrder`, `dateCreated`, `dateUpdated`, `uid`) VALUES ('46', '11', '49', NULL, '34', '1', '2015-01-14 17:51:00', '2015-01-14 17:51:00', '228cc07b-ea00-4f9e-bd2b-63a3cebbbf53');
INSERT INTO `craft_relations` (`id`, `fieldId`, `sourceId`, `sourceLocale`, `targetId`, `sortOrder`, `dateCreated`, `dateUpdated`, `uid`) VALUES ('47', '12', '48', NULL, '39', '1', '2015-01-14 17:51:00', '2015-01-14 17:51:00', '9e677418-1a13-46fb-9288-5127756c5cdc');
INSERT INTO `craft_relations` (`id`, `fieldId`, `sourceId`, `sourceLocale`, `targetId`, `sortOrder`, `dateCreated`, `dateUpdated`, `uid`) VALUES ('54', '11', '30', NULL, '26', '1', '2015-01-14 22:39:51', '2015-01-14 22:39:51', 'ec4fe5a0-c930-4c96-a083-7ceb7c4a85a5');
INSERT INTO `craft_relations` (`id`, `fieldId`, `sourceId`, `sourceLocale`, `targetId`, `sortOrder`, `dateCreated`, `dateUpdated`, `uid`) VALUES ('55', '11', '31', NULL, '27', '1', '2015-01-14 22:39:51', '2015-01-14 22:39:51', 'a5ade6ea-6b5f-439d-9f42-0434c9d93a01');
INSERT INTO `craft_relations` (`id`, `fieldId`, `sourceId`, `sourceLocale`, `targetId`, `sortOrder`, `dateCreated`, `dateUpdated`, `uid`) VALUES ('56', '11', '32', NULL, '28', '1', '2015-01-14 22:39:51', '2015-01-14 22:39:51', 'fb4caaaa-2f8d-4ec1-ad3b-33b232d6fbc5');



DROP TABLE IF EXISTS `craft_routes`;


--
-- Schema for table `craft_routes`
--
CREATE TABLE `craft_routes` (
  `id` int(11) NOT NULL AUTO_INCREMENT,
  `locale` char(12) COLLATE utf8_unicode_ci DEFAULT NULL,
  `urlParts` varchar(255) COLLATE utf8_unicode_ci NOT NULL,
  `urlPattern` varchar(255) COLLATE utf8_unicode_ci NOT NULL,
  `template` varchar(255) COLLATE utf8_unicode_ci NOT NULL,
  `sortOrder` tinyint(4) DEFAULT NULL,
  `dateCreated` datetime NOT NULL,
  `dateUpdated` datetime NOT NULL,
  `uid` char(36) COLLATE utf8_unicode_ci NOT NULL DEFAULT '0',
  PRIMARY KEY (`id`),
  UNIQUE KEY `craft_routes_urlPattern_unq_idx` (`urlPattern`),
  KEY `craft_routes_locale_idx` (`locale`)
) ENGINE=InnoDB AUTO_INCREMENT=5 DEFAULT CHARSET=utf8 COLLATE=utf8_unicode_ci;

--
-- Data for table `craft_routes`
--

INSERT INTO `craft_routes` (`id`, `locale`, `urlParts`, `urlPattern`, `template`, `sortOrder`, `dateCreated`, `dateUpdated`, `uid`) VALUES ('1', NULL, '[\"philosophy\"]', 'philosophy', 'standard_page', '1', '2015-01-12 19:49:47', '2015-01-12 19:49:47', '7a5fc691-891c-4c35-beba-9a93c53ef5b9');
INSERT INTO `craft_routes` (`id`, `locale`, `urlParts`, `urlPattern`, `template`, `sortOrder`, `dateCreated`, `dateUpdated`, `uid`) VALUES ('2', NULL, '[\"about\"]', 'about', 'standard_page', '2', '2015-01-12 19:51:42', '2015-01-12 19:51:42', '168bc5c1-fdde-42a7-86f1-66fbef49c2d7');
INSERT INTO `craft_routes` (`id`, `locale`, `urlParts`, `urlPattern`, `template`, `sortOrder`, `dateCreated`, `dateUpdated`, `uid`) VALUES ('3', NULL, '[\"vineyard\"]', 'vineyard', 'standard_page', '3', '2015-01-12 19:52:00', '2015-01-12 19:52:00', 'bcb07168-a046-4c34-92e8-a72531ab2184');
INSERT INTO `craft_routes` (`id`, `locale`, `urlParts`, `urlPattern`, `template`, `sortOrder`, `dateCreated`, `dateUpdated`, `uid`) VALUES ('4', NULL, '[\"olive-oil\"]', 'olive\\-oil', 'standard_page', '4', '2015-01-12 19:53:33', '2015-01-12 19:53:33', 'fc52e488-5735-4bd8-aab2-73c7f6a4c5a7');



DROP TABLE IF EXISTS `craft_searchindex`;


--
-- Schema for table `craft_searchindex`
--
CREATE TABLE `craft_searchindex` (
  `elementId` int(11) NOT NULL,
  `attribute` varchar(25) COLLATE utf8_unicode_ci NOT NULL,
  `fieldId` int(11) NOT NULL,
  `locale` char(12) COLLATE utf8_unicode_ci NOT NULL,
  `keywords` text COLLATE utf8_unicode_ci NOT NULL,
  PRIMARY KEY (`elementId`,`attribute`,`fieldId`,`locale`),
  FULLTEXT KEY `craft_searchindex_keywords_idx` (`keywords`)
) ENGINE=MyISAM DEFAULT CHARSET=utf8 COLLATE=utf8_unicode_ci;

--
-- Data for table `craft_searchindex`
--

INSERT INTO `craft_searchindex` (`elementId`, `attribute`, `fieldId`, `locale`, `keywords`) VALUES ('1', 'username', '0', 'en_us', ' poggio ');
INSERT INTO `craft_searchindex` (`elementId`, `attribute`, `fieldId`, `locale`, `keywords`) VALUES ('1', 'firstname', '0', 'en_us', '');
INSERT INTO `craft_searchindex` (`elementId`, `attribute`, `fieldId`, `locale`, `keywords`) VALUES ('1', 'lastname', '0', 'en_us', '');
INSERT INTO `craft_searchindex` (`elementId`, `attribute`, `fieldId`, `locale`, `keywords`) VALUES ('1', 'fullname', '0', 'en_us', '');
INSERT INTO `craft_searchindex` (`elementId`, `attribute`, `fieldId`, `locale`, `keywords`) VALUES ('1', 'email', '0', 'en_us', ' andy bletchley co ');
INSERT INTO `craft_searchindex` (`elementId`, `attribute`, `fieldId`, `locale`, `keywords`) VALUES ('1', 'slug', '0', 'en_us', '');
INSERT INTO `craft_searchindex` (`elementId`, `attribute`, `fieldId`, `locale`, `keywords`) VALUES ('2', 'field', '1', 'en_us', ' it s true this site doesn t have a whole lot of content yet but don t worry our web developers have just installed the cms and they re setting things up for the content editors this very moment soon poggia dev will be an oasis of fresh perspectives sharp analyses and astute opinions that will keep you coming back again and again ');
INSERT INTO `craft_searchindex` (`elementId`, `attribute`, `fieldId`, `locale`, `keywords`) VALUES ('2', 'slug', '0', 'en_us', ' homepage ');
INSERT INTO `craft_searchindex` (`elementId`, `attribute`, `fieldId`, `locale`, `keywords`) VALUES ('2', 'title', '0', 'en_us', ' welcome to poggia dev ');
INSERT INTO `craft_searchindex` (`elementId`, `attribute`, `fieldId`, `locale`, `keywords`) VALUES ('3', 'field', '1', 'en_us', ' craft is the cms that s powering poggia dev it s beautiful powerful flexible and easy to use and it s made by pixel tonic we can t wait to dive in and see what it s capable of this is even more captivating content which you couldn t see on the news index page because it was entered after a page break and the news index template only likes to show the content on the first page craft a nice alternative to word if you re making a website ');
INSERT INTO `craft_searchindex` (`elementId`, `attribute`, `fieldId`, `locale`, `keywords`) VALUES ('3', 'field', '2', 'en_us', '');
INSERT INTO `craft_searchindex` (`elementId`, `attribute`, `fieldId`, `locale`, `keywords`) VALUES ('3', 'slug', '0', 'en_us', ' we just installed craft ');
INSERT INTO `craft_searchindex` (`elementId`, `attribute`, `fieldId`, `locale`, `keywords`) VALUES ('3', 'title', '0', 'en_us', ' we just installed craft ');
INSERT INTO `craft_searchindex` (`elementId`, `attribute`, `fieldId`, `locale`, `keywords`) VALUES ('4', 'slug', '0', 'en_us', '');
INSERT INTO `craft_searchindex` (`elementId`, `attribute`, `fieldId`, `locale`, `keywords`) VALUES ('4', 'field', '3', 'en_us', ' 999 123 4567 ');
INSERT INTO `craft_searchindex` (`elementId`, `attribute`, `fieldId`, `locale`, `keywords`) VALUES ('4', 'field', '4', 'en_us', ' info poggiolanoce com ');
INSERT INTO `craft_searchindex` (`elementId`, `attribute`, `fieldId`, `locale`, `keywords`) VALUES ('4', 'field', '5', 'en_us', ' 12345 vineyard rd fiesole tuscany italy ');
INSERT INTO `craft_searchindex` (`elementId`, `attribute`, `fieldId`, `locale`, `keywords`) VALUES ('4', 'field', '3', 'it', ' 999 123 4567 ');
INSERT INTO `craft_searchindex` (`elementId`, `attribute`, `fieldId`, `locale`, `keywords`) VALUES ('4', 'field', '4', 'it', ' info poggiolanoce com ');
INSERT INTO `craft_searchindex` (`elementId`, `attribute`, `fieldId`, `locale`, `keywords`) VALUES ('4', 'field', '5', 'it', ' 12345 vineyard rd fiesole tuscany italy ');
INSERT INTO `craft_searchindex` (`elementId`, `attribute`, `fieldId`, `locale`, `keywords`) VALUES ('4', 'slug', '0', 'it', '');
INSERT INTO `craft_searchindex` (`elementId`, `attribute`, `fieldId`, `locale`, `keywords`) VALUES ('5', 'filename', '0', 'en_us', ' philosophy image jpg ');
INSERT INTO `craft_searchindex` (`elementId`, `attribute`, `fieldId`, `locale`, `keywords`) VALUES ('5', 'extension', '0', 'en_us', ' jpg ');
INSERT INTO `craft_searchindex` (`elementId`, `attribute`, `fieldId`, `locale`, `keywords`) VALUES ('5', 'kind', '0', 'en_us', ' image ');
INSERT INTO `craft_searchindex` (`elementId`, `attribute`, `fieldId`, `locale`, `keywords`) VALUES ('5', 'slug', '0', 'en_us', '');
INSERT INTO `craft_searchindex` (`elementId`, `attribute`, `fieldId`, `locale`, `keywords`) VALUES ('5', 'title', '0', 'en_us', ' philosophy image ');
INSERT INTO `craft_searchindex` (`elementId`, `attribute`, `fieldId`, `locale`, `keywords`) VALUES ('6', 'field', '6', 'en_us', ' our process ');
INSERT INTO `craft_searchindex` (`elementId`, `attribute`, `fieldId`, `locale`, `keywords`) VALUES ('6', 'field', '7', 'en_us', ' our work begins at the vineyard eh passing through the vineyard row by row several times each week weeding and hoeing pruning cutting back leaves and fruit thinning grape bunches and constantly monitoring the health of the berries our dedication carries over to the cellar mama mia lorem ipsum dolor sit amet consectetur adipisicing elit sed do eiusmod tempor incididunt ut labore et dolore magna aliqua ut enim ad minim veniam quis nostrud exercitation ullamco laboris nisi ut aliquip ex ea commodo consequat duis aute irure dolor in reprehenderit in voluptate velit esse cillum dolore eu fugiat nulla pariatur excepteur sint occaecat cupidatat non proident sunt in culpa qui officia deserunt mollit anim id est laborum ');
INSERT INTO `craft_searchindex` (`elementId`, `attribute`, `fieldId`, `locale`, `keywords`) VALUES ('6', 'field', '8', 'en_us', ' driven by our love for great wine we strive to produce the best possible wine for this terroir philosophy banner veuluy0zazu ');
INSERT INTO `craft_searchindex` (`elementId`, `attribute`, `fieldId`, `locale`, `keywords`) VALUES ('6', 'field', '12', 'en_us', ' philosophy image ');
INSERT INTO `craft_searchindex` (`elementId`, `attribute`, `fieldId`, `locale`, `keywords`) VALUES ('6', 'slug', '0', 'en_us', ' philosophy ');
INSERT INTO `craft_searchindex` (`elementId`, `attribute`, `fieldId`, `locale`, `keywords`) VALUES ('6', 'title', '0', 'en_us', ' philosophy ');
INSERT INTO `craft_searchindex` (`elementId`, `attribute`, `fieldId`, `locale`, `keywords`) VALUES ('6', 'field', '6', 'it', ' our proccezzzo ');
INSERT INTO `craft_searchindex` (`elementId`, `attribute`, `fieldId`, `locale`, `keywords`) VALUES ('6', 'field', '7', 'it', ' our work begins at the vineyard eh passing through the vineyard row by row several times each week weeding and hoeing pruning cutting back leaves and fruit thinning grape bunches and constantly monitoring the health of the berries our dedication carries over to the cellar mama mia lorem ipsum dolor sit amet consectetur adipisicing elit sed do eiusmod tempor incididunt ut labore et dolore magna aliqua ut enim ad minim veniam quis nostrud exercitation ullamco laboris nisi ut aliquip ex ea commodo consequat duis aute irure dolor in reprehenderit in voluptate velit esse cillum dolore eu fugiat nulla pariatur excepteur sint occaecat cupidatat non proident sunt in culpa qui officia deserunt mollit anim id est laborum ');
INSERT INTO `craft_searchindex` (`elementId`, `attribute`, `fieldId`, `locale`, `keywords`) VALUES ('6', 'field', '8', 'it', ' forget about it philosophy banner veuluy0zazu ');
INSERT INTO `craft_searchindex` (`elementId`, `attribute`, `fieldId`, `locale`, `keywords`) VALUES ('6', 'field', '12', 'it', ' philosophy image ');
INSERT INTO `craft_searchindex` (`elementId`, `attribute`, `fieldId`, `locale`, `keywords`) VALUES ('7', 'filename', '0', 'en_us', ' philosophy banner jpg ');
INSERT INTO `craft_searchindex` (`elementId`, `attribute`, `fieldId`, `locale`, `keywords`) VALUES ('7', 'extension', '0', 'en_us', ' jpg ');
INSERT INTO `craft_searchindex` (`elementId`, `attribute`, `fieldId`, `locale`, `keywords`) VALUES ('7', 'kind', '0', 'en_us', ' image ');
INSERT INTO `craft_searchindex` (`elementId`, `attribute`, `fieldId`, `locale`, `keywords`) VALUES ('7', 'slug', '0', 'en_us', '');
INSERT INTO `craft_searchindex` (`elementId`, `attribute`, `fieldId`, `locale`, `keywords`) VALUES ('7', 'title', '0', 'en_us', ' philosophy banner ');
INSERT INTO `craft_searchindex` (`elementId`, `attribute`, `fieldId`, `locale`, `keywords`) VALUES ('8', 'field', '9', 'en_us', ' driven by our love for great wine we strive to produce the best possible wine for this terroir ');
INSERT INTO `craft_searchindex` (`elementId`, `attribute`, `fieldId`, `locale`, `keywords`) VALUES ('8', 'field', '10', 'en_us', ' veuluy0zazu ');
INSERT INTO `craft_searchindex` (`elementId`, `attribute`, `fieldId`, `locale`, `keywords`) VALUES ('8', 'field', '11', 'en_us', ' philosophy banner ');
INSERT INTO `craft_searchindex` (`elementId`, `attribute`, `fieldId`, `locale`, `keywords`) VALUES ('8', 'slug', '0', 'en_us', '');
INSERT INTO `craft_searchindex` (`elementId`, `attribute`, `fieldId`, `locale`, `keywords`) VALUES ('8', 'field', '9', 'it', ' forget about it ');
INSERT INTO `craft_searchindex` (`elementId`, `attribute`, `fieldId`, `locale`, `keywords`) VALUES ('8', 'slug', '0', 'it', '');
INSERT INTO `craft_searchindex` (`elementId`, `attribute`, `fieldId`, `locale`, `keywords`) VALUES ('9', 'field', '13', 'en_us', ' lorem ipsum dolor sit amet consectetur adipisicing elit sed do eiusmod tempor incididunt ut labore et dolore magna aliqua ut enim ad minim veniam quis nostrud exercitation ullamco laboris nisi ut aliquip ex ea commodo consequat duis aute irure dolor in reprehenderit in voluptate velit esse cillum dolore eu fugiat nulla pariatur excepteur sint occaecat cupidatat non proident sunt in culpa qui officia deserunt mollit anim id est laborum ');
INSERT INTO `craft_searchindex` (`elementId`, `attribute`, `fieldId`, `locale`, `keywords`) VALUES ('8', 'field', '10', 'it', ' veuluy0zazu ');
INSERT INTO `craft_searchindex` (`elementId`, `attribute`, `fieldId`, `locale`, `keywords`) VALUES ('8', 'field', '11', 'it', ' philosophy banner ');
INSERT INTO `craft_searchindex` (`elementId`, `attribute`, `fieldId`, `locale`, `keywords`) VALUES ('6', 'slug', '0', 'it', ' philosophy ');
INSERT INTO `craft_searchindex` (`elementId`, `attribute`, `fieldId`, `locale`, `keywords`) VALUES ('6', 'title', '0', 'it', ' philosophy ');
INSERT INTO `craft_searchindex` (`elementId`, `attribute`, `fieldId`, `locale`, `keywords`) VALUES ('9', 'field', '15', 'en_us', ' south south west sangiovese and teroldego mixture of albarese and galestro limestones poggio la noce fiesole after careful cluster and berry selection vinification occurs in temperature controlled stainless steel vats with indigenous yeast ageing occurs in a mix of new and used french oak barriques for 12 to 18 months with further 12 months ageing in bottle gigio red wine igt tuscany ');
INSERT INTO `craft_searchindex` (`elementId`, `attribute`, `fieldId`, `locale`, `keywords`) VALUES ('9', 'field', '14', 'en_us', ' altitude 800 ft elavation 250 meters above sea levelvineyard size 5 acresyear planted partly in 2000 and partly in 2006training system spur pruned cordon for the sangiovese and guyot for the teroldegoharvest typically end of september to the first ten days of october depending on the seasons for the sangiovese the teroldego grapes tend to ripen earlier and are harvested earlier around the 20th of september the gigio sangiovese grapes benefit from the most hang time allowing for greater phenological maturity they are handpicked and brought immediately to the cellar for further selection ageing the wine will age in french oak barriques 225l each for 12 months to 18 months depending on the year our barriques come from some of the best tonneleries in france and are typically fine grain medium toast we use a mixture of new and used barriques to avoid excessive wood accent following the aging in barriques the wine is further aged in bottle for another year bottles produced 3000 bottles alcohol 13% to 14%potential cellaring 15 years ');
INSERT INTO `craft_searchindex` (`elementId`, `attribute`, `fieldId`, `locale`, `keywords`) VALUES ('9', 'field', '23', 'en_us', ' gigio art ');
INSERT INTO `craft_searchindex` (`elementId`, `attribute`, `fieldId`, `locale`, `keywords`) VALUES ('9', 'field', '24', 'en_us', '');
INSERT INTO `craft_searchindex` (`elementId`, `attribute`, `fieldId`, `locale`, `keywords`) VALUES ('9', 'field', '22', 'en_us', ' gigio bottle ');
INSERT INTO `craft_searchindex` (`elementId`, `attribute`, `fieldId`, `locale`, `keywords`) VALUES ('9', 'slug', '0', 'en_us', ' gigio ');
INSERT INTO `craft_searchindex` (`elementId`, `attribute`, `fieldId`, `locale`, `keywords`) VALUES ('9', 'title', '0', 'en_us', ' gigio ');
INSERT INTO `craft_searchindex` (`elementId`, `attribute`, `fieldId`, `locale`, `keywords`) VALUES ('9', 'field', '13', 'it', ' lorem ipsum dolor sit amet consectetur adipisicing elit sed do eiusmod tempor incididunt ut labore et dolore magna aliqua ut enim ad minim veniam quis nostrud exercitation ullamco laboris nisi ut aliquip ex ea commodo consequat duis aute irure dolor in reprehenderit in voluptate velit esse cillum dolore eu fugiat nulla pariatur excepteur sint occaecat cupidatat non proident sunt in culpa qui officia deserunt mollit anim id est laborum ');
INSERT INTO `craft_searchindex` (`elementId`, `attribute`, `fieldId`, `locale`, `keywords`) VALUES ('9', 'field', '15', 'it', ' south south west sangiovese and teroldego mixture of albarese and galestro limestones poggio la noce fiesole after careful cluster and berry selection vinification occurs in temperature controlled stainless steel vats with indigenous yeast ageing occurs in a mix of new and used french oak barriques for 12 to 18 months with further 12 months ageing in bottle gigio red wine igt tuscany ');
INSERT INTO `craft_searchindex` (`elementId`, `attribute`, `fieldId`, `locale`, `keywords`) VALUES ('9', 'field', '14', 'it', ' sed ut perspiciatis unde omnis iste natus error sit voluptatem accusantium doloremque laudantium totam rem aperiam eaque ipsa quae ab illo inventore veritatis et quasi architecto beatae vitae dicta sunt explicabo nemo enim ipsam voluptatem quia voluptas sit aspernatur aut odit aut fugit sed quia consequuntur magni dolores eos qui ratione voluptatem sequi nesciunt neque porro quisquam est qui dolorem ipsum quia dolor sit amet consectetur adipisci velit sed quia non numquam eius modi tempora incidunt ut labore et dolore magnam aliquam quaerat voluptatem ut enim ad minima veniam quis nostrum exercitationem ullam corporis suscipit laboriosam nisi ut aliquid ex ea commodi consequatur quis autem vel eum iure reprehenderit qui in ea voluptate velit esse quam nihil molestiae consequatur vel illum qui dolorem eum fugiat quo voluptas nulla pariatur ');
INSERT INTO `craft_searchindex` (`elementId`, `attribute`, `fieldId`, `locale`, `keywords`) VALUES ('9', 'field', '23', 'it', ' gigio art ');
INSERT INTO `craft_searchindex` (`elementId`, `attribute`, `fieldId`, `locale`, `keywords`) VALUES ('9', 'field', '24', 'it', '');
INSERT INTO `craft_searchindex` (`elementId`, `attribute`, `fieldId`, `locale`, `keywords`) VALUES ('9', 'field', '22', 'it', ' gigio bottle ');
INSERT INTO `craft_searchindex` (`elementId`, `attribute`, `fieldId`, `locale`, `keywords`) VALUES ('10', 'field', '16', 'en_us', ' gigio red wine igt tuscany ');
INSERT INTO `craft_searchindex` (`elementId`, `attribute`, `fieldId`, `locale`, `keywords`) VALUES ('10', 'field', '17', 'en_us', ' poggio la noce fiesole ');
INSERT INTO `craft_searchindex` (`elementId`, `attribute`, `fieldId`, `locale`, `keywords`) VALUES ('10', 'field', '18', 'en_us', ' sangiovese and teroldego ');
INSERT INTO `craft_searchindex` (`elementId`, `attribute`, `fieldId`, `locale`, `keywords`) VALUES ('10', 'field', '19', 'en_us', ' south south west ');
INSERT INTO `craft_searchindex` (`elementId`, `attribute`, `fieldId`, `locale`, `keywords`) VALUES ('10', 'field', '20', 'en_us', ' mixture of albarese and galestro limestones ');
INSERT INTO `craft_searchindex` (`elementId`, `attribute`, `fieldId`, `locale`, `keywords`) VALUES ('10', 'field', '21', 'en_us', ' after careful cluster and berry selection vinification occurs in temperature controlled stainless steel vats with indigenous yeast ageing occurs in a mix of new and used french oak barriques for 12 to 18 months with further 12 months ageing in bottle ');
INSERT INTO `craft_searchindex` (`elementId`, `attribute`, `fieldId`, `locale`, `keywords`) VALUES ('10', 'slug', '0', 'en_us', '');
INSERT INTO `craft_searchindex` (`elementId`, `attribute`, `fieldId`, `locale`, `keywords`) VALUES ('10', 'field', '16', 'it', ' gigio red wine igt tuscany ');
INSERT INTO `craft_searchindex` (`elementId`, `attribute`, `fieldId`, `locale`, `keywords`) VALUES ('10', 'field', '17', 'it', ' poggio la noce fiesole ');
INSERT INTO `craft_searchindex` (`elementId`, `attribute`, `fieldId`, `locale`, `keywords`) VALUES ('10', 'field', '18', 'it', ' sangiovese and teroldego ');
INSERT INTO `craft_searchindex` (`elementId`, `attribute`, `fieldId`, `locale`, `keywords`) VALUES ('10', 'field', '19', 'it', ' south south west ');
INSERT INTO `craft_searchindex` (`elementId`, `attribute`, `fieldId`, `locale`, `keywords`) VALUES ('10', 'field', '20', 'it', ' mixture of albarese and galestro limestones ');
INSERT INTO `craft_searchindex` (`elementId`, `attribute`, `fieldId`, `locale`, `keywords`) VALUES ('10', 'field', '21', 'it', ' after careful cluster and berry selection vinification occurs in temperature controlled stainless steel vats with indigenous yeast ageing occurs in a mix of new and used french oak barriques for 12 to 18 months with further 12 months ageing in bottle ');
INSERT INTO `craft_searchindex` (`elementId`, `attribute`, `fieldId`, `locale`, `keywords`) VALUES ('11', 'filename', '0', 'en_us', ' gigio bottle png ');
INSERT INTO `craft_searchindex` (`elementId`, `attribute`, `fieldId`, `locale`, `keywords`) VALUES ('11', 'extension', '0', 'en_us', ' png ');
INSERT INTO `craft_searchindex` (`elementId`, `attribute`, `fieldId`, `locale`, `keywords`) VALUES ('11', 'kind', '0', 'en_us', ' image ');
INSERT INTO `craft_searchindex` (`elementId`, `attribute`, `fieldId`, `locale`, `keywords`) VALUES ('11', 'slug', '0', 'en_us', '');
INSERT INTO `craft_searchindex` (`elementId`, `attribute`, `fieldId`, `locale`, `keywords`) VALUES ('11', 'title', '0', 'en_us', ' gigio bottle ');
INSERT INTO `craft_searchindex` (`elementId`, `attribute`, `fieldId`, `locale`, `keywords`) VALUES ('12', 'filename', '0', 'en_us', ' gigio art jpg ');
INSERT INTO `craft_searchindex` (`elementId`, `attribute`, `fieldId`, `locale`, `keywords`) VALUES ('12', 'extension', '0', 'en_us', ' jpg ');
INSERT INTO `craft_searchindex` (`elementId`, `attribute`, `fieldId`, `locale`, `keywords`) VALUES ('12', 'kind', '0', 'en_us', ' image ');
INSERT INTO `craft_searchindex` (`elementId`, `attribute`, `fieldId`, `locale`, `keywords`) VALUES ('12', 'slug', '0', 'en_us', '');
INSERT INTO `craft_searchindex` (`elementId`, `attribute`, `fieldId`, `locale`, `keywords`) VALUES ('12', 'title', '0', 'en_us', ' gigio art ');
INSERT INTO `craft_searchindex` (`elementId`, `attribute`, `fieldId`, `locale`, `keywords`) VALUES ('9', 'slug', '0', 'it', ' gigio ');
INSERT INTO `craft_searchindex` (`elementId`, `attribute`, `fieldId`, `locale`, `keywords`) VALUES ('9', 'title', '0', 'it', ' gigio ');
INSERT INTO `craft_searchindex` (`elementId`, `attribute`, `fieldId`, `locale`, `keywords`) VALUES ('10', 'slug', '0', 'it', '');
INSERT INTO `craft_searchindex` (`elementId`, `attribute`, `fieldId`, `locale`, `keywords`) VALUES ('13', 'field', '13', 'en_us', ' lorem ipsum dolor sit amet consectetur adipisicing elit sed do eiusmod tempor incididunt ut labore et dolore magna aliqua ut enim ad minim veniam quis nostrud exercitation ullamco laboris nisi ut aliquip ex ea commodo consequat duis aute irure dolor in reprehenderit in voluptate velit esse cillum dolore eu fugiat nulla pariatur excepteur sint occaecat cupidatat non proident sunt in culpa qui officia deserunt mollit anim id est laborum ');
INSERT INTO `craft_searchindex` (`elementId`, `attribute`, `fieldId`, `locale`, `keywords`) VALUES ('13', 'field', '15', 'en_us', ' south south west sangiovese and teroldego mixture of albarese and galestro limestones poggio la noce fiesole after careful cluster and berry selection vinification occurs in temperature controlled stainless steel vats with indigenous yeast ageing occurs in a mix of new and used french oak barriques for 12 to 18 months with further 12 months ageing in bottle gigio red wine igt tuscany ');
INSERT INTO `craft_searchindex` (`elementId`, `attribute`, `fieldId`, `locale`, `keywords`) VALUES ('13', 'field', '14', 'en_us', ' sed ut perspiciatis unde omnis iste natus error sit voluptatem accusantium doloremque laudantium totam rem aperiam eaque ipsa quae ab illo inventore veritatis et quasi architecto beatae vitae dicta sunt explicabo nemo enim ipsam voluptatem quia voluptas sit aspernatur aut odit aut fugit sed quia consequuntur magni dolores eos qui ratione voluptatem sequi nesciunt neque porro quisquam est qui dolorem ipsum quia dolor sit amet consectetur adipisci velit sed quia non numquam eius modi tempora incidunt ut labore et dolore magnam aliquam quaerat voluptatem ut enim ad minima veniam quis nostrum exercitationem ullam corporis suscipit laboriosam nisi ut aliquid ex ea commodi consequatur quis autem vel eum iure reprehenderit qui in ea voluptate velit esse quam nihil molestiae consequatur vel illum qui dolorem eum fugiat quo voluptas nulla pariatur ');
INSERT INTO `craft_searchindex` (`elementId`, `attribute`, `fieldId`, `locale`, `keywords`) VALUES ('13', 'field', '23', 'en_us', ' gigetto art ');
INSERT INTO `craft_searchindex` (`elementId`, `attribute`, `fieldId`, `locale`, `keywords`) VALUES ('13', 'field', '24', 'en_us', '');
INSERT INTO `craft_searchindex` (`elementId`, `attribute`, `fieldId`, `locale`, `keywords`) VALUES ('13', 'field', '22', 'en_us', '');
INSERT INTO `craft_searchindex` (`elementId`, `attribute`, `fieldId`, `locale`, `keywords`) VALUES ('13', 'slug', '0', 'en_us', ' gigetto ');
INSERT INTO `craft_searchindex` (`elementId`, `attribute`, `fieldId`, `locale`, `keywords`) VALUES ('13', 'title', '0', 'en_us', ' gigetto ');
INSERT INTO `craft_searchindex` (`elementId`, `attribute`, `fieldId`, `locale`, `keywords`) VALUES ('13', 'field', '13', 'it', ' lorem ipsum dolor sit amet consectetur adipisicing elit sed do eiusmod tempor incididunt ut labore et dolore magna aliqua ut enim ad minim veniam quis nostrud exercitation ullamco laboris nisi ut aliquip ex ea commodo consequat duis aute irure dolor in reprehenderit in voluptate velit esse cillum dolore eu fugiat nulla pariatur excepteur sint occaecat cupidatat non proident sunt in culpa qui officia deserunt mollit anim id est laborum ');
INSERT INTO `craft_searchindex` (`elementId`, `attribute`, `fieldId`, `locale`, `keywords`) VALUES ('13', 'field', '15', 'it', ' south south west sangiovese and teroldego mixture of albarese and galestro limestones poggio la noce fiesole after careful cluster and berry selection vinification occurs in temperature controlled stainless steel vats with indigenous yeast ageing occurs in a mix of new and used french oak barriques for 12 to 18 months with further 12 months ageing in bottle gigio red wine igt tuscany ');
INSERT INTO `craft_searchindex` (`elementId`, `attribute`, `fieldId`, `locale`, `keywords`) VALUES ('13', 'field', '14', 'it', ' sed ut perspiciatis unde omnis iste natus error sit voluptatem accusantium doloremque laudantium totam rem aperiam eaque ipsa quae ab illo inventore veritatis et quasi architecto beatae vitae dicta sunt explicabo nemo enim ipsam voluptatem quia voluptas sit aspernatur aut odit aut fugit sed quia consequuntur magni dolores eos qui ratione voluptatem sequi nesciunt neque porro quisquam est qui dolorem ipsum quia dolor sit amet consectetur adipisci velit sed quia non numquam eius modi tempora incidunt ut labore et dolore magnam aliquam quaerat voluptatem ut enim ad minima veniam quis nostrum exercitationem ullam corporis suscipit laboriosam nisi ut aliquid ex ea commodi consequatur quis autem vel eum iure reprehenderit qui in ea voluptate velit esse quam nihil molestiae consequatur vel illum qui dolorem eum fugiat quo voluptas nulla pariatur ');
INSERT INTO `craft_searchindex` (`elementId`, `attribute`, `fieldId`, `locale`, `keywords`) VALUES ('13', 'field', '23', 'it', ' gigio art ');
INSERT INTO `craft_searchindex` (`elementId`, `attribute`, `fieldId`, `locale`, `keywords`) VALUES ('13', 'field', '24', 'it', '');
INSERT INTO `craft_searchindex` (`elementId`, `attribute`, `fieldId`, `locale`, `keywords`) VALUES ('13', 'field', '22', 'it', ' gigio bottle ');
INSERT INTO `craft_searchindex` (`elementId`, `attribute`, `fieldId`, `locale`, `keywords`) VALUES ('14', 'field', '16', 'en_us', ' gigio red wine igt tuscany ');
INSERT INTO `craft_searchindex` (`elementId`, `attribute`, `fieldId`, `locale`, `keywords`) VALUES ('14', 'field', '17', 'en_us', ' poggio la noce fiesole ');
INSERT INTO `craft_searchindex` (`elementId`, `attribute`, `fieldId`, `locale`, `keywords`) VALUES ('14', 'field', '18', 'en_us', ' sangiovese and teroldego ');
INSERT INTO `craft_searchindex` (`elementId`, `attribute`, `fieldId`, `locale`, `keywords`) VALUES ('14', 'field', '19', 'en_us', ' south south west ');
INSERT INTO `craft_searchindex` (`elementId`, `attribute`, `fieldId`, `locale`, `keywords`) VALUES ('14', 'field', '20', 'en_us', ' mixture of albarese and galestro limestones ');
INSERT INTO `craft_searchindex` (`elementId`, `attribute`, `fieldId`, `locale`, `keywords`) VALUES ('14', 'field', '21', 'en_us', ' after careful cluster and berry selection vinification occurs in temperature controlled stainless steel vats with indigenous yeast ageing occurs in a mix of new and used french oak barriques for 12 to 18 months with further 12 months ageing in bottle ');
INSERT INTO `craft_searchindex` (`elementId`, `attribute`, `fieldId`, `locale`, `keywords`) VALUES ('14', 'slug', '0', 'en_us', '');
INSERT INTO `craft_searchindex` (`elementId`, `attribute`, `fieldId`, `locale`, `keywords`) VALUES ('14', 'field', '16', 'it', ' gigio red wine igt tuscany ');
INSERT INTO `craft_searchindex` (`elementId`, `attribute`, `fieldId`, `locale`, `keywords`) VALUES ('14', 'field', '17', 'it', ' poggio la noce fiesole ');
INSERT INTO `craft_searchindex` (`elementId`, `attribute`, `fieldId`, `locale`, `keywords`) VALUES ('14', 'field', '18', 'it', ' sangiovese and teroldego ');
INSERT INTO `craft_searchindex` (`elementId`, `attribute`, `fieldId`, `locale`, `keywords`) VALUES ('14', 'field', '19', 'it', ' south south west ');
INSERT INTO `craft_searchindex` (`elementId`, `attribute`, `fieldId`, `locale`, `keywords`) VALUES ('14', 'field', '20', 'it', ' mixture of albarese and galestro limestones ');
INSERT INTO `craft_searchindex` (`elementId`, `attribute`, `fieldId`, `locale`, `keywords`) VALUES ('14', 'field', '21', 'it', ' after careful cluster and berry selection vinification occurs in temperature controlled stainless steel vats with indigenous yeast ageing occurs in a mix of new and used french oak barriques for 12 to 18 months with further 12 months ageing in bottle ');
INSERT INTO `craft_searchindex` (`elementId`, `attribute`, `fieldId`, `locale`, `keywords`) VALUES ('15', 'filename', '0', 'en_us', ' gigetto art jpg ');
INSERT INTO `craft_searchindex` (`elementId`, `attribute`, `fieldId`, `locale`, `keywords`) VALUES ('15', 'extension', '0', 'en_us', ' jpg ');
INSERT INTO `craft_searchindex` (`elementId`, `attribute`, `fieldId`, `locale`, `keywords`) VALUES ('15', 'kind', '0', 'en_us', ' image ');
INSERT INTO `craft_searchindex` (`elementId`, `attribute`, `fieldId`, `locale`, `keywords`) VALUES ('15', 'slug', '0', 'en_us', '');
INSERT INTO `craft_searchindex` (`elementId`, `attribute`, `fieldId`, `locale`, `keywords`) VALUES ('15', 'title', '0', 'en_us', ' gigetto art ');
INSERT INTO `craft_searchindex` (`elementId`, `attribute`, `fieldId`, `locale`, `keywords`) VALUES ('16', 'field', '13', 'en_us', ' lorem ipsum dolor sit amet consectetur adipisicing elit sed do eiusmod tempor incididunt ut labore et dolore magna aliqua ut enim ad minim veniam quis nostrud exercitation ullamco laboris nisi ut aliquip ex ea commodo consequat duis aute irure dolor in reprehenderit in voluptate velit esse cillum dolore eu fugiat nulla pariatur excepteur sint occaecat cupidatat non proident sunt in culpa qui officia deserunt mollit anim id est laborum ');
INSERT INTO `craft_searchindex` (`elementId`, `attribute`, `fieldId`, `locale`, `keywords`) VALUES ('16', 'field', '15', 'en_us', ' south south west sangiovese and teroldego mixture of albarese and galestro limestones poggio la noce fiesole after careful cluster and berry selection vinification occurs in temperature controlled stainless steel vats with indigenous yeast ageing occurs in a mix of new and used french oak barriques for 12 to 18 months with further 12 months ageing in bottle gigio red wine igt tuscany ');
INSERT INTO `craft_searchindex` (`elementId`, `attribute`, `fieldId`, `locale`, `keywords`) VALUES ('16', 'field', '14', 'en_us', ' sed ut perspiciatis unde omnis iste natus error sit voluptatem accusantium doloremque laudantium totam rem aperiam eaque ipsa quae ab illo inventore veritatis et quasi architecto beatae vitae dicta sunt explicabo nemo enim ipsam voluptatem quia voluptas sit aspernatur aut odit aut fugit sed quia consequuntur magni dolores eos qui ratione voluptatem sequi nesciunt neque porro quisquam est qui dolorem ipsum quia dolor sit amet consectetur adipisci velit sed quia non numquam eius modi tempora incidunt ut labore et dolore magnam aliquam quaerat voluptatem ut enim ad minima veniam quis nostrum exercitationem ullam corporis suscipit laboriosam nisi ut aliquid ex ea commodi consequatur quis autem vel eum iure reprehenderit qui in ea voluptate velit esse quam nihil molestiae consequatur vel illum qui dolorem eum fugiat quo voluptas nulla pariatur ');
INSERT INTO `craft_searchindex` (`elementId`, `attribute`, `fieldId`, `locale`, `keywords`) VALUES ('16', 'field', '23', 'en_us', ' gigeno art ');
INSERT INTO `craft_searchindex` (`elementId`, `attribute`, `fieldId`, `locale`, `keywords`) VALUES ('16', 'field', '24', 'en_us', '');
INSERT INTO `craft_searchindex` (`elementId`, `attribute`, `fieldId`, `locale`, `keywords`) VALUES ('16', 'field', '22', 'en_us', '');
INSERT INTO `craft_searchindex` (`elementId`, `attribute`, `fieldId`, `locale`, `keywords`) VALUES ('16', 'slug', '0', 'en_us', ' gigino ');
INSERT INTO `craft_searchindex` (`elementId`, `attribute`, `fieldId`, `locale`, `keywords`) VALUES ('16', 'title', '0', 'en_us', ' gigino ');
INSERT INTO `craft_searchindex` (`elementId`, `attribute`, `fieldId`, `locale`, `keywords`) VALUES ('16', 'field', '13', 'it', ' lorem ipsum dolor sit amet consectetur adipisicing elit sed do eiusmod tempor incididunt ut labore et dolore magna aliqua ut enim ad minim veniam quis nostrud exercitation ullamco laboris nisi ut aliquip ex ea commodo consequat duis aute irure dolor in reprehenderit in voluptate velit esse cillum dolore eu fugiat nulla pariatur excepteur sint occaecat cupidatat non proident sunt in culpa qui officia deserunt mollit anim id est laborum ');
INSERT INTO `craft_searchindex` (`elementId`, `attribute`, `fieldId`, `locale`, `keywords`) VALUES ('16', 'field', '15', 'it', ' south south west sangiovese and teroldego mixture of albarese and galestro limestones poggio la noce fiesole after careful cluster and berry selection vinification occurs in temperature controlled stainless steel vats with indigenous yeast ageing occurs in a mix of new and used french oak barriques for 12 to 18 months with further 12 months ageing in bottle gigio red wine igt tuscany ');
INSERT INTO `craft_searchindex` (`elementId`, `attribute`, `fieldId`, `locale`, `keywords`) VALUES ('16', 'field', '14', 'it', ' sed ut perspiciatis unde omnis iste natus error sit voluptatem accusantium doloremque laudantium totam rem aperiam eaque ipsa quae ab illo inventore veritatis et quasi architecto beatae vitae dicta sunt explicabo nemo enim ipsam voluptatem quia voluptas sit aspernatur aut odit aut fugit sed quia consequuntur magni dolores eos qui ratione voluptatem sequi nesciunt neque porro quisquam est qui dolorem ipsum quia dolor sit amet consectetur adipisci velit sed quia non numquam eius modi tempora incidunt ut labore et dolore magnam aliquam quaerat voluptatem ut enim ad minima veniam quis nostrum exercitationem ullam corporis suscipit laboriosam nisi ut aliquid ex ea commodi consequatur quis autem vel eum iure reprehenderit qui in ea voluptate velit esse quam nihil molestiae consequatur vel illum qui dolorem eum fugiat quo voluptas nulla pariatur ');
INSERT INTO `craft_searchindex` (`elementId`, `attribute`, `fieldId`, `locale`, `keywords`) VALUES ('16', 'field', '23', 'it', ' gigetto art ');
INSERT INTO `craft_searchindex` (`elementId`, `attribute`, `fieldId`, `locale`, `keywords`) VALUES ('16', 'field', '24', 'it', '');
INSERT INTO `craft_searchindex` (`elementId`, `attribute`, `fieldId`, `locale`, `keywords`) VALUES ('16', 'field', '22', 'it', '');
INSERT INTO `craft_searchindex` (`elementId`, `attribute`, `fieldId`, `locale`, `keywords`) VALUES ('17', 'field', '16', 'en_us', ' gigio red wine igt tuscany ');
INSERT INTO `craft_searchindex` (`elementId`, `attribute`, `fieldId`, `locale`, `keywords`) VALUES ('17', 'field', '17', 'en_us', ' poggio la noce fiesole ');
INSERT INTO `craft_searchindex` (`elementId`, `attribute`, `fieldId`, `locale`, `keywords`) VALUES ('17', 'field', '18', 'en_us', ' sangiovese and teroldego ');
INSERT INTO `craft_searchindex` (`elementId`, `attribute`, `fieldId`, `locale`, `keywords`) VALUES ('17', 'field', '19', 'en_us', ' south south west ');
INSERT INTO `craft_searchindex` (`elementId`, `attribute`, `fieldId`, `locale`, `keywords`) VALUES ('17', 'field', '20', 'en_us', ' mixture of albarese and galestro limestones ');
INSERT INTO `craft_searchindex` (`elementId`, `attribute`, `fieldId`, `locale`, `keywords`) VALUES ('17', 'field', '21', 'en_us', ' after careful cluster and berry selection vinification occurs in temperature controlled stainless steel vats with indigenous yeast ageing occurs in a mix of new and used french oak barriques for 12 to 18 months with further 12 months ageing in bottle ');
INSERT INTO `craft_searchindex` (`elementId`, `attribute`, `fieldId`, `locale`, `keywords`) VALUES ('17', 'slug', '0', 'en_us', '');
INSERT INTO `craft_searchindex` (`elementId`, `attribute`, `fieldId`, `locale`, `keywords`) VALUES ('17', 'field', '16', 'it', ' gigio red wine igt tuscany ');
INSERT INTO `craft_searchindex` (`elementId`, `attribute`, `fieldId`, `locale`, `keywords`) VALUES ('17', 'field', '17', 'it', ' poggio la noce fiesole ');
INSERT INTO `craft_searchindex` (`elementId`, `attribute`, `fieldId`, `locale`, `keywords`) VALUES ('17', 'field', '18', 'it', ' sangiovese and teroldego ');
INSERT INTO `craft_searchindex` (`elementId`, `attribute`, `fieldId`, `locale`, `keywords`) VALUES ('17', 'field', '19', 'it', ' south south west ');
INSERT INTO `craft_searchindex` (`elementId`, `attribute`, `fieldId`, `locale`, `keywords`) VALUES ('17', 'field', '20', 'it', ' mixture of albarese and galestro limestones ');
INSERT INTO `craft_searchindex` (`elementId`, `attribute`, `fieldId`, `locale`, `keywords`) VALUES ('17', 'field', '21', 'it', ' after careful cluster and berry selection vinification occurs in temperature controlled stainless steel vats with indigenous yeast ageing occurs in a mix of new and used french oak barriques for 12 to 18 months with further 12 months ageing in bottle ');
INSERT INTO `craft_searchindex` (`elementId`, `attribute`, `fieldId`, `locale`, `keywords`) VALUES ('18', 'filename', '0', 'en_us', ' gigeno art jpg ');
INSERT INTO `craft_searchindex` (`elementId`, `attribute`, `fieldId`, `locale`, `keywords`) VALUES ('18', 'extension', '0', 'en_us', ' jpg ');
INSERT INTO `craft_searchindex` (`elementId`, `attribute`, `fieldId`, `locale`, `keywords`) VALUES ('18', 'kind', '0', 'en_us', ' image ');
INSERT INTO `craft_searchindex` (`elementId`, `attribute`, `fieldId`, `locale`, `keywords`) VALUES ('18', 'slug', '0', 'en_us', '');
INSERT INTO `craft_searchindex` (`elementId`, `attribute`, `fieldId`, `locale`, `keywords`) VALUES ('18', 'title', '0', 'en_us', ' gigeno art ');
INSERT INTO `craft_searchindex` (`elementId`, `attribute`, `fieldId`, `locale`, `keywords`) VALUES ('19', 'field', '13', 'en_us', ' lorem ipsum dolor sit amet consectetur adipisicing elit sed do eiusmod tempor incididunt ut labore et dolore magna aliqua ut enim ad minim veniam quis nostrud exercitation ullamco laboris nisi ut aliquip ex ea commodo consequat duis aute irure dolor in reprehenderit in voluptate velit esse cillum dolore eu fugiat nulla pariatur excepteur sint occaecat cupidatat non proident sunt in culpa qui officia deserunt mollit anim id est laborum ');
INSERT INTO `craft_searchindex` (`elementId`, `attribute`, `fieldId`, `locale`, `keywords`) VALUES ('19', 'field', '15', 'en_us', ' south south west sangiovese and teroldego mixture of albarese and galestro limestones poggio la noce fiesole after careful cluster and berry selection vinification occurs in temperature controlled stainless steel vats with indigenous yeast ageing occurs in a mix of new and used french oak barriques for 12 to 18 months with further 12 months ageing in bottle gigio red wine igt tuscany ');
INSERT INTO `craft_searchindex` (`elementId`, `attribute`, `fieldId`, `locale`, `keywords`) VALUES ('19', 'field', '14', 'en_us', ' sed ut perspiciatis unde omnis iste natus error sit voluptatem accusantium doloremque laudantium totam rem aperiam eaque ipsa quae ab illo inventore veritatis et quasi architecto beatae vitae dicta sunt explicabo nemo enim ipsam voluptatem quia voluptas sit aspernatur aut odit aut fugit sed quia consequuntur magni dolores eos qui ratione voluptatem sequi nesciunt neque porro quisquam est qui dolorem ipsum quia dolor sit amet consectetur adipisci velit sed quia non numquam eius modi tempora incidunt ut labore et dolore magnam aliquam quaerat voluptatem ut enim ad minima veniam quis nostrum exercitationem ullam corporis suscipit laboriosam nisi ut aliquid ex ea commodi consequatur quis autem vel eum iure reprehenderit qui in ea voluptate velit esse quam nihil molestiae consequatur vel illum qui dolorem eum fugiat quo voluptas nulla pariatur ');
INSERT INTO `craft_searchindex` (`elementId`, `attribute`, `fieldId`, `locale`, `keywords`) VALUES ('19', 'field', '23', 'en_us', ' pinko pallino art ');
INSERT INTO `craft_searchindex` (`elementId`, `attribute`, `fieldId`, `locale`, `keywords`) VALUES ('19', 'field', '24', 'en_us', '');
INSERT INTO `craft_searchindex` (`elementId`, `attribute`, `fieldId`, `locale`, `keywords`) VALUES ('19', 'field', '22', 'en_us', '');
INSERT INTO `craft_searchindex` (`elementId`, `attribute`, `fieldId`, `locale`, `keywords`) VALUES ('19', 'slug', '0', 'en_us', ' pallino ');
INSERT INTO `craft_searchindex` (`elementId`, `attribute`, `fieldId`, `locale`, `keywords`) VALUES ('19', 'title', '0', 'en_us', ' pinko pallino ');
INSERT INTO `craft_searchindex` (`elementId`, `attribute`, `fieldId`, `locale`, `keywords`) VALUES ('19', 'field', '13', 'it', ' lorem ipsum dolor sit amet consectetur adipisicing elit sed do eiusmod tempor incididunt ut labore et dolore magna aliqua ut enim ad minim veniam quis nostrud exercitation ullamco laboris nisi ut aliquip ex ea commodo consequat duis aute irure dolor in reprehenderit in voluptate velit esse cillum dolore eu fugiat nulla pariatur excepteur sint occaecat cupidatat non proident sunt in culpa qui officia deserunt mollit anim id est laborum ');
INSERT INTO `craft_searchindex` (`elementId`, `attribute`, `fieldId`, `locale`, `keywords`) VALUES ('19', 'field', '15', 'it', ' south south west sangiovese and teroldego mixture of albarese and galestro limestones poggio la noce fiesole after careful cluster and berry selection vinification occurs in temperature controlled stainless steel vats with indigenous yeast ageing occurs in a mix of new and used french oak barriques for 12 to 18 months with further 12 months ageing in bottle gigio red wine igt tuscany ');
INSERT INTO `craft_searchindex` (`elementId`, `attribute`, `fieldId`, `locale`, `keywords`) VALUES ('19', 'field', '14', 'it', ' sed ut perspiciatis unde omnis iste natus error sit voluptatem accusantium doloremque laudantium totam rem aperiam eaque ipsa quae ab illo inventore veritatis et quasi architecto beatae vitae dicta sunt explicabo nemo enim ipsam voluptatem quia voluptas sit aspernatur aut odit aut fugit sed quia consequuntur magni dolores eos qui ratione voluptatem sequi nesciunt neque porro quisquam est qui dolorem ipsum quia dolor sit amet consectetur adipisci velit sed quia non numquam eius modi tempora incidunt ut labore et dolore magnam aliquam quaerat voluptatem ut enim ad minima veniam quis nostrum exercitationem ullam corporis suscipit laboriosam nisi ut aliquid ex ea commodi consequatur quis autem vel eum iure reprehenderit qui in ea voluptate velit esse quam nihil molestiae consequatur vel illum qui dolorem eum fugiat quo voluptas nulla pariatur ');
INSERT INTO `craft_searchindex` (`elementId`, `attribute`, `fieldId`, `locale`, `keywords`) VALUES ('19', 'field', '23', 'it', ' gigeno art ');
INSERT INTO `craft_searchindex` (`elementId`, `attribute`, `fieldId`, `locale`, `keywords`) VALUES ('19', 'field', '24', 'it', '');
INSERT INTO `craft_searchindex` (`elementId`, `attribute`, `fieldId`, `locale`, `keywords`) VALUES ('19', 'field', '22', 'it', '');
INSERT INTO `craft_searchindex` (`elementId`, `attribute`, `fieldId`, `locale`, `keywords`) VALUES ('20', 'field', '16', 'en_us', ' gigio red wine igt tuscany ');
INSERT INTO `craft_searchindex` (`elementId`, `attribute`, `fieldId`, `locale`, `keywords`) VALUES ('20', 'field', '17', 'en_us', ' poggio la noce fiesole ');
INSERT INTO `craft_searchindex` (`elementId`, `attribute`, `fieldId`, `locale`, `keywords`) VALUES ('20', 'field', '18', 'en_us', ' sangiovese and teroldego ');
INSERT INTO `craft_searchindex` (`elementId`, `attribute`, `fieldId`, `locale`, `keywords`) VALUES ('20', 'field', '19', 'en_us', ' south south west ');
INSERT INTO `craft_searchindex` (`elementId`, `attribute`, `fieldId`, `locale`, `keywords`) VALUES ('20', 'field', '20', 'en_us', ' mixture of albarese and galestro limestones ');
INSERT INTO `craft_searchindex` (`elementId`, `attribute`, `fieldId`, `locale`, `keywords`) VALUES ('20', 'field', '21', 'en_us', ' after careful cluster and berry selection vinification occurs in temperature controlled stainless steel vats with indigenous yeast ageing occurs in a mix of new and used french oak barriques for 12 to 18 months with further 12 months ageing in bottle ');
INSERT INTO `craft_searchindex` (`elementId`, `attribute`, `fieldId`, `locale`, `keywords`) VALUES ('20', 'slug', '0', 'en_us', '');
INSERT INTO `craft_searchindex` (`elementId`, `attribute`, `fieldId`, `locale`, `keywords`) VALUES ('20', 'field', '16', 'it', ' gigio red wine igt tuscany ');
INSERT INTO `craft_searchindex` (`elementId`, `attribute`, `fieldId`, `locale`, `keywords`) VALUES ('20', 'field', '17', 'it', ' poggio la noce fiesole ');
INSERT INTO `craft_searchindex` (`elementId`, `attribute`, `fieldId`, `locale`, `keywords`) VALUES ('20', 'field', '18', 'it', ' sangiovese and teroldego ');
INSERT INTO `craft_searchindex` (`elementId`, `attribute`, `fieldId`, `locale`, `keywords`) VALUES ('20', 'field', '19', 'it', ' south south west ');
INSERT INTO `craft_searchindex` (`elementId`, `attribute`, `fieldId`, `locale`, `keywords`) VALUES ('20', 'field', '20', 'it', ' mixture of albarese and galestro limestones ');
INSERT INTO `craft_searchindex` (`elementId`, `attribute`, `fieldId`, `locale`, `keywords`) VALUES ('20', 'field', '21', 'it', ' after careful cluster and berry selection vinification occurs in temperature controlled stainless steel vats with indigenous yeast ageing occurs in a mix of new and used french oak barriques for 12 to 18 months with further 12 months ageing in bottle ');
INSERT INTO `craft_searchindex` (`elementId`, `attribute`, `fieldId`, `locale`, `keywords`) VALUES ('21', 'filename', '0', 'en_us', ' pinko pallino art jpg ');
INSERT INTO `craft_searchindex` (`elementId`, `attribute`, `fieldId`, `locale`, `keywords`) VALUES ('21', 'extension', '0', 'en_us', ' jpg ');
INSERT INTO `craft_searchindex` (`elementId`, `attribute`, `fieldId`, `locale`, `keywords`) VALUES ('21', 'kind', '0', 'en_us', ' image ');
INSERT INTO `craft_searchindex` (`elementId`, `attribute`, `fieldId`, `locale`, `keywords`) VALUES ('21', 'slug', '0', 'en_us', '');
INSERT INTO `craft_searchindex` (`elementId`, `attribute`, `fieldId`, `locale`, `keywords`) VALUES ('21', 'title', '0', 'en_us', ' pinko pallino art ');
INSERT INTO `craft_searchindex` (`elementId`, `attribute`, `fieldId`, `locale`, `keywords`) VALUES ('22', 'field', '13', 'en_us', ' lorem ipsum dolor sit amet consectetur adipisicing elit sed do eiusmod tempor incididunt ut labore et dolore magna aliqua ut enim ad minim veniam quis nostrud exercitation ullamco laboris nisi ut aliquip ex ea commodo consequat duis aute irure dolor in reprehenderit in voluptate velit esse cillum dolore eu fugiat nulla pariatur excepteur sint occaecat cupidatat non proident sunt in culpa qui officia deserunt mollit anim id est laborum ');
INSERT INTO `craft_searchindex` (`elementId`, `attribute`, `fieldId`, `locale`, `keywords`) VALUES ('22', 'field', '15', 'en_us', ' south south west sangiovese and teroldego mixture of albarese and galestro limestones poggio la noce fiesole after careful cluster and berry selection vinification occurs in temperature controlled stainless steel vats with indigenous yeast ageing occurs in a mix of new and used french oak barriques for 12 to 18 months with further 12 months ageing in bottle gigio red wine igt tuscany ');
INSERT INTO `craft_searchindex` (`elementId`, `attribute`, `fieldId`, `locale`, `keywords`) VALUES ('22', 'field', '14', 'en_us', ' sed ut perspiciatis unde omnis iste natus error sit voluptatem accusantium doloremque laudantium totam rem aperiam eaque ipsa quae ab illo inventore veritatis et quasi architecto beatae vitae dicta sunt explicabo nemo enim ipsam voluptatem quia voluptas sit aspernatur aut odit aut fugit sed quia consequuntur magni dolores eos qui ratione voluptatem sequi nesciunt neque porro quisquam est qui dolorem ipsum quia dolor sit amet consectetur adipisci velit sed quia non numquam eius modi tempora incidunt ut labore et dolore magnam aliquam quaerat voluptatem ut enim ad minima veniam quis nostrum exercitationem ullam corporis suscipit laboriosam nisi ut aliquid ex ea commodi consequatur quis autem vel eum iure reprehenderit qui in ea voluptate velit esse quam nihil molestiae consequatur vel illum qui dolorem eum fugiat quo voluptas nulla pariatur ');
INSERT INTO `craft_searchindex` (`elementId`, `attribute`, `fieldId`, `locale`, `keywords`) VALUES ('22', 'field', '23', 'en_us', ' paonazzo art ');
INSERT INTO `craft_searchindex` (`elementId`, `attribute`, `fieldId`, `locale`, `keywords`) VALUES ('22', 'field', '24', 'en_us', '');
INSERT INTO `craft_searchindex` (`elementId`, `attribute`, `fieldId`, `locale`, `keywords`) VALUES ('22', 'field', '22', 'en_us', '');
INSERT INTO `craft_searchindex` (`elementId`, `attribute`, `fieldId`, `locale`, `keywords`) VALUES ('22', 'slug', '0', 'en_us', ' paonazzo ');
INSERT INTO `craft_searchindex` (`elementId`, `attribute`, `fieldId`, `locale`, `keywords`) VALUES ('22', 'title', '0', 'en_us', ' paonazzo ');
INSERT INTO `craft_searchindex` (`elementId`, `attribute`, `fieldId`, `locale`, `keywords`) VALUES ('22', 'field', '13', 'it', ' lorem ipsum dolor sit amet consectetur adipisicing elit sed do eiusmod tempor incididunt ut labore et dolore magna aliqua ut enim ad minim veniam quis nostrud exercitation ullamco laboris nisi ut aliquip ex ea commodo consequat duis aute irure dolor in reprehenderit in voluptate velit esse cillum dolore eu fugiat nulla pariatur excepteur sint occaecat cupidatat non proident sunt in culpa qui officia deserunt mollit anim id est laborum ');
INSERT INTO `craft_searchindex` (`elementId`, `attribute`, `fieldId`, `locale`, `keywords`) VALUES ('22', 'field', '15', 'it', ' south south west sangiovese and teroldego mixture of albarese and galestro limestones poggio la noce fiesole after careful cluster and berry selection vinification occurs in temperature controlled stainless steel vats with indigenous yeast ageing occurs in a mix of new and used french oak barriques for 12 to 18 months with further 12 months ageing in bottle gigio red wine igt tuscany ');
INSERT INTO `craft_searchindex` (`elementId`, `attribute`, `fieldId`, `locale`, `keywords`) VALUES ('22', 'field', '14', 'it', ' sed ut perspiciatis unde omnis iste natus error sit voluptatem accusantium doloremque laudantium totam rem aperiam eaque ipsa quae ab illo inventore veritatis et quasi architecto beatae vitae dicta sunt explicabo nemo enim ipsam voluptatem quia voluptas sit aspernatur aut odit aut fugit sed quia consequuntur magni dolores eos qui ratione voluptatem sequi nesciunt neque porro quisquam est qui dolorem ipsum quia dolor sit amet consectetur adipisci velit sed quia non numquam eius modi tempora incidunt ut labore et dolore magnam aliquam quaerat voluptatem ut enim ad minima veniam quis nostrum exercitationem ullam corporis suscipit laboriosam nisi ut aliquid ex ea commodi consequatur quis autem vel eum iure reprehenderit qui in ea voluptate velit esse quam nihil molestiae consequatur vel illum qui dolorem eum fugiat quo voluptas nulla pariatur ');
INSERT INTO `craft_searchindex` (`elementId`, `attribute`, `fieldId`, `locale`, `keywords`) VALUES ('22', 'field', '23', 'it', ' pinko pallino art ');
INSERT INTO `craft_searchindex` (`elementId`, `attribute`, `fieldId`, `locale`, `keywords`) VALUES ('22', 'field', '24', 'it', '');
INSERT INTO `craft_searchindex` (`elementId`, `attribute`, `fieldId`, `locale`, `keywords`) VALUES ('22', 'field', '22', 'it', '');
INSERT INTO `craft_searchindex` (`elementId`, `attribute`, `fieldId`, `locale`, `keywords`) VALUES ('23', 'field', '16', 'en_us', ' gigio red wine igt tuscany ');
INSERT INTO `craft_searchindex` (`elementId`, `attribute`, `fieldId`, `locale`, `keywords`) VALUES ('23', 'field', '17', 'en_us', ' poggio la noce fiesole ');
INSERT INTO `craft_searchindex` (`elementId`, `attribute`, `fieldId`, `locale`, `keywords`) VALUES ('23', 'field', '18', 'en_us', ' sangiovese and teroldego ');
INSERT INTO `craft_searchindex` (`elementId`, `attribute`, `fieldId`, `locale`, `keywords`) VALUES ('23', 'field', '19', 'en_us', ' south south west ');
INSERT INTO `craft_searchindex` (`elementId`, `attribute`, `fieldId`, `locale`, `keywords`) VALUES ('23', 'field', '20', 'en_us', ' mixture of albarese and galestro limestones ');
INSERT INTO `craft_searchindex` (`elementId`, `attribute`, `fieldId`, `locale`, `keywords`) VALUES ('23', 'field', '21', 'en_us', ' after careful cluster and berry selection vinification occurs in temperature controlled stainless steel vats with indigenous yeast ageing occurs in a mix of new and used french oak barriques for 12 to 18 months with further 12 months ageing in bottle ');
INSERT INTO `craft_searchindex` (`elementId`, `attribute`, `fieldId`, `locale`, `keywords`) VALUES ('23', 'slug', '0', 'en_us', '');
INSERT INTO `craft_searchindex` (`elementId`, `attribute`, `fieldId`, `locale`, `keywords`) VALUES ('23', 'field', '16', 'it', ' gigio red wine igt tuscany ');
INSERT INTO `craft_searchindex` (`elementId`, `attribute`, `fieldId`, `locale`, `keywords`) VALUES ('23', 'field', '17', 'it', ' poggio la noce fiesole ');
INSERT INTO `craft_searchindex` (`elementId`, `attribute`, `fieldId`, `locale`, `keywords`) VALUES ('23', 'field', '18', 'it', ' sangiovese and teroldego ');
INSERT INTO `craft_searchindex` (`elementId`, `attribute`, `fieldId`, `locale`, `keywords`) VALUES ('23', 'field', '19', 'it', ' south south west ');
INSERT INTO `craft_searchindex` (`elementId`, `attribute`, `fieldId`, `locale`, `keywords`) VALUES ('23', 'field', '20', 'it', ' mixture of albarese and galestro limestones ');
INSERT INTO `craft_searchindex` (`elementId`, `attribute`, `fieldId`, `locale`, `keywords`) VALUES ('23', 'field', '21', 'it', ' after careful cluster and berry selection vinification occurs in temperature controlled stainless steel vats with indigenous yeast ageing occurs in a mix of new and used french oak barriques for 12 to 18 months with further 12 months ageing in bottle ');
INSERT INTO `craft_searchindex` (`elementId`, `attribute`, `fieldId`, `locale`, `keywords`) VALUES ('24', 'filename', '0', 'en_us', ' paonazzo art jpg ');
INSERT INTO `craft_searchindex` (`elementId`, `attribute`, `fieldId`, `locale`, `keywords`) VALUES ('24', 'extension', '0', 'en_us', ' jpg ');
INSERT INTO `craft_searchindex` (`elementId`, `attribute`, `fieldId`, `locale`, `keywords`) VALUES ('24', 'kind', '0', 'en_us', ' image ');
INSERT INTO `craft_searchindex` (`elementId`, `attribute`, `fieldId`, `locale`, `keywords`) VALUES ('24', 'slug', '0', 'en_us', ' paonazzo art ');
INSERT INTO `craft_searchindex` (`elementId`, `attribute`, `fieldId`, `locale`, `keywords`) VALUES ('24', 'title', '0', 'en_us', ' paonazzo art ');
INSERT INTO `craft_searchindex` (`elementId`, `attribute`, `fieldId`, `locale`, `keywords`) VALUES ('26', 'kind', '0', 'en_us', ' image ');
INSERT INTO `craft_searchindex` (`elementId`, `attribute`, `fieldId`, `locale`, `keywords`) VALUES ('26', 'slug', '0', 'en_us', '');
INSERT INTO `craft_searchindex` (`elementId`, `attribute`, `fieldId`, `locale`, `keywords`) VALUES ('26', 'extension', '0', 'en_us', ' gif ');
INSERT INTO `craft_searchindex` (`elementId`, `attribute`, `fieldId`, `locale`, `keywords`) VALUES ('26', 'filename', '0', 'en_us', ' slide1 gif ');
INSERT INTO `craft_searchindex` (`elementId`, `attribute`, `fieldId`, `locale`, `keywords`) VALUES ('26', 'title', '0', 'en_us', ' slide1 ');
INSERT INTO `craft_searchindex` (`elementId`, `attribute`, `fieldId`, `locale`, `keywords`) VALUES ('27', 'filename', '0', 'en_us', ' slide2 gif ');
INSERT INTO `craft_searchindex` (`elementId`, `attribute`, `fieldId`, `locale`, `keywords`) VALUES ('27', 'extension', '0', 'en_us', ' gif ');
INSERT INTO `craft_searchindex` (`elementId`, `attribute`, `fieldId`, `locale`, `keywords`) VALUES ('27', 'kind', '0', 'en_us', ' image ');
INSERT INTO `craft_searchindex` (`elementId`, `attribute`, `fieldId`, `locale`, `keywords`) VALUES ('27', 'slug', '0', 'en_us', '');
INSERT INTO `craft_searchindex` (`elementId`, `attribute`, `fieldId`, `locale`, `keywords`) VALUES ('27', 'title', '0', 'en_us', ' slide2 ');
INSERT INTO `craft_searchindex` (`elementId`, `attribute`, `fieldId`, `locale`, `keywords`) VALUES ('28', 'filename', '0', 'en_us', ' slide3 gif ');
INSERT INTO `craft_searchindex` (`elementId`, `attribute`, `fieldId`, `locale`, `keywords`) VALUES ('28', 'extension', '0', 'en_us', ' gif ');
INSERT INTO `craft_searchindex` (`elementId`, `attribute`, `fieldId`, `locale`, `keywords`) VALUES ('28', 'kind', '0', 'en_us', ' image ');
INSERT INTO `craft_searchindex` (`elementId`, `attribute`, `fieldId`, `locale`, `keywords`) VALUES ('28', 'slug', '0', 'en_us', '');
INSERT INTO `craft_searchindex` (`elementId`, `attribute`, `fieldId`, `locale`, `keywords`) VALUES ('28', 'title', '0', 'en_us', ' slide3 ');
INSERT INTO `craft_searchindex` (`elementId`, `attribute`, `fieldId`, `locale`, `keywords`) VALUES ('29', 'field', '6', 'en_us', '');
INSERT INTO `craft_searchindex` (`elementId`, `attribute`, `fieldId`, `locale`, `keywords`) VALUES ('29', 'field', '7', 'en_us', '');
INSERT INTO `craft_searchindex` (`elementId`, `attribute`, `fieldId`, `locale`, `keywords`) VALUES ('29', 'field', '8', 'en_us', ' lorem ipsum dolor sit amet consectetur adipisicing elit sed do eiusmod isicing elit sed isicing elit sed slide1 of7cvwnihpc slide 2 text slide2 slide 3 text slide3 ');
INSERT INTO `craft_searchindex` (`elementId`, `attribute`, `fieldId`, `locale`, `keywords`) VALUES ('29', 'field', '12', 'en_us', '');
INSERT INTO `craft_searchindex` (`elementId`, `attribute`, `fieldId`, `locale`, `keywords`) VALUES ('29', 'slug', '0', 'en_us', ' home ');
INSERT INTO `craft_searchindex` (`elementId`, `attribute`, `fieldId`, `locale`, `keywords`) VALUES ('29', 'title', '0', 'en_us', ' home ');
INSERT INTO `craft_searchindex` (`elementId`, `attribute`, `fieldId`, `locale`, `keywords`) VALUES ('29', 'field', '6', 'it', '');
INSERT INTO `craft_searchindex` (`elementId`, `attribute`, `fieldId`, `locale`, `keywords`) VALUES ('29', 'field', '7', 'it', '');
INSERT INTO `craft_searchindex` (`elementId`, `attribute`, `fieldId`, `locale`, `keywords`) VALUES ('29', 'field', '8', 'it', ' slide 1 text slide1 slide 2 text slide2 slide 3 text slide3 ');
INSERT INTO `craft_searchindex` (`elementId`, `attribute`, `fieldId`, `locale`, `keywords`) VALUES ('29', 'field', '12', 'it', '');
INSERT INTO `craft_searchindex` (`elementId`, `attribute`, `fieldId`, `locale`, `keywords`) VALUES ('30', 'field', '9', 'en_us', ' lorem ipsum dolor sit amet consectetur adipisicing elit sed do eiusmod isicing elit sed isicing elit sed ');
INSERT INTO `craft_searchindex` (`elementId`, `attribute`, `fieldId`, `locale`, `keywords`) VALUES ('30', 'field', '10', 'en_us', ' of7cvwnihpc ');
INSERT INTO `craft_searchindex` (`elementId`, `attribute`, `fieldId`, `locale`, `keywords`) VALUES ('30', 'field', '11', 'en_us', ' slide1 ');
INSERT INTO `craft_searchindex` (`elementId`, `attribute`, `fieldId`, `locale`, `keywords`) VALUES ('30', 'slug', '0', 'en_us', '');
INSERT INTO `craft_searchindex` (`elementId`, `attribute`, `fieldId`, `locale`, `keywords`) VALUES ('30', 'field', '9', 'it', ' slide 1 text ');
INSERT INTO `craft_searchindex` (`elementId`, `attribute`, `fieldId`, `locale`, `keywords`) VALUES ('30', 'field', '10', 'it', '');
INSERT INTO `craft_searchindex` (`elementId`, `attribute`, `fieldId`, `locale`, `keywords`) VALUES ('30', 'field', '11', 'it', ' slide1 ');
INSERT INTO `craft_searchindex` (`elementId`, `attribute`, `fieldId`, `locale`, `keywords`) VALUES ('31', 'field', '9', 'en_us', ' slide 2 text ');
INSERT INTO `craft_searchindex` (`elementId`, `attribute`, `fieldId`, `locale`, `keywords`) VALUES ('31', 'field', '10', 'en_us', '');
INSERT INTO `craft_searchindex` (`elementId`, `attribute`, `fieldId`, `locale`, `keywords`) VALUES ('31', 'field', '11', 'en_us', ' slide2 ');
INSERT INTO `craft_searchindex` (`elementId`, `attribute`, `fieldId`, `locale`, `keywords`) VALUES ('31', 'slug', '0', 'en_us', '');
INSERT INTO `craft_searchindex` (`elementId`, `attribute`, `fieldId`, `locale`, `keywords`) VALUES ('31', 'field', '9', 'it', ' slide 2 text ');
INSERT INTO `craft_searchindex` (`elementId`, `attribute`, `fieldId`, `locale`, `keywords`) VALUES ('31', 'field', '10', 'it', '');
INSERT INTO `craft_searchindex` (`elementId`, `attribute`, `fieldId`, `locale`, `keywords`) VALUES ('31', 'field', '11', 'it', ' slide2 ');
INSERT INTO `craft_searchindex` (`elementId`, `attribute`, `fieldId`, `locale`, `keywords`) VALUES ('32', 'field', '9', 'en_us', ' slide 3 text ');
INSERT INTO `craft_searchindex` (`elementId`, `attribute`, `fieldId`, `locale`, `keywords`) VALUES ('32', 'field', '10', 'en_us', '');
INSERT INTO `craft_searchindex` (`elementId`, `attribute`, `fieldId`, `locale`, `keywords`) VALUES ('32', 'field', '11', 'en_us', ' slide3 ');
INSERT INTO `craft_searchindex` (`elementId`, `attribute`, `fieldId`, `locale`, `keywords`) VALUES ('32', 'slug', '0', 'en_us', '');
INSERT INTO `craft_searchindex` (`elementId`, `attribute`, `fieldId`, `locale`, `keywords`) VALUES ('32', 'field', '9', 'it', ' slide 3 text ');
INSERT INTO `craft_searchindex` (`elementId`, `attribute`, `fieldId`, `locale`, `keywords`) VALUES ('32', 'field', '10', 'it', '');
INSERT INTO `craft_searchindex` (`elementId`, `attribute`, `fieldId`, `locale`, `keywords`) VALUES ('32', 'field', '11', 'it', ' slide3 ');
INSERT INTO `craft_searchindex` (`elementId`, `attribute`, `fieldId`, `locale`, `keywords`) VALUES ('33', 'filename', '0', 'en_us', ' about banner gif ');
INSERT INTO `craft_searchindex` (`elementId`, `attribute`, `fieldId`, `locale`, `keywords`) VALUES ('33', 'extension', '0', 'en_us', ' gif ');
INSERT INTO `craft_searchindex` (`elementId`, `attribute`, `fieldId`, `locale`, `keywords`) VALUES ('33', 'kind', '0', 'en_us', ' image ');
INSERT INTO `craft_searchindex` (`elementId`, `attribute`, `fieldId`, `locale`, `keywords`) VALUES ('33', 'slug', '0', 'en_us', '');
INSERT INTO `craft_searchindex` (`elementId`, `attribute`, `fieldId`, `locale`, `keywords`) VALUES ('33', 'title', '0', 'en_us', ' about banner ');
INSERT INTO `craft_searchindex` (`elementId`, `attribute`, `fieldId`, `locale`, `keywords`) VALUES ('34', 'filename', '0', 'en_us', ' contact banner gif ');
INSERT INTO `craft_searchindex` (`elementId`, `attribute`, `fieldId`, `locale`, `keywords`) VALUES ('34', 'extension', '0', 'en_us', ' gif ');
INSERT INTO `craft_searchindex` (`elementId`, `attribute`, `fieldId`, `locale`, `keywords`) VALUES ('34', 'kind', '0', 'en_us', ' image ');
INSERT INTO `craft_searchindex` (`elementId`, `attribute`, `fieldId`, `locale`, `keywords`) VALUES ('34', 'slug', '0', 'en_us', '');
INSERT INTO `craft_searchindex` (`elementId`, `attribute`, `fieldId`, `locale`, `keywords`) VALUES ('34', 'title', '0', 'en_us', ' contact banner ');
INSERT INTO `craft_searchindex` (`elementId`, `attribute`, `fieldId`, `locale`, `keywords`) VALUES ('35', 'filename', '0', 'en_us', ' olive oil banner gif ');
INSERT INTO `craft_searchindex` (`elementId`, `attribute`, `fieldId`, `locale`, `keywords`) VALUES ('35', 'extension', '0', 'en_us', ' gif ');
INSERT INTO `craft_searchindex` (`elementId`, `attribute`, `fieldId`, `locale`, `keywords`) VALUES ('35', 'kind', '0', 'en_us', ' image ');
INSERT INTO `craft_searchindex` (`elementId`, `attribute`, `fieldId`, `locale`, `keywords`) VALUES ('35', 'slug', '0', 'en_us', '');
INSERT INTO `craft_searchindex` (`elementId`, `attribute`, `fieldId`, `locale`, `keywords`) VALUES ('35', 'title', '0', 'en_us', ' olive oil banner ');
INSERT INTO `craft_searchindex` (`elementId`, `attribute`, `fieldId`, `locale`, `keywords`) VALUES ('42', 'field', '7', 'en_us', ' who we arelorem ipsum dolor sit amet consectetur adipisicing elit sed do eiusmod tempor incididunt ut labore et dolore magna aliqua ut enim ad minim veniam quis nostrud exercitation ullamco laboris nisi ut aliquip ex ea commodo consequat duis aute irure dolor in reprehenderit in voluptate velit esse cillum dolore eu fugiat nulla pariatur excepteur sint occaecat cupidatat non proident sunt in culpa qui officia deserunt mollit anim id est laborum what we dolorem ipsum dolor sit amet consectetur adipisicing elit sed do eiusmod tempor incididunt ut labore et dolore magna aliqua ut enim ad minim veniam quis nostrud exercitation ullamco laboris nisi ut aliquip ex ea commodo consequat duis aute irure dolor in reprehenderit in voluptate velit esse cillum dolore eu fugiat nulla pariatur excepteur sint occaecat cupidatat non proident sunt in culpa qui officia deserunt mollit anim id est laborum ');
INSERT INTO `craft_searchindex` (`elementId`, `attribute`, `fieldId`, `locale`, `keywords`) VALUES ('42', 'field', '6', 'en_us', ' learn more about us ');
INSERT INTO `craft_searchindex` (`elementId`, `attribute`, `fieldId`, `locale`, `keywords`) VALUES ('37', 'filename', '0', 'en_us', ' vineyard banner gif ');
INSERT INTO `craft_searchindex` (`elementId`, `attribute`, `fieldId`, `locale`, `keywords`) VALUES ('37', 'extension', '0', 'en_us', ' gif ');
INSERT INTO `craft_searchindex` (`elementId`, `attribute`, `fieldId`, `locale`, `keywords`) VALUES ('37', 'kind', '0', 'en_us', ' image ');
INSERT INTO `craft_searchindex` (`elementId`, `attribute`, `fieldId`, `locale`, `keywords`) VALUES ('37', 'slug', '0', 'en_us', '');
INSERT INTO `craft_searchindex` (`elementId`, `attribute`, `fieldId`, `locale`, `keywords`) VALUES ('37', 'title', '0', 'en_us', ' vineyard banner ');
INSERT INTO `craft_searchindex` (`elementId`, `attribute`, `fieldId`, `locale`, `keywords`) VALUES ('38', 'filename', '0', 'en_us', ' about page gif ');
INSERT INTO `craft_searchindex` (`elementId`, `attribute`, `fieldId`, `locale`, `keywords`) VALUES ('38', 'extension', '0', 'en_us', ' gif ');
INSERT INTO `craft_searchindex` (`elementId`, `attribute`, `fieldId`, `locale`, `keywords`) VALUES ('38', 'kind', '0', 'en_us', ' image ');
INSERT INTO `craft_searchindex` (`elementId`, `attribute`, `fieldId`, `locale`, `keywords`) VALUES ('38', 'slug', '0', 'en_us', '');
INSERT INTO `craft_searchindex` (`elementId`, `attribute`, `fieldId`, `locale`, `keywords`) VALUES ('38', 'title', '0', 'en_us', ' about page ');
INSERT INTO `craft_searchindex` (`elementId`, `attribute`, `fieldId`, `locale`, `keywords`) VALUES ('39', 'filename', '0', 'en_us', ' contact page gif ');
INSERT INTO `craft_searchindex` (`elementId`, `attribute`, `fieldId`, `locale`, `keywords`) VALUES ('39', 'extension', '0', 'en_us', ' gif ');
INSERT INTO `craft_searchindex` (`elementId`, `attribute`, `fieldId`, `locale`, `keywords`) VALUES ('39', 'kind', '0', 'en_us', ' image ');
INSERT INTO `craft_searchindex` (`elementId`, `attribute`, `fieldId`, `locale`, `keywords`) VALUES ('39', 'slug', '0', 'en_us', '');
INSERT INTO `craft_searchindex` (`elementId`, `attribute`, `fieldId`, `locale`, `keywords`) VALUES ('39', 'title', '0', 'en_us', ' contact page ');
INSERT INTO `craft_searchindex` (`elementId`, `attribute`, `fieldId`, `locale`, `keywords`) VALUES ('40', 'filename', '0', 'en_us', ' olive oil page gif ');
INSERT INTO `craft_searchindex` (`elementId`, `attribute`, `fieldId`, `locale`, `keywords`) VALUES ('40', 'extension', '0', 'en_us', ' gif ');
INSERT INTO `craft_searchindex` (`elementId`, `attribute`, `fieldId`, `locale`, `keywords`) VALUES ('40', 'kind', '0', 'en_us', ' image ');
INSERT INTO `craft_searchindex` (`elementId`, `attribute`, `fieldId`, `locale`, `keywords`) VALUES ('40', 'slug', '0', 'en_us', '');
INSERT INTO `craft_searchindex` (`elementId`, `attribute`, `fieldId`, `locale`, `keywords`) VALUES ('40', 'title', '0', 'en_us', ' olive oil page ');
INSERT INTO `craft_searchindex` (`elementId`, `attribute`, `fieldId`, `locale`, `keywords`) VALUES ('41', 'filename', '0', 'en_us', ' vineyard page gif ');
INSERT INTO `craft_searchindex` (`elementId`, `attribute`, `fieldId`, `locale`, `keywords`) VALUES ('41', 'extension', '0', 'en_us', ' gif ');
INSERT INTO `craft_searchindex` (`elementId`, `attribute`, `fieldId`, `locale`, `keywords`) VALUES ('41', 'kind', '0', 'en_us', ' image ');
INSERT INTO `craft_searchindex` (`elementId`, `attribute`, `fieldId`, `locale`, `keywords`) VALUES ('41', 'slug', '0', 'en_us', '');
INSERT INTO `craft_searchindex` (`elementId`, `attribute`, `fieldId`, `locale`, `keywords`) VALUES ('41', 'title', '0', 'en_us', ' vineyard page ');
INSERT INTO `craft_searchindex` (`elementId`, `attribute`, `fieldId`, `locale`, `keywords`) VALUES ('42', 'field', '8', 'en_us', ' this is the about page about banner ');
INSERT INTO `craft_searchindex` (`elementId`, `attribute`, `fieldId`, `locale`, `keywords`) VALUES ('42', 'field', '12', 'en_us', ' about page ');
INSERT INTO `craft_searchindex` (`elementId`, `attribute`, `fieldId`, `locale`, `keywords`) VALUES ('42', 'slug', '0', 'en_us', ' about ');
INSERT INTO `craft_searchindex` (`elementId`, `attribute`, `fieldId`, `locale`, `keywords`) VALUES ('42', 'title', '0', 'en_us', ' about ');
INSERT INTO `craft_searchindex` (`elementId`, `attribute`, `fieldId`, `locale`, `keywords`) VALUES ('42', 'field', '6', 'it', ' learn more about us ');
INSERT INTO `craft_searchindex` (`elementId`, `attribute`, `fieldId`, `locale`, `keywords`) VALUES ('42', 'field', '7', 'it', ' who we arelorem ipsum dolor sit amet consectetur adipisicing elit sed do eiusmod tempor incididunt ut labore et dolore magna aliqua ut enim ad minim veniam quis nostrud exercitation ullamco laboris nisi ut aliquip ex ea commodo consequat duis aute irure dolor in reprehenderit in voluptate velit esse cillum dolore eu fugiat nulla pariatur excepteur sint occaecat cupidatat non proident sunt in culpa qui officia deserunt mollit anim id est laborum what we dolorem ipsum dolor sit amet consectetur adipisicing elit sed do eiusmod tempor incididunt ut labore et dolore magna aliqua ut enim ad minim veniam quis nostrud exercitation ullamco laboris nisi ut aliquip ex ea commodo consequat duis aute irure dolor in reprehenderit in voluptate velit esse cillum dolore eu fugiat nulla pariatur excepteur sint occaecat cupidatat non proident sunt in culpa qui officia deserunt mollit anim id est laborum ');
INSERT INTO `craft_searchindex` (`elementId`, `attribute`, `fieldId`, `locale`, `keywords`) VALUES ('42', 'field', '8', 'it', ' this is the about page about banner ');
INSERT INTO `craft_searchindex` (`elementId`, `attribute`, `fieldId`, `locale`, `keywords`) VALUES ('42', 'field', '12', 'it', ' about page ');
INSERT INTO `craft_searchindex` (`elementId`, `attribute`, `fieldId`, `locale`, `keywords`) VALUES ('43', 'field', '9', 'en_us', ' this is the about page ');
INSERT INTO `craft_searchindex` (`elementId`, `attribute`, `fieldId`, `locale`, `keywords`) VALUES ('43', 'field', '10', 'en_us', '');
INSERT INTO `craft_searchindex` (`elementId`, `attribute`, `fieldId`, `locale`, `keywords`) VALUES ('43', 'field', '11', 'en_us', ' about banner ');
INSERT INTO `craft_searchindex` (`elementId`, `attribute`, `fieldId`, `locale`, `keywords`) VALUES ('43', 'slug', '0', 'en_us', '');
INSERT INTO `craft_searchindex` (`elementId`, `attribute`, `fieldId`, `locale`, `keywords`) VALUES ('43', 'field', '9', 'it', ' this is the about page ');
INSERT INTO `craft_searchindex` (`elementId`, `attribute`, `fieldId`, `locale`, `keywords`) VALUES ('43', 'field', '10', 'it', '');
INSERT INTO `craft_searchindex` (`elementId`, `attribute`, `fieldId`, `locale`, `keywords`) VALUES ('43', 'field', '11', 'it', ' about banner ');
INSERT INTO `craft_searchindex` (`elementId`, `attribute`, `fieldId`, `locale`, `keywords`) VALUES ('44', 'field', '6', 'en_us', ' our vines ');
INSERT INTO `craft_searchindex` (`elementId`, `attribute`, `fieldId`, `locale`, `keywords`) VALUES ('44', 'field', '7', 'en_us', ' vineslorem ipsum dolor sit amet consectetur adipisicing elit sed do eiusmod tempor incididunt ut labore et dolore magna aliqua ut enim ad minim veniam quis nostrud exercitation ullamco laboris nisi ut aliquip ex ea commodo consequat duis aute irure dolor in reprehenderit in voluptate velit esse cillum dolore eu fugiat nulla pariatur excepteur sint occaecat cupidatat non proident sunt in culpa qui officia deserunt mollit anim id est laborum more vineslorem ipsum dolor sit amet consectetur adipisicing elit sed do eiusmod tempor incididunt ut labore et dolore magna aliqua ut enim ad minim veniam quis nostrud exercitation ullamco laboris nisi ut aliquip ex ea commodo consequat duis aute irure dolor in reprehenderit in voluptate velit esse cillum dolore eu fugiat nulla pariatur excepteur sint occaecat cupidatat non proident sunt in culpa qui officia deserunt mollit anim id est laborum ');
INSERT INTO `craft_searchindex` (`elementId`, `attribute`, `fieldId`, `locale`, `keywords`) VALUES ('44', 'field', '8', 'en_us', ' vines everywhere vineyard banner ');
INSERT INTO `craft_searchindex` (`elementId`, `attribute`, `fieldId`, `locale`, `keywords`) VALUES ('44', 'field', '12', 'en_us', ' vineyard page ');
INSERT INTO `craft_searchindex` (`elementId`, `attribute`, `fieldId`, `locale`, `keywords`) VALUES ('44', 'slug', '0', 'en_us', ' vineyard ');
INSERT INTO `craft_searchindex` (`elementId`, `attribute`, `fieldId`, `locale`, `keywords`) VALUES ('44', 'title', '0', 'en_us', ' vineyard ');
INSERT INTO `craft_searchindex` (`elementId`, `attribute`, `fieldId`, `locale`, `keywords`) VALUES ('44', 'field', '6', 'it', ' our vines ');
INSERT INTO `craft_searchindex` (`elementId`, `attribute`, `fieldId`, `locale`, `keywords`) VALUES ('44', 'field', '7', 'it', ' vineslorem ipsum dolor sit amet consectetur adipisicing elit sed do eiusmod tempor incididunt ut labore et dolore magna aliqua ut enim ad minim veniam quis nostrud exercitation ullamco laboris nisi ut aliquip ex ea commodo consequat duis aute irure dolor in reprehenderit in voluptate velit esse cillum dolore eu fugiat nulla pariatur excepteur sint occaecat cupidatat non proident sunt in culpa qui officia deserunt mollit anim id est laborum more vineslorem ipsum dolor sit amet consectetur adipisicing elit sed do eiusmod tempor incididunt ut labore et dolore magna aliqua ut enim ad minim veniam quis nostrud exercitation ullamco laboris nisi ut aliquip ex ea commodo consequat duis aute irure dolor in reprehenderit in voluptate velit esse cillum dolore eu fugiat nulla pariatur excepteur sint occaecat cupidatat non proident sunt in culpa qui officia deserunt mollit anim id est laborum ');
INSERT INTO `craft_searchindex` (`elementId`, `attribute`, `fieldId`, `locale`, `keywords`) VALUES ('44', 'field', '8', 'it', ' vines everywhere vineyard banner ');
INSERT INTO `craft_searchindex` (`elementId`, `attribute`, `fieldId`, `locale`, `keywords`) VALUES ('44', 'field', '12', 'it', ' vineyard page ');
INSERT INTO `craft_searchindex` (`elementId`, `attribute`, `fieldId`, `locale`, `keywords`) VALUES ('45', 'field', '9', 'en_us', ' vines everywhere ');
INSERT INTO `craft_searchindex` (`elementId`, `attribute`, `fieldId`, `locale`, `keywords`) VALUES ('45', 'field', '10', 'en_us', '');
INSERT INTO `craft_searchindex` (`elementId`, `attribute`, `fieldId`, `locale`, `keywords`) VALUES ('45', 'field', '11', 'en_us', ' vineyard banner ');
INSERT INTO `craft_searchindex` (`elementId`, `attribute`, `fieldId`, `locale`, `keywords`) VALUES ('45', 'slug', '0', 'en_us', '');
INSERT INTO `craft_searchindex` (`elementId`, `attribute`, `fieldId`, `locale`, `keywords`) VALUES ('45', 'field', '9', 'it', ' vines everywhere ');
INSERT INTO `craft_searchindex` (`elementId`, `attribute`, `fieldId`, `locale`, `keywords`) VALUES ('45', 'field', '10', 'it', '');
INSERT INTO `craft_searchindex` (`elementId`, `attribute`, `fieldId`, `locale`, `keywords`) VALUES ('45', 'field', '11', 'it', ' vineyard banner ');
INSERT INTO `craft_searchindex` (`elementId`, `attribute`, `fieldId`, `locale`, `keywords`) VALUES ('46', 'field', '6', 'en_us', ' olives everywhere ');
INSERT INTO `craft_searchindex` (`elementId`, `attribute`, `fieldId`, `locale`, `keywords`) VALUES ('46', 'field', '7', 'en_us', ' oillorem ipsum dolor sit amet consectetur adipisicing elit sed do eiusmod tempor incididunt ut labore et dolore magna aliqua ut enim ad minim veniam quis nostrud exercitation ullamco laboris nisi ut aliquip ex ea commodo consequat duis aute irure dolor in reprehenderit in voluptate velit esse cillum dolore eu fugiat nulla pariatur excepteur sint occaecat cupidatat non proident sunt in culpa qui officia deserunt mollit anim id est laborum more oillorem ipsum dolor sit amet consectetur adipisicing elit sed do eiusmod tempor incididunt ut labore et dolore magna aliqua ut enim ad minim veniam quis nostrud exercitation ullamco laboris nisi ut aliquip ex ea commodo consequat duis aute irure dolor in reprehenderit in voluptate velit esse cillum dolore eu fugiat nulla pariatur excepteur sint occaecat cupidatat non proident sunt in culpa qui officia deserunt mollit anim id est laborum ');
INSERT INTO `craft_searchindex` (`elementId`, `attribute`, `fieldId`, `locale`, `keywords`) VALUES ('46', 'field', '8', 'en_us', ' olive oil for everyone olive oil banner ');
INSERT INTO `craft_searchindex` (`elementId`, `attribute`, `fieldId`, `locale`, `keywords`) VALUES ('46', 'field', '12', 'en_us', ' olive oil page ');
INSERT INTO `craft_searchindex` (`elementId`, `attribute`, `fieldId`, `locale`, `keywords`) VALUES ('46', 'slug', '0', 'en_us', ' olive oil ');
INSERT INTO `craft_searchindex` (`elementId`, `attribute`, `fieldId`, `locale`, `keywords`) VALUES ('46', 'title', '0', 'en_us', ' olive oil ');
INSERT INTO `craft_searchindex` (`elementId`, `attribute`, `fieldId`, `locale`, `keywords`) VALUES ('46', 'field', '6', 'it', ' olives everywhere ');
INSERT INTO `craft_searchindex` (`elementId`, `attribute`, `fieldId`, `locale`, `keywords`) VALUES ('46', 'field', '7', 'it', ' oillorem ipsum dolor sit amet consectetur adipisicing elit sed do eiusmod tempor incididunt ut labore et dolore magna aliqua ut enim ad minim veniam quis nostrud exercitation ullamco laboris nisi ut aliquip ex ea commodo consequat duis aute irure dolor in reprehenderit in voluptate velit esse cillum dolore eu fugiat nulla pariatur excepteur sint occaecat cupidatat non proident sunt in culpa qui officia deserunt mollit anim id est laborum more oillorem ipsum dolor sit amet consectetur adipisicing elit sed do eiusmod tempor incididunt ut labore et dolore magna aliqua ut enim ad minim veniam quis nostrud exercitation ullamco laboris nisi ut aliquip ex ea commodo consequat duis aute irure dolor in reprehenderit in voluptate velit esse cillum dolore eu fugiat nulla pariatur excepteur sint occaecat cupidatat non proident sunt in culpa qui officia deserunt mollit anim id est laborum ');
INSERT INTO `craft_searchindex` (`elementId`, `attribute`, `fieldId`, `locale`, `keywords`) VALUES ('46', 'field', '8', 'it', ' olive oil for everyone olive oil banner ');
INSERT INTO `craft_searchindex` (`elementId`, `attribute`, `fieldId`, `locale`, `keywords`) VALUES ('46', 'field', '12', 'it', ' olive oil page ');
INSERT INTO `craft_searchindex` (`elementId`, `attribute`, `fieldId`, `locale`, `keywords`) VALUES ('47', 'field', '9', 'en_us', ' olive oil for everyone ');
INSERT INTO `craft_searchindex` (`elementId`, `attribute`, `fieldId`, `locale`, `keywords`) VALUES ('47', 'field', '10', 'en_us', '');
INSERT INTO `craft_searchindex` (`elementId`, `attribute`, `fieldId`, `locale`, `keywords`) VALUES ('47', 'field', '11', 'en_us', ' olive oil banner ');
INSERT INTO `craft_searchindex` (`elementId`, `attribute`, `fieldId`, `locale`, `keywords`) VALUES ('47', 'slug', '0', 'en_us', '');
INSERT INTO `craft_searchindex` (`elementId`, `attribute`, `fieldId`, `locale`, `keywords`) VALUES ('47', 'field', '9', 'it', ' olive oil for everyone ');
INSERT INTO `craft_searchindex` (`elementId`, `attribute`, `fieldId`, `locale`, `keywords`) VALUES ('47', 'field', '10', 'it', '');
INSERT INTO `craft_searchindex` (`elementId`, `attribute`, `fieldId`, `locale`, `keywords`) VALUES ('47', 'field', '11', 'it', ' olive oil banner ');
INSERT INTO `craft_searchindex` (`elementId`, `attribute`, `fieldId`, `locale`, `keywords`) VALUES ('48', 'field', '6', 'en_us', ' contact us ');
INSERT INTO `craft_searchindex` (`elementId`, `attribute`, `fieldId`, `locale`, `keywords`) VALUES ('48', 'field', '7', 'en_us', ' get in touch with us by writing in the box below lorem ipsum dolor sit amet consectetur adipisicing elit sed do eiusmod tempor incididunt ut labore et dolore magna aliqua ');
INSERT INTO `craft_searchindex` (`elementId`, `attribute`, `fieldId`, `locale`, `keywords`) VALUES ('48', 'field', '8', 'en_us', ' get in touch contact banner ');
INSERT INTO `craft_searchindex` (`elementId`, `attribute`, `fieldId`, `locale`, `keywords`) VALUES ('48', 'field', '12', 'en_us', ' contact page ');
INSERT INTO `craft_searchindex` (`elementId`, `attribute`, `fieldId`, `locale`, `keywords`) VALUES ('48', 'slug', '0', 'en_us', ' contact ');
INSERT INTO `craft_searchindex` (`elementId`, `attribute`, `fieldId`, `locale`, `keywords`) VALUES ('48', 'title', '0', 'en_us', ' contact ');
INSERT INTO `craft_searchindex` (`elementId`, `attribute`, `fieldId`, `locale`, `keywords`) VALUES ('48', 'field', '6', 'it', ' contact us ');
INSERT INTO `craft_searchindex` (`elementId`, `attribute`, `fieldId`, `locale`, `keywords`) VALUES ('48', 'field', '7', 'it', ' get in touch with us by writing in the box below lorem ipsum dolor sit amet consectetur adipisicing elit sed do eiusmod tempor incididunt ut labore et dolore magna aliqua ');
INSERT INTO `craft_searchindex` (`elementId`, `attribute`, `fieldId`, `locale`, `keywords`) VALUES ('48', 'field', '8', 'it', ' get in touch contact banner ');
INSERT INTO `craft_searchindex` (`elementId`, `attribute`, `fieldId`, `locale`, `keywords`) VALUES ('48', 'field', '12', 'it', ' contact page ');
INSERT INTO `craft_searchindex` (`elementId`, `attribute`, `fieldId`, `locale`, `keywords`) VALUES ('49', 'field', '9', 'en_us', ' get in touch ');
INSERT INTO `craft_searchindex` (`elementId`, `attribute`, `fieldId`, `locale`, `keywords`) VALUES ('49', 'field', '10', 'en_us', '');
INSERT INTO `craft_searchindex` (`elementId`, `attribute`, `fieldId`, `locale`, `keywords`) VALUES ('49', 'field', '11', 'en_us', ' contact banner ');
INSERT INTO `craft_searchindex` (`elementId`, `attribute`, `fieldId`, `locale`, `keywords`) VALUES ('49', 'slug', '0', 'en_us', '');
INSERT INTO `craft_searchindex` (`elementId`, `attribute`, `fieldId`, `locale`, `keywords`) VALUES ('49', 'field', '9', 'it', ' get in touch ');
INSERT INTO `craft_searchindex` (`elementId`, `attribute`, `fieldId`, `locale`, `keywords`) VALUES ('49', 'field', '10', 'it', '');
INSERT INTO `craft_searchindex` (`elementId`, `attribute`, `fieldId`, `locale`, `keywords`) VALUES ('49', 'field', '11', 'it', ' contact banner ');



DROP TABLE IF EXISTS `craft_sections`;


--
-- Schema for table `craft_sections`
--
CREATE TABLE `craft_sections` (
  `id` int(11) NOT NULL AUTO_INCREMENT,
  `structureId` int(11) DEFAULT NULL,
  `name` varchar(255) COLLATE utf8_unicode_ci NOT NULL,
  `handle` varchar(255) COLLATE utf8_unicode_ci NOT NULL,
  `type` enum('single','channel','structure') COLLATE utf8_unicode_ci NOT NULL DEFAULT 'channel',
  `hasUrls` tinyint(1) unsigned NOT NULL DEFAULT '1',
  `template` varchar(500) COLLATE utf8_unicode_ci DEFAULT NULL,
  `enableVersioning` tinyint(1) unsigned NOT NULL DEFAULT '0',
  `dateCreated` datetime NOT NULL,
  `dateUpdated` datetime NOT NULL,
  `uid` char(36) COLLATE utf8_unicode_ci NOT NULL DEFAULT '0',
  PRIMARY KEY (`id`),
  UNIQUE KEY `craft_sections_name_unq_idx` (`name`),
  UNIQUE KEY `craft_sections_handle_unq_idx` (`handle`),
  KEY `craft_sections_structureId_fk` (`structureId`)
) ENGINE=InnoDB AUTO_INCREMENT=5 DEFAULT CHARSET=utf8 COLLATE=utf8_unicode_ci;

--
-- Data for table `craft_sections`
--

INSERT INTO `craft_sections` (`id`, `structureId`, `name`, `handle`, `type`, `hasUrls`, `template`, `enableVersioning`, `dateCreated`, `dateUpdated`, `uid`) VALUES ('1', NULL, 'Homepage', 'homepage', 'single', '1', 'index', '1', '2015-01-09 19:54:28', '2015-01-09 19:54:28', '873f419a-b753-479b-bf3c-1d7d09ff35c2');
INSERT INTO `craft_sections` (`id`, `structureId`, `name`, `handle`, `type`, `hasUrls`, `template`, `enableVersioning`, `dateCreated`, `dateUpdated`, `uid`) VALUES ('2', NULL, 'News', 'news', 'channel', '1', 'news/_entry', '1', '2015-01-09 19:54:28', '2015-01-09 19:54:28', 'e502f894-e162-4e8d-84cc-06425f364d52');
INSERT INTO `craft_sections` (`id`, `structureId`, `name`, `handle`, `type`, `hasUrls`, `template`, `enableVersioning`, `dateCreated`, `dateUpdated`, `uid`) VALUES ('3', '1', 'Pages', 'pages', 'structure', '0', NULL, '1', '2015-01-12 18:31:31', '2015-01-12 18:31:31', '834b28f9-5e08-4503-9fd3-38154cea14b0');
INSERT INTO `craft_sections` (`id`, `structureId`, `name`, `handle`, `type`, `hasUrls`, `template`, `enableVersioning`, `dateCreated`, `dateUpdated`, `uid`) VALUES ('4', '2', 'Wine', 'wine', 'structure', '0', NULL, '1', '2015-01-12 22:19:55', '2015-01-12 22:19:55', 'cd5829f3-343e-4b00-8627-2f35e96c4692');



DROP TABLE IF EXISTS `craft_sections_i18n`;


--
-- Schema for table `craft_sections_i18n`
--
CREATE TABLE `craft_sections_i18n` (
  `id` int(11) NOT NULL AUTO_INCREMENT,
  `sectionId` int(11) NOT NULL,
  `locale` char(12) COLLATE utf8_unicode_ci NOT NULL,
  `enabledByDefault` tinyint(1) unsigned NOT NULL DEFAULT '1',
  `urlFormat` varchar(255) COLLATE utf8_unicode_ci DEFAULT NULL,
  `nestedUrlFormat` varchar(255) COLLATE utf8_unicode_ci DEFAULT NULL,
  `dateCreated` datetime NOT NULL,
  `dateUpdated` datetime NOT NULL,
  `uid` char(36) COLLATE utf8_unicode_ci NOT NULL DEFAULT '0',
  PRIMARY KEY (`id`),
  UNIQUE KEY `craft_sections_i18n_sectionId_locale_unq_idx` (`sectionId`,`locale`),
  KEY `craft_sections_i18n_locale_fk` (`locale`)
) ENGINE=InnoDB AUTO_INCREMENT=7 DEFAULT CHARSET=utf8 COLLATE=utf8_unicode_ci;

--
-- Data for table `craft_sections_i18n`
--

INSERT INTO `craft_sections_i18n` (`id`, `sectionId`, `locale`, `enabledByDefault`, `urlFormat`, `nestedUrlFormat`, `dateCreated`, `dateUpdated`, `uid`) VALUES ('1', '1', 'en_us', '1', '__home__', NULL, '2015-01-09 19:54:28', '2015-01-09 19:54:28', '83de6225-6d24-423d-9912-80ff80f067c7');
INSERT INTO `craft_sections_i18n` (`id`, `sectionId`, `locale`, `enabledByDefault`, `urlFormat`, `nestedUrlFormat`, `dateCreated`, `dateUpdated`, `uid`) VALUES ('2', '2', 'en_us', '1', 'news/{postDate.year}/{slug}', NULL, '2015-01-09 19:54:28', '2015-01-09 19:54:28', '1376995a-78d2-4937-b0e3-ef4807ea474f');
INSERT INTO `craft_sections_i18n` (`id`, `sectionId`, `locale`, `enabledByDefault`, `urlFormat`, `nestedUrlFormat`, `dateCreated`, `dateUpdated`, `uid`) VALUES ('3', '3', 'en_us', '1', NULL, NULL, '2015-01-12 18:31:31', '2015-01-12 18:31:31', '8be6bef9-4da5-46c5-932d-68bc265c0120');
INSERT INTO `craft_sections_i18n` (`id`, `sectionId`, `locale`, `enabledByDefault`, `urlFormat`, `nestedUrlFormat`, `dateCreated`, `dateUpdated`, `uid`) VALUES ('4', '3', 'it', '1', NULL, NULL, '2015-01-12 18:31:31', '2015-01-12 18:31:31', '7f72f1a6-46a5-4a5a-a4f2-3a22862b901f');
INSERT INTO `craft_sections_i18n` (`id`, `sectionId`, `locale`, `enabledByDefault`, `urlFormat`, `nestedUrlFormat`, `dateCreated`, `dateUpdated`, `uid`) VALUES ('5', '4', 'en_us', '1', NULL, NULL, '2015-01-12 22:19:55', '2015-01-12 22:19:55', 'c661f430-de9b-49f7-b4ce-6f098b464290');
INSERT INTO `craft_sections_i18n` (`id`, `sectionId`, `locale`, `enabledByDefault`, `urlFormat`, `nestedUrlFormat`, `dateCreated`, `dateUpdated`, `uid`) VALUES ('6', '4', 'it', '1', NULL, NULL, '2015-01-12 22:19:55', '2015-01-12 22:19:55', 'e62b98dd-43c7-42bb-92e7-96ca77385fd8');



DROP TABLE IF EXISTS `craft_sessions`;


--
-- Schema for table `craft_sessions`
--
CREATE TABLE `craft_sessions` (
  `id` int(11) NOT NULL AUTO_INCREMENT,
  `userId` int(11) NOT NULL,
  `token` char(100) COLLATE utf8_unicode_ci NOT NULL,
  `dateCreated` datetime NOT NULL,
  `dateUpdated` datetime NOT NULL,
  `uid` char(36) COLLATE utf8_unicode_ci NOT NULL DEFAULT '0',
  PRIMARY KEY (`id`),
  KEY `craft_sessions_uid_idx` (`uid`),
  KEY `craft_sessions_token_idx` (`token`),
  KEY `craft_sessions_dateUpdated_idx` (`dateUpdated`),
  KEY `craft_sessions_userId_fk` (`userId`)
) ENGINE=InnoDB AUTO_INCREMENT=11 DEFAULT CHARSET=utf8 COLLATE=utf8_unicode_ci;

DROP TABLE IF EXISTS `craft_shunnedmessages`;


--
-- Schema for table `craft_shunnedmessages`
--
CREATE TABLE `craft_shunnedmessages` (
  `id` int(11) NOT NULL AUTO_INCREMENT,
  `userId` int(11) NOT NULL,
  `message` varchar(255) COLLATE utf8_unicode_ci NOT NULL,
  `expiryDate` datetime DEFAULT NULL,
  `dateCreated` datetime NOT NULL,
  `dateUpdated` datetime NOT NULL,
  `uid` char(36) COLLATE utf8_unicode_ci NOT NULL DEFAULT '0',
  PRIMARY KEY (`id`),
  UNIQUE KEY `craft_shunnedmessages_userId_message_unq_idx` (`userId`,`message`)
) ENGINE=InnoDB DEFAULT CHARSET=utf8 COLLATE=utf8_unicode_ci;

DROP TABLE IF EXISTS `craft_structureelements`;


--
-- Schema for table `craft_structureelements`
--
CREATE TABLE `craft_structureelements` (
  `id` int(11) NOT NULL AUTO_INCREMENT,
  `structureId` int(11) NOT NULL,
  `elementId` int(11) DEFAULT NULL,
  `root` int(11) unsigned DEFAULT NULL,
  `lft` int(11) unsigned NOT NULL,
  `rgt` int(11) unsigned NOT NULL,
  `level` smallint(6) unsigned NOT NULL,
  `dateCreated` datetime NOT NULL,
  `dateUpdated` datetime NOT NULL,
  `uid` char(36) COLLATE utf8_unicode_ci NOT NULL DEFAULT '0',
  PRIMARY KEY (`id`),
  UNIQUE KEY `craft_structureelements_structureId_elementId_unq_idx` (`structureId`,`elementId`),
  KEY `craft_structureelements_root_idx` (`root`),
  KEY `craft_structureelements_lft_idx` (`lft`),
  KEY `craft_structureelements_rgt_idx` (`rgt`),
  KEY `craft_structureelements_level_idx` (`level`),
  KEY `craft_structureelements_elementId_fk` (`elementId`)
) ENGINE=InnoDB AUTO_INCREMENT=14 DEFAULT CHARSET=utf8 COLLATE=utf8_unicode_ci;

--
-- Data for table `craft_structureelements`
--

INSERT INTO `craft_structureelements` (`id`, `structureId`, `elementId`, `root`, `lft`, `rgt`, `level`, `dateCreated`, `dateUpdated`, `uid`) VALUES ('1', '1', NULL, '1', '1', '14', '0', '2015-01-12 18:58:59', '2015-01-12 18:58:59', '8bc8d614-114a-4fa8-8853-8ae8ad10aa60');
INSERT INTO `craft_structureelements` (`id`, `structureId`, `elementId`, `root`, `lft`, `rgt`, `level`, `dateCreated`, `dateUpdated`, `uid`) VALUES ('2', '1', '6', '1', '2', '3', '1', '2015-01-12 18:58:59', '2015-01-12 18:58:59', 'e5570ac2-4654-4b69-97c4-85e2f5492231');
INSERT INTO `craft_structureelements` (`id`, `structureId`, `elementId`, `root`, `lft`, `rgt`, `level`, `dateCreated`, `dateUpdated`, `uid`) VALUES ('3', '2', NULL, '3', '1', '12', '0', '2015-01-12 22:24:03', '2015-01-12 22:24:03', '96124691-9eff-4091-96dd-ea12b472af28');
INSERT INTO `craft_structureelements` (`id`, `structureId`, `elementId`, `root`, `lft`, `rgt`, `level`, `dateCreated`, `dateUpdated`, `uid`) VALUES ('4', '2', '9', '3', '2', '3', '1', '2015-01-12 22:24:03', '2015-01-12 22:24:03', 'cda6be0e-90cd-4d6a-a207-88703b4202d3');
INSERT INTO `craft_structureelements` (`id`, `structureId`, `elementId`, `root`, `lft`, `rgt`, `level`, `dateCreated`, `dateUpdated`, `uid`) VALUES ('5', '2', '13', '3', '4', '5', '1', '2015-01-12 23:28:53', '2015-01-12 23:28:53', 'c2c66c2e-8a70-4a13-a7b1-e33851236f99');
INSERT INTO `craft_structureelements` (`id`, `structureId`, `elementId`, `root`, `lft`, `rgt`, `level`, `dateCreated`, `dateUpdated`, `uid`) VALUES ('6', '2', '16', '3', '6', '7', '1', '2015-01-12 23:36:06', '2015-01-12 23:36:06', 'ffbb3646-1c56-43ca-b4b3-989c82db9965');
INSERT INTO `craft_structureelements` (`id`, `structureId`, `elementId`, `root`, `lft`, `rgt`, `level`, `dateCreated`, `dateUpdated`, `uid`) VALUES ('7', '2', '19', '3', '8', '9', '1', '2015-01-12 23:36:56', '2015-01-12 23:36:56', 'dc03906c-0c4d-40f9-ae42-a02f0d52e048');
INSERT INTO `craft_structureelements` (`id`, `structureId`, `elementId`, `root`, `lft`, `rgt`, `level`, `dateCreated`, `dateUpdated`, `uid`) VALUES ('8', '2', '22', '3', '10', '11', '1', '2015-01-12 23:37:53', '2015-01-12 23:37:53', '5fd7a744-f122-4e4d-aaf4-1ead88fc5c9b');
INSERT INTO `craft_structureelements` (`id`, `structureId`, `elementId`, `root`, `lft`, `rgt`, `level`, `dateCreated`, `dateUpdated`, `uid`) VALUES ('9', '1', '29', '1', '4', '5', '1', '2015-01-13 03:12:19', '2015-01-13 03:12:19', '5209a28c-fd7d-4558-807a-378c5e8c4cf4');
INSERT INTO `craft_structureelements` (`id`, `structureId`, `elementId`, `root`, `lft`, `rgt`, `level`, `dateCreated`, `dateUpdated`, `uid`) VALUES ('10', '1', '42', '1', '6', '7', '1', '2015-01-14 17:42:46', '2015-01-14 17:42:46', '10979fe3-2f95-42f7-89b6-3fabb06b5e05');
INSERT INTO `craft_structureelements` (`id`, `structureId`, `elementId`, `root`, `lft`, `rgt`, `level`, `dateCreated`, `dateUpdated`, `uid`) VALUES ('11', '1', '44', '1', '8', '9', '1', '2015-01-14 17:43:38', '2015-01-14 17:43:38', '3db262e5-ba0b-4694-a797-9c135796f702');
INSERT INTO `craft_structureelements` (`id`, `structureId`, `elementId`, `root`, `lft`, `rgt`, `level`, `dateCreated`, `dateUpdated`, `uid`) VALUES ('12', '1', '46', '1', '10', '11', '1', '2015-01-14 17:44:34', '2015-01-14 17:44:34', '85d94534-c1b0-47aa-add5-97e4fb8490e6');
INSERT INTO `craft_structureelements` (`id`, `structureId`, `elementId`, `root`, `lft`, `rgt`, `level`, `dateCreated`, `dateUpdated`, `uid`) VALUES ('13', '1', '48', '1', '12', '13', '1', '2015-01-14 17:46:00', '2015-01-14 17:46:00', '217c9b05-0227-4ef7-8a96-2b43edcfe206');



DROP TABLE IF EXISTS `craft_structures`;


--
-- Schema for table `craft_structures`
--
CREATE TABLE `craft_structures` (
  `id` int(11) NOT NULL AUTO_INCREMENT,
  `maxLevels` smallint(6) unsigned DEFAULT NULL,
  `dateCreated` datetime NOT NULL,
  `dateUpdated` datetime NOT NULL,
  `uid` char(36) COLLATE utf8_unicode_ci NOT NULL DEFAULT '0',
  PRIMARY KEY (`id`)
) ENGINE=InnoDB AUTO_INCREMENT=3 DEFAULT CHARSET=utf8 COLLATE=utf8_unicode_ci;

--
-- Data for table `craft_structures`
--

INSERT INTO `craft_structures` (`id`, `maxLevels`, `dateCreated`, `dateUpdated`, `uid`) VALUES ('1', NULL, '2015-01-12 18:31:31', '2015-01-12 18:31:31', '94a18ec3-ad6f-4015-a767-5ca05e37976c');
INSERT INTO `craft_structures` (`id`, `maxLevels`, `dateCreated`, `dateUpdated`, `uid`) VALUES ('2', NULL, '2015-01-12 22:19:55', '2015-01-12 22:19:55', 'eb36e359-1587-40c7-a322-e53bb1e6c406');



DROP TABLE IF EXISTS `craft_systemsettings`;


--
-- Schema for table `craft_systemsettings`
--
CREATE TABLE `craft_systemsettings` (
  `id` int(11) NOT NULL AUTO_INCREMENT,
  `category` varchar(15) COLLATE utf8_unicode_ci NOT NULL,
  `settings` text COLLATE utf8_unicode_ci,
  `dateCreated` datetime NOT NULL,
  `dateUpdated` datetime NOT NULL,
  `uid` char(36) COLLATE utf8_unicode_ci NOT NULL DEFAULT '0',
  PRIMARY KEY (`id`),
  UNIQUE KEY `craft_systemsettings_category_unq_idx` (`category`)
) ENGINE=InnoDB AUTO_INCREMENT=2 DEFAULT CHARSET=utf8 COLLATE=utf8_unicode_ci;

--
-- Data for table `craft_systemsettings`
--

INSERT INTO `craft_systemsettings` (`id`, `category`, `settings`, `dateCreated`, `dateUpdated`, `uid`) VALUES ('1', 'email', '{\"template\":\"\",\"protocol\":\"php\",\"emailAddress\":\"andy@bletchley.co\",\"senderName\":\"Poggio La Noce\"}', '2015-01-09 19:54:28', '2015-01-14 23:16:29', '5596e6d6-fe66-4d11-a968-9bfda159f04e');



DROP TABLE IF EXISTS `craft_taggroups`;


--
-- Schema for table `craft_taggroups`
--
CREATE TABLE `craft_taggroups` (
  `id` int(11) NOT NULL AUTO_INCREMENT,
  `name` varchar(255) COLLATE utf8_unicode_ci NOT NULL,
  `handle` varchar(255) COLLATE utf8_unicode_ci NOT NULL,
  `fieldLayoutId` int(10) DEFAULT NULL,
  `dateCreated` datetime NOT NULL,
  `dateUpdated` datetime NOT NULL,
  `uid` char(36) COLLATE utf8_unicode_ci NOT NULL DEFAULT '0',
  PRIMARY KEY (`id`),
  UNIQUE KEY `craft_taggroups_name_unq_idx` (`name`),
  UNIQUE KEY `craft_taggroups_handle_unq_idx` (`handle`),
  KEY `craft_taggroups_fieldLayoutId_fk` (`fieldLayoutId`)
) ENGINE=InnoDB AUTO_INCREMENT=2 DEFAULT CHARSET=utf8 COLLATE=utf8_unicode_ci;

--
-- Data for table `craft_taggroups`
--

INSERT INTO `craft_taggroups` (`id`, `name`, `handle`, `fieldLayoutId`, `dateCreated`, `dateUpdated`, `uid`) VALUES ('1', 'Default', 'default', '1', '2015-01-09 19:54:28', '2015-01-09 19:54:28', '60972ff9-d3be-45fa-aca7-c2a5b7fdf4db');



DROP TABLE IF EXISTS `craft_tags`;


--
-- Schema for table `craft_tags`
--
CREATE TABLE `craft_tags` (
  `id` int(11) NOT NULL,
  `groupId` int(11) NOT NULL,
  `dateCreated` datetime NOT NULL,
  `dateUpdated` datetime NOT NULL,
  `uid` char(36) COLLATE utf8_unicode_ci NOT NULL DEFAULT '0',
  PRIMARY KEY (`id`),
  KEY `craft_tags_groupId_fk` (`groupId`)
) ENGINE=InnoDB DEFAULT CHARSET=utf8 COLLATE=utf8_unicode_ci;

DROP TABLE IF EXISTS `craft_tasks`;


--
-- Schema for table `craft_tasks`
--
CREATE TABLE `craft_tasks` (
  `id` int(11) NOT NULL AUTO_INCREMENT,
  `root` int(11) unsigned DEFAULT NULL,
  `lft` int(11) unsigned NOT NULL,
  `rgt` int(11) unsigned NOT NULL,
  `level` smallint(6) unsigned NOT NULL,
  `currentStep` int(11) unsigned DEFAULT NULL,
  `totalSteps` int(11) unsigned DEFAULT NULL,
  `status` enum('pending','error','running') COLLATE utf8_unicode_ci DEFAULT NULL,
  `type` varchar(150) COLLATE utf8_unicode_ci NOT NULL,
  `description` varchar(255) COLLATE utf8_unicode_ci DEFAULT NULL,
  `settings` text COLLATE utf8_unicode_ci,
  `dateCreated` datetime NOT NULL,
  `dateUpdated` datetime NOT NULL,
  `uid` char(36) COLLATE utf8_unicode_ci NOT NULL DEFAULT '0',
  PRIMARY KEY (`id`),
  KEY `craft_tasks_root_idx` (`root`),
  KEY `craft_tasks_lft_idx` (`lft`),
  KEY `craft_tasks_rgt_idx` (`rgt`),
  KEY `craft_tasks_level_idx` (`level`)
) ENGINE=InnoDB AUTO_INCREMENT=19 DEFAULT CHARSET=utf8 COLLATE=utf8_unicode_ci;

DROP TABLE IF EXISTS `craft_templatecachecriteria`;


--
-- Schema for table `craft_templatecachecriteria`
--
CREATE TABLE `craft_templatecachecriteria` (
  `id` int(11) NOT NULL AUTO_INCREMENT,
  `cacheId` int(11) NOT NULL,
  `type` varchar(150) COLLATE utf8_unicode_ci NOT NULL,
  `criteria` text COLLATE utf8_unicode_ci NOT NULL,
  PRIMARY KEY (`id`),
  KEY `craft_templatecachecriteria_cacheId_fk` (`cacheId`),
  KEY `craft_templatecachecriteria_type_idx` (`type`)
) ENGINE=InnoDB DEFAULT CHARSET=utf8 COLLATE=utf8_unicode_ci;

DROP TABLE IF EXISTS `craft_templatecacheelements`;


--
-- Schema for table `craft_templatecacheelements`
--
CREATE TABLE `craft_templatecacheelements` (
  `cacheId` int(11) NOT NULL,
  `elementId` int(11) NOT NULL,
  KEY `craft_templatecacheelements_cacheId_fk` (`cacheId`),
  KEY `craft_templatecacheelements_elementId_fk` (`elementId`)
) ENGINE=InnoDB DEFAULT CHARSET=utf8 COLLATE=utf8_unicode_ci;

DROP TABLE IF EXISTS `craft_templatecaches`;


--
-- Schema for table `craft_templatecaches`
--
CREATE TABLE `craft_templatecaches` (
  `id` int(11) NOT NULL AUTO_INCREMENT,
  `cacheKey` varchar(255) COLLATE utf8_unicode_ci NOT NULL,
  `locale` char(12) COLLATE utf8_unicode_ci NOT NULL,
  `path` varchar(255) COLLATE utf8_unicode_ci DEFAULT NULL,
  `expiryDate` datetime NOT NULL,
  `body` mediumtext COLLATE utf8_unicode_ci NOT NULL,
  PRIMARY KEY (`id`),
  KEY `craft_templatecaches_expiryDate_cacheKey_locale_path_idx` (`expiryDate`,`cacheKey`,`locale`,`path`),
  KEY `craft_templatecaches_locale_fk` (`locale`)
) ENGINE=InnoDB DEFAULT CHARSET=utf8 COLLATE=utf8_unicode_ci;

DROP TABLE IF EXISTS `craft_tokens`;


--
-- Schema for table `craft_tokens`
--
CREATE TABLE `craft_tokens` (
  `id` int(11) NOT NULL AUTO_INCREMENT,
  `token` char(32) COLLATE utf8_unicode_ci NOT NULL,
  `route` text COLLATE utf8_unicode_ci,
  `usageLimit` tinyint(3) unsigned DEFAULT NULL,
  `usageCount` tinyint(3) unsigned DEFAULT NULL,
  `expiryDate` datetime NOT NULL,
  `dateCreated` datetime NOT NULL,
  `dateUpdated` datetime NOT NULL,
  `uid` char(36) COLLATE utf8_unicode_ci NOT NULL DEFAULT '0',
  PRIMARY KEY (`id`),
  UNIQUE KEY `craft_tokens_token_unq_idx` (`token`),
  KEY `craft_tokens_expiryDate_idx` (`expiryDate`)
) ENGINE=InnoDB DEFAULT CHARSET=utf8 COLLATE=utf8_unicode_ci;

DROP TABLE IF EXISTS `craft_usergroups`;


--
-- Schema for table `craft_usergroups`
--
CREATE TABLE `craft_usergroups` (
  `id` int(11) NOT NULL AUTO_INCREMENT,
  `name` varchar(255) COLLATE utf8_unicode_ci NOT NULL,
  `handle` varchar(255) COLLATE utf8_unicode_ci NOT NULL,
  `dateCreated` datetime NOT NULL,
  `dateUpdated` datetime NOT NULL,
  `uid` char(36) COLLATE utf8_unicode_ci NOT NULL DEFAULT '0',
  PRIMARY KEY (`id`)
) ENGINE=InnoDB DEFAULT CHARSET=utf8 COLLATE=utf8_unicode_ci;

DROP TABLE IF EXISTS `craft_usergroups_users`;


--
-- Schema for table `craft_usergroups_users`
--
CREATE TABLE `craft_usergroups_users` (
  `id` int(11) NOT NULL AUTO_INCREMENT,
  `groupId` int(11) NOT NULL,
  `userId` int(11) NOT NULL,
  `dateCreated` datetime NOT NULL,
  `dateUpdated` datetime NOT NULL,
  `uid` char(36) COLLATE utf8_unicode_ci NOT NULL DEFAULT '0',
  PRIMARY KEY (`id`),
  UNIQUE KEY `craft_usergroups_users_groupId_userId_unq_idx` (`groupId`,`userId`),
  KEY `craft_usergroups_users_userId_fk` (`userId`)
) ENGINE=InnoDB DEFAULT CHARSET=utf8 COLLATE=utf8_unicode_ci;

DROP TABLE IF EXISTS `craft_userpermissions`;


--
-- Schema for table `craft_userpermissions`
--
CREATE TABLE `craft_userpermissions` (
  `id` int(11) NOT NULL AUTO_INCREMENT,
  `name` varchar(255) COLLATE utf8_unicode_ci NOT NULL,
  `dateCreated` datetime NOT NULL,
  `dateUpdated` datetime NOT NULL,
  `uid` char(36) COLLATE utf8_unicode_ci NOT NULL DEFAULT '0',
  PRIMARY KEY (`id`),
  UNIQUE KEY `craft_userpermissions_name_unq_idx` (`name`)
) ENGINE=InnoDB DEFAULT CHARSET=utf8 COLLATE=utf8_unicode_ci;

DROP TABLE IF EXISTS `craft_userpermissions_usergroups`;


--
-- Schema for table `craft_userpermissions_usergroups`
--
CREATE TABLE `craft_userpermissions_usergroups` (
  `id` int(11) NOT NULL AUTO_INCREMENT,
  `permissionId` int(11) NOT NULL,
  `groupId` int(11) NOT NULL,
  `dateCreated` datetime NOT NULL,
  `dateUpdated` datetime NOT NULL,
  `uid` char(36) COLLATE utf8_unicode_ci NOT NULL DEFAULT '0',
  PRIMARY KEY (`id`),
  UNIQUE KEY `craft_userpermissions_usergroups_permissionId_groupId_unq_idx` (`permissionId`,`groupId`),
  KEY `craft_userpermissions_usergroups_groupId_fk` (`groupId`)
) ENGINE=InnoDB DEFAULT CHARSET=utf8 COLLATE=utf8_unicode_ci;

DROP TABLE IF EXISTS `craft_userpermissions_users`;


--
-- Schema for table `craft_userpermissions_users`
--
CREATE TABLE `craft_userpermissions_users` (
  `id` int(11) NOT NULL AUTO_INCREMENT,
  `permissionId` int(11) NOT NULL,
  `userId` int(11) NOT NULL,
  `dateCreated` datetime NOT NULL,
  `dateUpdated` datetime NOT NULL,
  `uid` char(36) COLLATE utf8_unicode_ci NOT NULL DEFAULT '0',
  PRIMARY KEY (`id`),
  UNIQUE KEY `craft_userpermissions_users_permissionId_userId_unq_idx` (`permissionId`,`userId`),
  KEY `craft_userpermissions_users_userId_fk` (`userId`)
) ENGINE=InnoDB DEFAULT CHARSET=utf8 COLLATE=utf8_unicode_ci;

DROP TABLE IF EXISTS `craft_users`;


--
-- Schema for table `craft_users`
--
CREATE TABLE `craft_users` (
  `id` int(11) NOT NULL,
  `username` varchar(100) COLLATE utf8_unicode_ci NOT NULL,
  `photo` varchar(50) COLLATE utf8_unicode_ci DEFAULT NULL,
  `firstName` varchar(100) COLLATE utf8_unicode_ci DEFAULT NULL,
  `lastName` varchar(100) COLLATE utf8_unicode_ci DEFAULT NULL,
  `email` varchar(255) COLLATE utf8_unicode_ci NOT NULL,
  `password` char(255) COLLATE utf8_unicode_ci DEFAULT NULL,
  `preferredLocale` char(12) COLLATE utf8_unicode_ci DEFAULT NULL,
  `weekStartDay` tinyint(1) unsigned NOT NULL DEFAULT '0',
  `admin` tinyint(1) unsigned NOT NULL DEFAULT '0',
  `client` tinyint(1) unsigned NOT NULL DEFAULT '0',
  `locked` tinyint(1) unsigned NOT NULL DEFAULT '0',
  `suspended` tinyint(1) unsigned NOT NULL DEFAULT '0',
  `pending` tinyint(1) unsigned NOT NULL DEFAULT '0',
  `archived` tinyint(1) unsigned NOT NULL DEFAULT '0',
  `lastLoginDate` datetime DEFAULT NULL,
  `lastLoginAttemptIPAddress` varchar(45) COLLATE utf8_unicode_ci DEFAULT NULL,
  `invalidLoginWindowStart` datetime DEFAULT NULL,
  `invalidLoginCount` tinyint(4) unsigned DEFAULT NULL,
  `lastInvalidLoginDate` datetime DEFAULT NULL,
  `lockoutDate` datetime DEFAULT NULL,
  `verificationCode` char(100) COLLATE utf8_unicode_ci DEFAULT NULL,
  `verificationCodeIssuedDate` datetime DEFAULT NULL,
  `unverifiedEmail` varchar(255) COLLATE utf8_unicode_ci DEFAULT NULL,
  `passwordResetRequired` tinyint(1) unsigned NOT NULL DEFAULT '0',
  `lastPasswordChangeDate` datetime DEFAULT NULL,
  `dateCreated` datetime NOT NULL,
  `dateUpdated` datetime NOT NULL,
  `uid` char(36) COLLATE utf8_unicode_ci NOT NULL DEFAULT '0',
  PRIMARY KEY (`id`),
  UNIQUE KEY `craft_users_username_unq_idx` (`username`),
  UNIQUE KEY `craft_users_email_unq_idx` (`email`),
  KEY `craft_users_verificationCode_idx` (`verificationCode`),
  KEY `craft_users_uid_idx` (`uid`),
  KEY `craft_users_preferredLocale_fk` (`preferredLocale`)
) ENGINE=InnoDB DEFAULT CHARSET=utf8 COLLATE=utf8_unicode_ci;

--
-- Data for table `craft_users`
--

INSERT INTO `craft_users` (`id`, `username`, `photo`, `firstName`, `lastName`, `email`, `password`, `preferredLocale`, `weekStartDay`, `admin`, `client`, `locked`, `suspended`, `pending`, `archived`, `lastLoginDate`, `lastLoginAttemptIPAddress`, `invalidLoginWindowStart`, `invalidLoginCount`, `lastInvalidLoginDate`, `lockoutDate`, `verificationCode`, `verificationCodeIssuedDate`, `unverifiedEmail`, `passwordResetRequired`, `lastPasswordChangeDate`, `dateCreated`, `dateUpdated`, `uid`) VALUES ('1', 'poggio', NULL, '', '', 'andy@bletchley.co', '$2a$13$oeBNQSJNms.BOqNj3suKGecaIwcSEiCVrayG4yQN5AHhsxe1L6VKa', NULL, '0', '1', '0', '0', '0', '0', '0', '2015-01-14 22:18:50', '127.0.0.1', NULL, NULL, NULL, NULL, NULL, NULL, NULL, '0', '2015-01-09 19:56:04', '2015-01-09 19:54:27', '2015-01-14 22:18:50', 'a375664d-9e8e-4178-bec5-1e2137f173de');



DROP TABLE IF EXISTS `craft_widgets`;


--
-- Schema for table `craft_widgets`
--
CREATE TABLE `craft_widgets` (
  `id` int(11) NOT NULL AUTO_INCREMENT,
  `userId` int(11) NOT NULL,
  `type` varchar(150) COLLATE utf8_unicode_ci NOT NULL,
  `sortOrder` tinyint(4) DEFAULT NULL,
  `settings` text COLLATE utf8_unicode_ci,
  `enabled` tinyint(1) unsigned NOT NULL DEFAULT '1',
  `dateCreated` datetime NOT NULL,
  `dateUpdated` datetime NOT NULL,
  `uid` char(36) COLLATE utf8_unicode_ci NOT NULL DEFAULT '0',
  PRIMARY KEY (`id`),
  KEY `craft_widgets_userId_fk` (`userId`)
) ENGINE=InnoDB AUTO_INCREMENT=5 DEFAULT CHARSET=utf8 COLLATE=utf8_unicode_ci;

--
-- Data for table `craft_widgets`
--

INSERT INTO `craft_widgets` (`id`, `userId`, `type`, `sortOrder`, `settings`, `enabled`, `dateCreated`, `dateUpdated`, `uid`) VALUES ('1', '1', 'RecentEntries', '1', NULL, '1', '2015-01-09 19:55:40', '2015-01-09 19:55:40', '1d277c4a-00af-4b82-8120-3cdfd306b8f4');
INSERT INTO `craft_widgets` (`id`, `userId`, `type`, `sortOrder`, `settings`, `enabled`, `dateCreated`, `dateUpdated`, `uid`) VALUES ('2', '1', 'GetHelp', '2', NULL, '1', '2015-01-09 19:55:40', '2015-01-09 19:55:40', '02a8086b-333e-4951-864c-d7e6a2a5674e');
INSERT INTO `craft_widgets` (`id`, `userId`, `type`, `sortOrder`, `settings`, `enabled`, `dateCreated`, `dateUpdated`, `uid`) VALUES ('3', '1', 'Updates', '3', NULL, '1', '2015-01-09 19:55:40', '2015-01-09 19:55:40', 'f73c297e-6f3f-462a-8761-8c14a6986e4a');
INSERT INTO `craft_widgets` (`id`, `userId`, `type`, `sortOrder`, `settings`, `enabled`, `dateCreated`, `dateUpdated`, `uid`) VALUES ('4', '1', 'Feed', '4', '{\"url\":\"http:\\/\\/feeds.feedburner.com\\/blogandtonic\",\"title\":\"Blog & Tonic\"}', '1', '2015-01-09 19:55:40', '2015-01-09 19:55:40', '9c2044ea-8b2d-44a7-9a1a-38cdfd9daaba');


--
-- Constraints for tables
--


--
-- Constraints for table `craft_assetfiles`
--
ALTER TABLE `craft_assetfiles`
	ADD CONSTRAINT `craft_assetfiles_folderId_fk` FOREIGN KEY (`folderId`) REFERENCES `craft_assetfolders` (`id`) ON DELETE CASCADE,
	ADD CONSTRAINT `craft_assetfiles_id_fk` FOREIGN KEY (`id`) REFERENCES `craft_elements` (`id`) ON DELETE CASCADE,
	ADD CONSTRAINT `craft_assetfiles_sourceId_fk` FOREIGN KEY (`sourceId`) REFERENCES `craft_assetsources` (`id`) ON DELETE CASCADE;

--
-- Constraints for table `craft_assetfolders`
--
ALTER TABLE `craft_assetfolders`
	ADD CONSTRAINT `craft_assetfolders_parentId_fk` FOREIGN KEY (`parentId`) REFERENCES `craft_assetfolders` (`id`) ON DELETE CASCADE,
	ADD CONSTRAINT `craft_assetfolders_sourceId_fk` FOREIGN KEY (`sourceId`) REFERENCES `craft_assetsources` (`id`) ON DELETE CASCADE;

--
-- Constraints for table `craft_assetindexdata`
--
ALTER TABLE `craft_assetindexdata`
	ADD CONSTRAINT `craft_assetindexdata_sourceId_fk` FOREIGN KEY (`sourceId`) REFERENCES `craft_assetsources` (`id`) ON DELETE CASCADE;

--
-- Constraints for table `craft_assetsources`
--
ALTER TABLE `craft_assetsources`
	ADD CONSTRAINT `craft_assetsources_fieldLayoutId_fk` FOREIGN KEY (`fieldLayoutId`) REFERENCES `craft_fieldlayouts` (`id`) ON DELETE SET NULL;

--
-- Constraints for table `craft_categories`
--
ALTER TABLE `craft_categories`
	ADD CONSTRAINT `craft_categories_groupId_fk` FOREIGN KEY (`groupId`) REFERENCES `craft_categorygroups` (`id`) ON DELETE CASCADE,
	ADD CONSTRAINT `craft_categories_id_fk` FOREIGN KEY (`id`) REFERENCES `craft_elements` (`id`) ON DELETE CASCADE;

--
-- Constraints for table `craft_categorygroups`
--
ALTER TABLE `craft_categorygroups`
	ADD CONSTRAINT `craft_categorygroups_fieldLayoutId_fk` FOREIGN KEY (`fieldLayoutId`) REFERENCES `craft_fieldlayouts` (`id`) ON DELETE SET NULL,
	ADD CONSTRAINT `craft_categorygroups_structureId_fk` FOREIGN KEY (`structureId`) REFERENCES `craft_structures` (`id`) ON DELETE CASCADE;

--
-- Constraints for table `craft_categorygroups_i18n`
--
ALTER TABLE `craft_categorygroups_i18n`
	ADD CONSTRAINT `craft_categorygroups_i18n_groupId_fk` FOREIGN KEY (`groupId`) REFERENCES `craft_categorygroups` (`id`) ON DELETE CASCADE,
	ADD CONSTRAINT `craft_categorygroups_i18n_locale_fk` FOREIGN KEY (`locale`) REFERENCES `craft_locales` (`locale`) ON DELETE CASCADE ON UPDATE CASCADE;

--
-- Constraints for table `craft_content`
--
ALTER TABLE `craft_content`
	ADD CONSTRAINT `craft_content_elementId_fk` FOREIGN KEY (`elementId`) REFERENCES `craft_elements` (`id`) ON DELETE CASCADE,
	ADD CONSTRAINT `craft_content_locale_fk` FOREIGN KEY (`locale`) REFERENCES `craft_locales` (`locale`) ON DELETE CASCADE ON UPDATE CASCADE;

--
-- Constraints for table `craft_elements_i18n`
--
ALTER TABLE `craft_elements_i18n`
	ADD CONSTRAINT `craft_elements_i18n_elementId_fk` FOREIGN KEY (`elementId`) REFERENCES `craft_elements` (`id`) ON DELETE CASCADE,
	ADD CONSTRAINT `craft_elements_i18n_locale_fk` FOREIGN KEY (`locale`) REFERENCES `craft_locales` (`locale`) ON DELETE CASCADE ON UPDATE CASCADE;

--
-- Constraints for table `craft_emailmessages`
--
ALTER TABLE `craft_emailmessages`
	ADD CONSTRAINT `craft_emailmessages_locale_fk` FOREIGN KEY (`locale`) REFERENCES `craft_locales` (`locale`) ON DELETE CASCADE ON UPDATE CASCADE;

--
-- Constraints for table `craft_entries`
--
ALTER TABLE `craft_entries`
	ADD CONSTRAINT `craft_entries_authorId_fk` FOREIGN KEY (`authorId`) REFERENCES `craft_users` (`id`) ON DELETE CASCADE,
	ADD CONSTRAINT `craft_entries_id_fk` FOREIGN KEY (`id`) REFERENCES `craft_elements` (`id`) ON DELETE CASCADE,
	ADD CONSTRAINT `craft_entries_sectionId_fk` FOREIGN KEY (`sectionId`) REFERENCES `craft_sections` (`id`) ON DELETE CASCADE,
	ADD CONSTRAINT `craft_entries_typeId_fk` FOREIGN KEY (`typeId`) REFERENCES `craft_entrytypes` (`id`) ON DELETE CASCADE;

--
-- Constraints for table `craft_entrydrafts`
--
ALTER TABLE `craft_entrydrafts`
	ADD CONSTRAINT `craft_entrydrafts_creatorId_fk` FOREIGN KEY (`creatorId`) REFERENCES `craft_users` (`id`) ON DELETE CASCADE,
	ADD CONSTRAINT `craft_entrydrafts_entryId_fk` FOREIGN KEY (`entryId`) REFERENCES `craft_entries` (`id`) ON DELETE CASCADE,
	ADD CONSTRAINT `craft_entrydrafts_locale_fk` FOREIGN KEY (`locale`) REFERENCES `craft_locales` (`locale`) ON DELETE CASCADE ON UPDATE CASCADE,
	ADD CONSTRAINT `craft_entrydrafts_sectionId_fk` FOREIGN KEY (`sectionId`) REFERENCES `craft_sections` (`id`) ON DELETE CASCADE;

--
-- Constraints for table `craft_entrytypes`
--
ALTER TABLE `craft_entrytypes`
	ADD CONSTRAINT `craft_entrytypes_fieldLayoutId_fk` FOREIGN KEY (`fieldLayoutId`) REFERENCES `craft_fieldlayouts` (`id`) ON DELETE SET NULL,
	ADD CONSTRAINT `craft_entrytypes_sectionId_fk` FOREIGN KEY (`sectionId`) REFERENCES `craft_sections` (`id`) ON DELETE CASCADE;

--
-- Constraints for table `craft_entryversions`
--
ALTER TABLE `craft_entryversions`
	ADD CONSTRAINT `craft_entryversions_creatorId_fk` FOREIGN KEY (`creatorId`) REFERENCES `craft_users` (`id`) ON DELETE SET NULL,
	ADD CONSTRAINT `craft_entryversions_entryId_fk` FOREIGN KEY (`entryId`) REFERENCES `craft_entries` (`id`) ON DELETE CASCADE,
	ADD CONSTRAINT `craft_entryversions_locale_fk` FOREIGN KEY (`locale`) REFERENCES `craft_locales` (`locale`) ON DELETE CASCADE ON UPDATE CASCADE,
	ADD CONSTRAINT `craft_entryversions_sectionId_fk` FOREIGN KEY (`sectionId`) REFERENCES `craft_sections` (`id`) ON DELETE CASCADE;

--
-- Constraints for table `craft_fieldlayoutfields`
--
ALTER TABLE `craft_fieldlayoutfields`
	ADD CONSTRAINT `craft_fieldlayoutfields_fieldId_fk` FOREIGN KEY (`fieldId`) REFERENCES `craft_fields` (`id`) ON DELETE CASCADE,
	ADD CONSTRAINT `craft_fieldlayoutfields_layoutId_fk` FOREIGN KEY (`layoutId`) REFERENCES `craft_fieldlayouts` (`id`) ON DELETE CASCADE,
	ADD CONSTRAINT `craft_fieldlayoutfields_tabId_fk` FOREIGN KEY (`tabId`) REFERENCES `craft_fieldlayouttabs` (`id`) ON DELETE CASCADE;

--
-- Constraints for table `craft_fieldlayouttabs`
--
ALTER TABLE `craft_fieldlayouttabs`
	ADD CONSTRAINT `craft_fieldlayouttabs_layoutId_fk` FOREIGN KEY (`layoutId`) REFERENCES `craft_fieldlayouts` (`id`) ON DELETE CASCADE;

--
-- Constraints for table `craft_fields`
--
ALTER TABLE `craft_fields`
	ADD CONSTRAINT `craft_fields_groupId_fk` FOREIGN KEY (`groupId`) REFERENCES `craft_fieldgroups` (`id`) ON DELETE CASCADE;

--
-- Constraints for table `craft_globalsets`
--
ALTER TABLE `craft_globalsets`
	ADD CONSTRAINT `craft_globalsets_fieldLayoutId_fk` FOREIGN KEY (`fieldLayoutId`) REFERENCES `craft_fieldlayouts` (`id`) ON DELETE SET NULL,
	ADD CONSTRAINT `craft_globalsets_id_fk` FOREIGN KEY (`id`) REFERENCES `craft_elements` (`id`) ON DELETE CASCADE;

--
-- Constraints for table `craft_matrixblocks`
--
ALTER TABLE `craft_matrixblocks`
	ADD CONSTRAINT `craft_matrixblocks_fieldId_fk` FOREIGN KEY (`fieldId`) REFERENCES `craft_fields` (`id`) ON DELETE CASCADE,
	ADD CONSTRAINT `craft_matrixblocks_id_fk` FOREIGN KEY (`id`) REFERENCES `craft_elements` (`id`) ON DELETE CASCADE,
	ADD CONSTRAINT `craft_matrixblocks_ownerId_fk` FOREIGN KEY (`ownerId`) REFERENCES `craft_elements` (`id`) ON DELETE CASCADE,
	ADD CONSTRAINT `craft_matrixblocks_ownerLocale_fk` FOREIGN KEY (`ownerLocale`) REFERENCES `craft_locales` (`locale`) ON DELETE CASCADE ON UPDATE CASCADE,
	ADD CONSTRAINT `craft_matrixblocks_typeId_fk` FOREIGN KEY (`typeId`) REFERENCES `craft_matrixblocktypes` (`id`) ON DELETE CASCADE;

--
-- Constraints for table `craft_matrixblocktypes`
--
ALTER TABLE `craft_matrixblocktypes`
	ADD CONSTRAINT `craft_matrixblocktypes_fieldId_fk` FOREIGN KEY (`fieldId`) REFERENCES `craft_fields` (`id`) ON DELETE CASCADE,
	ADD CONSTRAINT `craft_matrixblocktypes_fieldLayoutId_fk` FOREIGN KEY (`fieldLayoutId`) REFERENCES `craft_fieldlayouts` (`id`) ON DELETE SET NULL;

--
-- Constraints for table `craft_matrixcontent_pagebanner`
--
ALTER TABLE `craft_matrixcontent_pagebanner`
	ADD CONSTRAINT `craft_matrixcontent_pagebanner_elementId_fk` FOREIGN KEY (`elementId`) REFERENCES `craft_elements` (`id`) ON DELETE CASCADE,
	ADD CONSTRAINT `craft_matrixcontent_pagebanner_locale_fk` FOREIGN KEY (`locale`) REFERENCES `craft_locales` (`locale`) ON DELETE CASCADE ON UPDATE CASCADE;

--
-- Constraints for table `craft_matrixcontent_winespecifications`
--
ALTER TABLE `craft_matrixcontent_winespecifications`
	ADD CONSTRAINT `craft_matrixcontent_winespecifications_elementId_fk` FOREIGN KEY (`elementId`) REFERENCES `craft_elements` (`id`) ON DELETE CASCADE,
	ADD CONSTRAINT `craft_matrixcontent_winespecifications_locale_fk` FOREIGN KEY (`locale`) REFERENCES `craft_locales` (`locale`) ON DELETE CASCADE ON UPDATE CASCADE;

--
-- Constraints for table `craft_migrations`
--
ALTER TABLE `craft_migrations`
	ADD CONSTRAINT `craft_migrations_pluginId_fk` FOREIGN KEY (`pluginId`) REFERENCES `craft_plugins` (`id`) ON DELETE CASCADE;

--
-- Constraints for table `craft_relations`
--
ALTER TABLE `craft_relations`
	ADD CONSTRAINT `craft_relations_fieldId_fk` FOREIGN KEY (`fieldId`) REFERENCES `craft_fields` (`id`) ON DELETE CASCADE,
	ADD CONSTRAINT `craft_relations_sourceId_fk` FOREIGN KEY (`sourceId`) REFERENCES `craft_elements` (`id`) ON DELETE CASCADE,
	ADD CONSTRAINT `craft_relations_sourceLocale_fk` FOREIGN KEY (`sourceLocale`) REFERENCES `craft_locales` (`locale`) ON DELETE CASCADE ON UPDATE CASCADE,
	ADD CONSTRAINT `craft_relations_targetId_fk` FOREIGN KEY (`targetId`) REFERENCES `craft_elements` (`id`) ON DELETE CASCADE;

--
-- Constraints for table `craft_routes`
--
ALTER TABLE `craft_routes`
	ADD CONSTRAINT `craft_routes_locale_fk` FOREIGN KEY (`locale`) REFERENCES `craft_locales` (`locale`) ON DELETE CASCADE ON UPDATE CASCADE;

--
-- Constraints for table `craft_sections`
--
ALTER TABLE `craft_sections`
	ADD CONSTRAINT `craft_sections_structureId_fk` FOREIGN KEY (`structureId`) REFERENCES `craft_structures` (`id`) ON DELETE SET NULL;

--
-- Constraints for table `craft_sections_i18n`
--
ALTER TABLE `craft_sections_i18n`
	ADD CONSTRAINT `craft_sections_i18n_locale_fk` FOREIGN KEY (`locale`) REFERENCES `craft_locales` (`locale`) ON DELETE CASCADE ON UPDATE CASCADE,
	ADD CONSTRAINT `craft_sections_i18n_sectionId_fk` FOREIGN KEY (`sectionId`) REFERENCES `craft_sections` (`id`) ON DELETE CASCADE;

--
-- Constraints for table `craft_sessions`
--
ALTER TABLE `craft_sessions`
	ADD CONSTRAINT `craft_sessions_userId_fk` FOREIGN KEY (`userId`) REFERENCES `craft_users` (`id`) ON DELETE CASCADE;

--
-- Constraints for table `craft_shunnedmessages`
--
ALTER TABLE `craft_shunnedmessages`
	ADD CONSTRAINT `craft_shunnedmessages_userId_fk` FOREIGN KEY (`userId`) REFERENCES `craft_users` (`id`) ON DELETE CASCADE;

--
-- Constraints for table `craft_structureelements`
--
ALTER TABLE `craft_structureelements`
	ADD CONSTRAINT `craft_structureelements_elementId_fk` FOREIGN KEY (`elementId`) REFERENCES `craft_elements` (`id`) ON DELETE CASCADE,
	ADD CONSTRAINT `craft_structureelements_structureId_fk` FOREIGN KEY (`structureId`) REFERENCES `craft_structures` (`id`) ON DELETE CASCADE;

--
-- Constraints for table `craft_taggroups`
--
ALTER TABLE `craft_taggroups`
	ADD CONSTRAINT `craft_taggroups_fieldLayoutId_fk` FOREIGN KEY (`fieldLayoutId`) REFERENCES `craft_fieldlayouts` (`id`) ON DELETE SET NULL;

--
-- Constraints for table `craft_tags`
--
ALTER TABLE `craft_tags`
	ADD CONSTRAINT `craft_tags_groupId_fk` FOREIGN KEY (`groupId`) REFERENCES `craft_taggroups` (`id`) ON DELETE CASCADE,
	ADD CONSTRAINT `craft_tags_id_fk` FOREIGN KEY (`id`) REFERENCES `craft_elements` (`id`) ON DELETE CASCADE;

--
-- Constraints for table `craft_templatecachecriteria`
--
ALTER TABLE `craft_templatecachecriteria`
	ADD CONSTRAINT `craft_templatecachecriteria_cacheId_fk` FOREIGN KEY (`cacheId`) REFERENCES `craft_templatecaches` (`id`) ON DELETE CASCADE;

--
-- Constraints for table `craft_templatecacheelements`
--
ALTER TABLE `craft_templatecacheelements`
	ADD CONSTRAINT `craft_templatecacheelements_cacheId_fk` FOREIGN KEY (`cacheId`) REFERENCES `craft_templatecaches` (`id`) ON DELETE CASCADE,
	ADD CONSTRAINT `craft_templatecacheelements_elementId_fk` FOREIGN KEY (`elementId`) REFERENCES `craft_elements` (`id`) ON DELETE CASCADE;

--
-- Constraints for table `craft_templatecaches`
--
ALTER TABLE `craft_templatecaches`
	ADD CONSTRAINT `craft_templatecaches_locale_fk` FOREIGN KEY (`locale`) REFERENCES `craft_locales` (`locale`) ON DELETE CASCADE ON UPDATE CASCADE;

--
-- Constraints for table `craft_usergroups_users`
--
ALTER TABLE `craft_usergroups_users`
	ADD CONSTRAINT `craft_usergroups_users_groupId_fk` FOREIGN KEY (`groupId`) REFERENCES `craft_usergroups` (`id`) ON DELETE CASCADE,
	ADD CONSTRAINT `craft_usergroups_users_userId_fk` FOREIGN KEY (`userId`) REFERENCES `craft_users` (`id`) ON DELETE CASCADE;

--
-- Constraints for table `craft_userpermissions_usergroups`
--
ALTER TABLE `craft_userpermissions_usergroups`
	ADD CONSTRAINT `craft_userpermissions_usergroups_groupId_fk` FOREIGN KEY (`groupId`) REFERENCES `craft_usergroups` (`id`) ON DELETE CASCADE,
	ADD CONSTRAINT `craft_userpermissions_usergroups_permissionId_fk` FOREIGN KEY (`permissionId`) REFERENCES `craft_userpermissions` (`id`) ON DELETE CASCADE;

--
-- Constraints for table `craft_userpermissions_users`
--
ALTER TABLE `craft_userpermissions_users`
	ADD CONSTRAINT `craft_userpermissions_users_permissionId_fk` FOREIGN KEY (`permissionId`) REFERENCES `craft_userpermissions` (`id`) ON DELETE CASCADE,
	ADD CONSTRAINT `craft_userpermissions_users_userId_fk` FOREIGN KEY (`userId`) REFERENCES `craft_users` (`id`) ON DELETE CASCADE;

--
-- Constraints for table `craft_users`
--
ALTER TABLE `craft_users`
	ADD CONSTRAINT `craft_users_id_fk` FOREIGN KEY (`id`) REFERENCES `craft_elements` (`id`) ON DELETE CASCADE,
	ADD CONSTRAINT `craft_users_preferredLocale_fk` FOREIGN KEY (`preferredLocale`) REFERENCES `craft_locales` (`locale`) ON DELETE SET NULL ON UPDATE CASCADE;

--
-- Constraints for table `craft_widgets`
--
ALTER TABLE `craft_widgets`
	ADD CONSTRAINT `craft_widgets_userId_fk` FOREIGN KEY (`userId`) REFERENCES `craft_users` (`id`) ON DELETE CASCADE;

SET FOREIGN_KEY_CHECKS = 1;
